응답일시,참여자,사업장 명을 알려주세요(*),오늘의 날짜를 입력해주세요(*),아래 내용은 26년도 폭염 대비 노동자 건강보호를 강화하라는 고용노동부 지침입니다. 해당 내용 꼼꼼히 확인 부탁드립니다.(*),금일 측정하신 사업장의 '체감'온도는 몇 도인가요? (함께 첨부드린 체크리스트 메뉴얼 참고)(*),금일 사업장 지역에 기상청 폭염 특보가 발표되었나요?(*),[★ 예방조치] 금일 현장에서 실시한 예방 조치를 모두 선택하세요.(*),★ 금일 체감온도 35도 이상인 사업장만★ 조치 사항을 선택해주세요 (※ 체감온도 35도 미만 시 해당없음 선택)(*),★ 금일 체감온도 38도 이상인 사업장만 ★ 조치사항을 선택해주세요 (※ 체감온도 38도 미만 시 해당없음 선택)(*),"현장에 비치된 깨끗한 물, 이온음료, 식염 포도당 등 섭취 주의사항 확인여부 및 제공 방식 선택해주세요(*)","사업장 내 온열질환 민감군과 관리방법에 대해 이해하고, 실제 실행하고 계신가요?(*)",온열질환 징후 및 증상에 대해 이해하고 계신가요??(*),온열질환 응급조치에 대해 이해 및 숙지하셨나요?(*),온열질환 예방 관련 기타 점검 사항을 기록해주시기 바랍니다.
2026-05-22 18:44,1,화성동탄인규베이팅센터,2026-05-22,꼼꼼히 읽어보았고 해당 내용 확인하였음,24,해당 사항 없음,무더위 시간대(14~17시) 사이에 실외 작업을 되도록 하지 않았음,해당 사항 없음,해당없음,지급하고 있지 않음,모르겠음,이해함,이해함,수시 공지. 체크
2026-05-25 9:00,2,쿠팡 부천1FC,2026-05-25,꼼꼼히 읽어보았고 해당 내용 확인하였음,30.9,해당 사항 없음,"현장 내 온습도계를 비치하여 매시간 체감온도를 확인하고 근로자에게 전파하고 있음|금일 온열질환 예방 교육을 실시함 (TBM 혹은 별도 교육)|현장에 <온열질환 예방 수칙 OPS> 게시함|깨끗하고 시원한 물, 이온음료, 식염포도당 등을 작업장 인근에 상시 비치함|햇볕을 차단할 수 있는 그늘막 및 휴게공간을 제공함|체감온도 33℃ 이상이 되는 작업장소에서 폭염작업을 하는 경우 매 2시간 이내 20분 이상의 휴식을 취하도록 함 (1시간마다 10분 이상의 휴식을 부여하는 것도 가능)|실내, 옥외 작업 시 냉방장치를 설치 및 가동 중임|근로자 중 온열질환 민감군(※ 신규 배치자, 과거 온열질환 경력자, 고령자, 뇌심혈관질환자, 고·저혈압환자, 당뇨질환자, 신장질환자, 음주자, 장애인 등)을 파악하여 관리하고 있음|응급상황 대비 비상연락망을 구축하고, 인근 의료기관 및 구급차 진입로를 사전에 파악하고 있음",해당 사항 없음,열사병 등 온열질환 민감군에 대하여 옥외작업 제한,"섭취 주의사항 확인하였으며, 대용량 식염포도당 비치함",이해하였으며 관리 중임,이해함,이해함,
2026-05-25 9:28,3,쿠팡 부천1FC,2026-05-25,꼼꼼히 읽어보았고 해당 내용 확인하였음,31,해당 사항 없음,"현장 내 온습도계를 비치하여 매시간 체감온도를 확인하고 근로자에게 전파하고 있음|금일 온열질환 예방 교육을 실시함 (TBM 혹은 별도 교육)|현장에 <온열질환 예방 수칙 OPS> 게시함|깨끗하고 시원한 물, 이온음료, 식염포도당 등을 작업장 인근에 상시 비치함|햇볕을 차단할 수 있는 그늘막 및 휴게공간을 제공함|체감온도 33℃ 이상이 되는 작업장소에서 폭염작업을 하는 경우 매 2시간 이내 20분 이상의 휴식을 취하도록 함 (1시간마다 10분 이상의 휴식을 부여하는 것도 가능)|실내, 옥외 작업 시 냉방장치를 설치 및 가동 중임|근로자 중 온열질환 민감군(※ 신규 배치자, 과거 온열질환 경력자, 고령자, 뇌심혈관질환자, 고·저혈압환자, 당뇨질환자, 신장질환자, 음주자, 장애인 등)을 파악하여 관리하고 있음|응급상황 대비 비상연락망을 구축하고, 인근 의료기관 및 구급차 진입로를 사전에 파악하고 있음",해당 사항 없음,해당없음,"섭취 주의사항 확인하였으며, 대용량 식염포도당 비치함",이해하였으며 관리 중임,이해함,이해함,
2026-05-26 9:35,4,비엠더블유 안성물류,2026-05-26,꼼꼼히 읽어보았고 해당 내용 확인하였음,23.7,해당 사항 없음,"현장 내 온습도계를 비치하여 매시간 체감온도를 확인하고 근로자에게 전파하고 있음|금일 온열질환 예방 교육을 실시함 (TBM 혹은 별도 교육)|현장에 <온열질환 예방 수칙 OPS> 게시함|깨끗하고 시원한 물, 이온음료, 식염포도당 등을 작업장 인근에 상시 비치함|햇볕을 차단할 수 있는 그늘막 및 휴게공간을 제공함|체감온도 33℃ 이상이 되는 작업장소에서 폭염작업을 하는 경우 매 2시간 이내 20분 이상의 휴식을 취하도록 함 (1시간마다 10분 이상의 휴식을 부여하는 것도 가능)|무더위 시간대(14~17시) 사이에 실외 작업을 되도록 하지 않았음|실내, 옥외 작업 시 냉방장치를 설치 및 가동 중임|근로자에게 쿨토시, 아이스 조끼 등 냉감용품을 지급함",해당 사항 없음,해당없음,"섭취 주의사항 확인하였으며, 대용량 식염포도당 비치함",이해하였으며 관리 중임,이해함,이해함,1. 근로자 대상 온열질환 예방수칙 교육실시 및 관리대상 선정 2. 하절기 급격한 온도상승에 대비 휴식시간 준수 3. 수분 보충을 위한 정수기 음료 상태점검4. 온열환자 발생시 보고체계 확립
2026-05-26 9:40,5,쿠팡 안성8FC,2026-05-26,꼼꼼히 읽어보았고 해당 내용 확인하였음,24,해당 사항 없음,"현장 내 온습도계를 비치하여 매시간 체감온도를 확인하고 근로자에게 전파하고 있음|금일 온열질환 예방 교육을 실시함 (TBM 혹은 별도 교육)|현장에 <온열질환 예방 수칙 OPS> 게시함|깨끗하고 시원한 물, 이온음료, 식염포도당 등을 작업장 인근에 상시 비치함|햇볕을 차단할 수 있는 그늘막 및 휴게공간을 제공함|체감온도 33℃ 이상이 되는 작업장소에서 폭염작업을 하는 경우 매 2시간 이내 20분 이상의 휴식을 취하도록 함 (1시간마다 10분 이상의 휴식을 부여하는 것도 가능)",해당 사항 없음,해당없음,"섭취 주의사항 확인하였으며, 대용량 식염포도당 비치함",이해하였으며 관리 중임,이해함,이해함,
2026-05-26 10:04,6,경주 교원드림센터,2026-05-26,꼼꼼히 읽어보았고 해당 내용 확인하였음,27,해당 사항 없음,"현장 내 온습도계를 비치하여 매시간 체감온도를 확인하고 근로자에게 전파하고 있음|금일 온열질환 예방 교육을 실시함 (TBM 혹은 별도 교육)|현장에 <온열질환 예방 수칙 OPS> 게시함|깨끗하고 시원한 물, 이온음료, 식염포도당 등을 작업장 인근에 상시 비치함|햇볕을 차단할 수 있는 그늘막 및 휴게공간을 제공함|체감온도 33℃ 이상이 되는 작업장소에서 폭염작업을 하는 경우 매 2시간 이내 20분 이상의 휴식을 취하도록 함 (1시간마다 10분 이상의 휴식을 부여하는 것도 가능)|무더위 시간대(14~17시) 사이에 실외 작업을 되도록 하지 않았음|실내, 옥외 작업 시 냉방장치를 설치 및 가동 중임|근로자 중 온열질환 민감군(※ 신규 배치자, 과거 온열질환 경력자, 고령자, 뇌심혈관질환자, 고·저혈압환자, 당뇨질환자, 신장질환자, 음주자, 장애인 등)을 파악하여 관리하고 있음|2인 1조  작업을 통해 근로자 간 상호 건강 상태를 수시로 확인하도록 하고 있음|응급상황 대비 비상연락망을 구축하고, 인근 의료기관 및 구급차 진입로를 사전에 파악하고 있음",해당 사항 없음,해당없음,지급하고 있지 않음,이해하였으며 관리 중임,이해함,이해함,
2026-05-26 10:41,7,서울보증,2026-05-26,꼼꼼히 읽어보았고 해당 내용 확인하였음,26,해당 사항 없음,"현장 내 온습도계를 비치하여 매시간 체감온도를 확인하고 근로자에게 전파하고 있음|금일 온열질환 예방 교육을 실시함 (TBM 혹은 별도 교육)|현장에 <온열질환 예방 수칙 OPS> 게시함|깨끗하고 시원한 물, 이온음료, 식염포도당 등을 작업장 인근에 상시 비치함|햇볕을 차단할 수 있는 그늘막 및 휴게공간을 제공함|체감온도 33℃ 이상이 되는 작업장소에서 폭염작업을 하는 경우 매 2시간 이내 20분 이상의 휴식을 취하도록 함 (1시간마다 10분 이상의 휴식을 부여하는 것도 가능)|무더위 시간대(14~17시) 사이에 실외 작업을 되도록 하지 않았음|실내, 옥외 작업 시 냉방장치를 설치 및 가동 중임|근로자에게 쿨토시, 아이스 조끼 등 냉감용품을 지급함|근로자 중 온열질환 민감군(※ 신규 배치자, 과거 온열질환 경력자, 고령자, 뇌심혈관질환자, 고·저혈압환자, 당뇨질환자, 신장질환자, 음주자, 장애인 등)을 파악하여 관리하고 있음|2인 1조  작업을 통해 근로자 간 상호 건강 상태를 수시로 확인하도록 하고 있음|응급상황 대비 비상연락망을 구축하고, 인근 의료기관 및 구급차 진입로를 사전에 파악하고 있음",해당 사항 없음,해당없음,지급하고 있지 않음,이해하였으며 관리 중임,이해함,이해함,
2026-05-26 11:11,8,나라키움 대전통합청사,2026-05-26,꼼꼼히 읽어보았고 해당 내용 확인하였음,26.2,해당 사항 없음,"현장에 <온열질환 예방 수칙 OPS> 게시함|깨끗하고 시원한 물, 이온음료, 식염포도당 등을 작업장 인근에 상시 비치함|2인 1조  작업을 통해 근로자 간 상호 건강 상태를 수시로 확인하도록 하고 있음",해당 사항 없음,해당없음,"깨끗한 물 항상 제공하고 있음, 이외 필요시 구매하여 제공하고 있음",이해하였으며 관리 중임,이해함,이해함,온열질환 발생시에 충분한 휴식시간을 제공함
2026-05-26 11:18,9,"쿠팡 대구 1,2,6센터",2026-05-26,꼼꼼히 읽어보았고 해당 내용 확인하였음,27.4,해당 사항 없음,"현장에 <온열질환 예방 수칙 OPS> 게시함|햇볕을 차단할 수 있는 그늘막 및 휴게공간을 제공함|무더위 시간대(14~17시) 사이에 실외 작업을 되도록 하지 않았음|응급상황 대비 비상연락망을 구축하고, 인근 의료기관 및 구급차 진입로를 사전에 파악하고 있음",해당 사항 없음,해당없음,지급하고 있지 않음,이해하였으며 관리 중임,이해함,이해함,미화팀 휴게실 냉방기 고장 유무 확인
2026-05-26 11:39,10,인하대병원,2026-05-26,꼼꼼히 읽어보았고 해당 내용 확인하였음,28.2,해당 사항 없음,"현장 내 온습도계를 비치하여 매시간 체감온도를 확인하고 근로자에게 전파하고 있음|현장에 <온열질환 예방 수칙 OPS> 게시함|깨끗하고 시원한 물, 이온음료, 식염포도당 등을 작업장 인근에 상시 비치함|햇볕을 차단할 수 있는 그늘막 및 휴게공간을 제공함|체감온도 33℃ 이상이 되는 작업장소에서 폭염작업을 하는 경우 매 2시간 이내 20분 이상의 휴식을 취하도록 함 (1시간마다 10분 이상의 휴식을 부여하는 것도 가능)|무더위 시간대(14~17시) 사이에 실외 작업을 되도록 하지 않았음|실내, 옥외 작업 시 냉방장치를 설치 및 가동 중임|근로자에게 쿨토시, 아이스 조끼 등 냉감용품을 지급함|근로자 중 온열질환 민감군(※ 신규 배치자, 과거 온열질환 경력자, 고령자, 뇌심혈관질환자, 고·저혈압환자, 당뇨질환자, 신장질환자, 음주자, 장애인 등)을 파악하여 관리하고 있음|2인 1조  작업을 통해 근로자 간 상호 건강 상태를 수시로 확인하도록 하고 있음|응급상황 대비 비상연락망을 구축하고, 인근 의료기관 및 구급차 진입로를 사전에 파악하고 있음",해당 사항 없음,해당없음,지급하고 있지 않음,이해하였으며 관리 중임,이해함,이해함,이상없음
2026-05-26 11:43,11,가든5툴 백상코퍼레이션,2026-05-26,꼼꼼히 읽어보았고 해당 내용 확인하였음,28.5,해당 사항 없음,"현장에 <온열질환 예방 수칙 OPS> 게시함|햇볕을 차단할 수 있는 그늘막 및 휴게공간을 제공함|응급상황 대비 비상연락망을 구축하고, 인근 의료기관 및 구급차 진입로를 사전에 파악하고 있음",해당 사항 없음,해당없음,지급하고 있지 않음,이해하였으며 관리 중임,이해함,이해함,네
2026-05-26 11:49,12,"쿠팡 경산 1, 2센터",2026-05-26,꼼꼼히 읽어보았고 해당 내용 확인하였음,29.1,해당 사항 없음,"현장 내 온습도계를 비치하여 매시간 체감온도를 확인하고 근로자에게 전파하고 있음|금일 온열질환 예방 교육을 실시함 (TBM 혹은 별도 교육)|현장에 <온열질환 예방 수칙 OPS> 게시함|깨끗하고 시원한 물, 이온음료, 식염포도당 등을 작업장 인근에 상시 비치함|햇볕을 차단할 수 있는 그늘막 및 휴게공간을 제공함|체감온도 33℃ 이상이 되는 작업장소에서 폭염작업을 하는 경우 매 2시간 이내 20분 이상의 휴식을 취하도록 함 (1시간마다 10분 이상의 휴식을 부여하는 것도 가능)|무더위 시간대(14~17시) 사이에 실외 작업을 되도록 하지 않았음|실내, 옥외 작업 시 냉방장치를 설치 및 가동 중임|근로자에게 쿨토시, 아이스 조끼 등 냉감용품을 지급함|근로자 중 온열질환 민감군(※ 신규 배치자, 과거 온열질환 경력자, 고령자, 뇌심혈관질환자, 고·저혈압환자, 당뇨질환자, 신장질환자, 음주자, 장애인 등)을 파악하여 관리하고 있음|2인 1조  작업을 통해 근로자 간 상호 건강 상태를 수시로 확인하도록 하고 있음|응급상황 대비 비상연락망을 구축하고, 인근 의료기관 및 구급차 진입로를 사전에 파악하고 있음|온열질환에 대한 교육 진행 함.",해당 사항 없음,해당없음,지급하고 있지 않음,이해하였으며 관리 중임,이해함,이해함,
2026-05-26 12:02,13,가든5툴 백상코퍼레이션,2026-05-26,꼼꼼히 읽어보았고 해당 내용 확인하였음,28.5,해당 사항 없음,금일 온열질환 예방 교육을 실시함 (TBM 혹은 별도 교육)|현장에 <온열질환 예방 수칙 OPS> 게시함,해당 사항 없음,해당없음,지급하고 있지 않음,이해하였으며 관리 중임,이해함,이해함,네
2026-05-26 12:49,14,한남동 청암빌딩,2026-05-26,꼼꼼히 읽어보았고 해당 내용 확인하였음,27,해당 사항 없음,"현장 내 온습도계를 비치하여 매시간 체감온도를 확인하고 근로자에게 전파하고 있음|무더위 시간대(14~17시) 사이에 실외 작업을 되도록 하지 않았음|근로자 중 온열질환 민감군(※ 신규 배치자, 과거 온열질환 경력자, 고령자, 뇌심혈관질환자, 고·저혈압환자, 당뇨질환자, 신장질환자, 음주자, 장애인 등)을 파악하여 관리하고 있음|2인 1조  작업을 통해 근로자 간 상호 건강 상태를 수시로 확인하도록 하고 있음",해당 사항 없음,해당없음,정수기에서 깨끗한 물 공급,이해하였으며 관리 중임,이해함,이해함,
2026-05-26 12:52,15,동탄lh스마트주차장,2026-05-26,꼼꼼히 읽어보았고 해당 내용 확인하였음,29,해당 사항 없음,"금일 온열질환 예방 교육을 실시함 (TBM 혹은 별도 교육)|깨끗하고 시원한 물, 이온음료, 식염포도당 등을 작업장 인근에 상시 비치함",해당 사항 없음,해당없음,지급하고 있지 않음,이해하였으며 관리 중임,이해함,이해함,
2026-05-26 12:58,16,한국교직원공제회,2026-05-26,꼼꼼히 읽어보았고 해당 내용 확인하였음,28.5,해당 사항 없음,"금일 온열질환 예방 교육을 실시함 (TBM 혹은 별도 교육)|깨끗하고 시원한 물, 이온음료, 식염포도당 등을 작업장 인근에 상시 비치함|햇볕을 차단할 수 있는 그늘막 및 휴게공간을 제공함|체감온도 33℃ 이상이 되는 작업장소에서 폭염작업을 하는 경우 매 2시간 이내 20분 이상의 휴식을 취하도록 함 (1시간마다 10분 이상의 휴식을 부여하는 것도 가능)|무더위 시간대(14~17시) 사이에 실외 작업을 되도록 하지 않았음|실내, 옥외 작업 시 냉방장치를 설치 및 가동 중임|근로자에게 쿨토시, 아이스 조끼 등 냉감용품을 지급함|근로자 중 온열질환 민감군(※ 신규 배치자, 과거 온열질환 경력자, 고령자, 뇌심혈관질환자, 고·저혈압환자, 당뇨질환자, 신장질환자, 음주자, 장애인 등)을 파악하여 관리하고 있음|2인 1조  작업을 통해 근로자 간 상호 건강 상태를 수시로 확인하도록 하고 있음|응급상황 대비 비상연락망을 구축하고, 인근 의료기관 및 구급차 진입로를 사전에 파악하고 있음",해당 사항 없음,해당없음,지급하고 있지 않음,이해하였으며 관리 중임,이해함,이해함,
2026-05-26 13:00,17,뉴파워프라즈마 마곡 신기술센ㄴ터,2026-05-26,꼼꼼히 읽어보았고 해당 내용 확인하였음,29,해당 사항 없음,"금일 온열질환 예방 교육을 실시함 (TBM 혹은 별도 교육)|현장에 <온열질환 예방 수칙 OPS> 게시함|햇볕을 차단할 수 있는 그늘막 및 휴게공간을 제공함|체감온도 33℃ 이상이 되는 작업장소에서 폭염작업을 하는 경우 매 2시간 이내 20분 이상의 휴식을 취하도록 함 (1시간마다 10분 이상의 휴식을 부여하는 것도 가능)|무더위 시간대(14~17시) 사이에 실외 작업을 되도록 하지 않았음|실내, 옥외 작업 시 냉방장치를 설치 및 가동 중임|근로자에게 쿨토시, 아이스 조끼 등 냉감용품을 지급함|근로자 중 온열질환 민감군(※ 신규 배치자, 과거 온열질환 경력자, 고령자, 뇌심혈관질환자, 고·저혈압환자, 당뇨질환자, 신장질환자, 음주자, 장애인 등)을 파악하여 관리하고 있음|응급상황 대비 비상연락망을 구축하고, 인근 의료기관 및 구급차 진입로를 사전에 파악하고 있음",해당 사항 없음,해당없음,지급하고 있지 않음,이해하였으며 관리 중임,이해함,이해함,
2026-05-26 13:02,18,LG에너지솔루션 과천R&D캠퍼스,2026-05-26,꼼꼼히 읽어보았고 해당 내용 확인하였음,28,해당 사항 없음,"현장 내 온습도계를 비치하여 매시간 체감온도를 확인하고 근로자에게 전파하고 있음|금일 온열질환 예방 교육을 실시함 (TBM 혹은 별도 교육)|현장에 <온열질환 예방 수칙 OPS> 게시함|햇볕을 차단할 수 있는 그늘막 및 휴게공간을 제공함|실내, 옥외 작업 시 냉방장치를 설치 및 가동 중임|응급상황 대비 비상연락망을 구축하고, 인근 의료기관 및 구급차 진입로를 사전에 파악하고 있음",해당 사항 없음,해당없음,지급하고 있지 않음,이해하였으며 관리 중임,이해함,이해함,
2026-05-26 13:07,19,남대문자유상가,2026-05-26,꼼꼼히 읽어보았고 해당 내용 확인하였음,27.2,해당 사항 없음,"현장 내 온습도계를 비치하여 매시간 체감온도를 확인하고 근로자에게 전파하고 있음|금일 온열질환 예방 교육을 실시함 (TBM 혹은 별도 교육)|현장에 <온열질환 예방 수칙 OPS> 게시함|깨끗하고 시원한 물, 이온음료, 식염포도당 등을 작업장 인근에 상시 비치함|햇볕을 차단할 수 있는 그늘막 및 휴게공간을 제공함|체감온도 33℃ 이상이 되는 작업장소에서 폭염작업을 하는 경우 매 2시간 이내 20분 이상의 휴식을 취하도록 함 (1시간마다 10분 이상의 휴식을 부여하는 것도 가능)|무더위 시간대(14~17시) 사이에 실외 작업을 되도록 하지 않았음|실내, 옥외 작업 시 냉방장치를 설치 및 가동 중임|근로자 중 온열질환 민감군(※ 신규 배치자, 과거 온열질환 경력자, 고령자, 뇌심혈관질환자, 고·저혈압환자, 당뇨질환자, 신장질환자, 음주자, 장애인 등)을 파악하여 관리하고 있음|2인 1조  작업을 통해 근로자 간 상호 건강 상태를 수시로 확인하도록 하고 있음|응급상황 대비 비상연락망을 구축하고, 인근 의료기관 및 구급차 진입로를 사전에 파악하고 있음",해당 사항 없음,해당없음,지급하고 있지 않음,이해하였으며 관리 중임,이해함,이해함,
2026-05-26 13:13,20,KB증권대구,2026-05-26,꼼꼼히 읽어보았고 해당 내용 확인하였음,29.1,해당 사항 없음,현장에 <온열질환 예방 수칙 OPS> 게시함|무더위 시간대(14~17시) 사이에 실외 작업을 되도록 하지 않았음,해당 사항 없음,해당없음,지급하고 있지 않음,이해하였으며 관리 중임,이해함,이해함,
2026-05-26 13:15,21,"분당퍼스트타워, 백상코퍼레이션",2026-05-26,꼼꼼히 읽어보았고 해당 내용 확인하였음,28,해당 사항 없음,햇볕을 차단할 수 있는 그늘막 및 휴게공간을 제공함|체감온도 33℃ 이상이 되는 작업장소에서 폭염작업을 하는 경우 매 2시간 이내 20분 이상의 휴식을 취하도록 함 (1시간마다 10분 이상의 휴식을 부여하는 것도 가능)|무더위 시간대(14~17시) 사이에 실외 작업을 되도록 하지 않았음|2인 1조  작업을 통해 근로자 간 상호 건강 상태를 수시로 확인하도록 하고 있음,해당 사항 없음,해당없음,지급하고 있지 않음,이해하였으며 관리 중임,이해함,이해함,
2026-05-26 13:17,22,KB증권 대치사옥,2026-05-26,꼼꼼히 읽어보았고 해당 내용 확인하였음,28.9,해당 사항 없음,"금일 온열질환 예방 교육을 실시함 (TBM 혹은 별도 교육)|현장에 <온열질환 예방 수칙 OPS> 게시함|근로자 중 온열질환 민감군(※ 신규 배치자, 과거 온열질환 경력자, 고령자, 뇌심혈관질환자, 고·저혈압환자, 당뇨질환자, 신장질환자, 음주자, 장애인 등)을 파악하여 관리하고 있음",해당 사항 없음,해당없음,지급하고 있지 않음,이해하였으며 관리 중임,이해함,이해함,식염포도당 또는 이온음료 구입
2026-05-26 13:17,23,여수 세이지우드,2026-05-26,꼼꼼히 읽어보았고 해당 내용 확인하였음,26.5,해당 사항 없음,"현장 내 온습도계를 비치하여 매시간 체감온도를 확인하고 근로자에게 전파하고 있음|금일 온열질환 예방 교육을 실시함 (TBM 혹은 별도 교육)|현장에 <온열질환 예방 수칙 OPS> 게시함|깨끗하고 시원한 물, 이온음료, 식염포도당 등을 작업장 인근에 상시 비치함|햇볕을 차단할 수 있는 그늘막 및 휴게공간을 제공함|체감온도 33℃ 이상이 되는 작업장소에서 폭염작업을 하는 경우 매 2시간 이내 20분 이상의 휴식을 취하도록 함 (1시간마다 10분 이상의 휴식을 부여하는 것도 가능)|무더위 시간대(14~17시) 사이에 실외 작업을 되도록 하지 않았음|실내, 옥외 작업 시 냉방장치를 설치 및 가동 중임|근로자에게 쿨토시, 아이스 조끼 등 냉감용품을 지급함|근로자 중 온열질환 민감군(※ 신규 배치자, 과거 온열질환 경력자, 고령자, 뇌심혈관질환자, 고·저혈압환자, 당뇨질환자, 신장질환자, 음주자, 장애인 등)을 파악하여 관리하고 있음|2인 1조  작업을 통해 근로자 간 상호 건강 상태를 수시로 확인하도록 하고 있음|응급상황 대비 비상연락망을 구축하고, 인근 의료기관 및 구급차 진입로를 사전에 파악하고 있음",해당 사항 없음,해당없음,"섭취 주의사항 확인하였으며, 대용량 식염포도당 비치함",이해하였으며 관리 중임,이해함,이해함,외부 근무자 전원 모자 지급 완료
2026-05-26 13:18,24,메리츠화재 부천사옥,2026-05-26,꼼꼼히 읽어보았고 해당 내용 확인하였음,29,해당 사항 없음,"현장 내 온습도계를 비치하여 매시간 체감온도를 확인하고 근로자에게 전파하고 있음|금일 온열질환 예방 교육을 실시함 (TBM 혹은 별도 교육)|현장에 <온열질환 예방 수칙 OPS> 게시함|깨끗하고 시원한 물, 이온음료, 식염포도당 등을 작업장 인근에 상시 비치함|햇볕을 차단할 수 있는 그늘막 및 휴게공간을 제공함|체감온도 33℃ 이상이 되는 작업장소에서 폭염작업을 하는 경우 매 2시간 이내 20분 이상의 휴식을 취하도록 함 (1시간마다 10분 이상의 휴식을 부여하는 것도 가능)|무더위 시간대(14~17시) 사이에 실외 작업을 되도록 하지 않았음|실내, 옥외 작업 시 냉방장치를 설치 및 가동 중임|근로자 중 온열질환 민감군(※ 신규 배치자, 과거 온열질환 경력자, 고령자, 뇌심혈관질환자, 고·저혈압환자, 당뇨질환자, 신장질환자, 음주자, 장애인 등)을 파악하여 관리하고 있음|2인 1조  작업을 통해 근로자 간 상호 건강 상태를 수시로 확인하도록 하고 있음|응급상황 대비 비상연락망을 구축하고, 인근 의료기관 및 구급차 진입로를 사전에 파악하고 있음",해당 사항 없음,해당없음,"섭취 주의사항 확인하였으며, 낱개형태의 식염포도당 혹은 분말형 이온음료 비치함",이해하였으며 관리 중임,이해함,이해함,
2026-05-26 13:23,25,성지하이츠1,2026-05-26,꼼꼼히 읽어보았고 해당 내용 확인하였음,27.8,해당 사항 없음,"금일 온열질환 예방 교육을 실시함 (TBM 혹은 별도 교육)|현장에 <온열질환 예방 수칙 OPS> 게시함|실내, 옥외 작업 시 냉방장치를 설치 및 가동 중임",해당 사항 없음,해당없음,지급하고 있지 않음,이해하였으며 관리 중임,이해함,이해함,
2026-05-26 13:23,26,한진인천국제물류센터,2026-05-26,꼼꼼히 읽어보았고 해당 내용 확인하였음,27.6,해당 사항 없음,"현장 내 온습도계를 비치하여 매시간 체감온도를 확인하고 근로자에게 전파하고 있음|금일 온열질환 예방 교육을 실시함 (TBM 혹은 별도 교육)|깨끗하고 시원한 물, 이온음료, 식염포도당 등을 작업장 인근에 상시 비치함|체감온도 33℃ 이상이 되는 작업장소에서 폭염작업을 하는 경우 매 2시간 이내 20분 이상의 휴식을 취하도록 함 (1시간마다 10분 이상의 휴식을 부여하는 것도 가능)|무더위 시간대(14~17시) 사이에 실외 작업을 되도록 하지 않았음|실내, 옥외 작업 시 냉방장치를 설치 및 가동 중임|근로자 중 온열질환 민감군(※ 신규 배치자, 과거 온열질환 경력자, 고령자, 뇌심혈관질환자, 고·저혈압환자, 당뇨질환자, 신장질환자, 음주자, 장애인 등)을 파악하여 관리하고 있음|2인 1조  작업을 통해 근로자 간 상호 건강 상태를 수시로 확인하도록 하고 있음",해당 사항 없음,해당없음,"섭취 주의사항 확인하였으며, 낱개형태의 식염포도당 혹은 분말형 이온음료 비치함",이해하였으며 관리 중임,이해함,이해함,
2026-05-26 13:40,27,LG시그니처 논현,2026-05-26,꼼꼼히 읽어보았고 해당 내용 확인하였음,28.7,해당 사항 없음,"실내, 옥외 작업 시 냉방장치를 설치 및 가동 중임|2인 1조  작업을 통해 근로자 간 상호 건강 상태를 수시로 확인하도록 하고 있음",해당 사항 없음,해당없음,정수기가 비치되어 있어 항시 깨끗한 물을 마실 수 있음,이해하였으며 관리 중임,이해함,이해함,네
2026-05-26 13:41,28,교직원공제회 여의도,2026-05-26,꼼꼼히 읽어보았고 해당 내용 확인하였음,28.5,해당 사항 없음,"금일 온열질환 예방 교육을 실시함 (TBM 혹은 별도 교육)|현장에 <온열질환 예방 수칙 OPS> 게시함|깨끗하고 시원한 물, 이온음료, 식염포도당 등을 작업장 인근에 상시 비치함|햇볕을 차단할 수 있는 그늘막 및 휴게공간을 제공함|체감온도 33℃ 이상이 되는 작업장소에서 폭염작업을 하는 경우 매 2시간 이내 20분 이상의 휴식을 취하도록 함 (1시간마다 10분 이상의 휴식을 부여하는 것도 가능)|무더위 시간대(14~17시) 사이에 실외 작업을 되도록 하지 않았음|실내, 옥외 작업 시 냉방장치를 설치 및 가동 중임|근로자에게 쿨토시, 아이스 조끼 등 냉감용품을 지급함|근로자 중 온열질환 민감군(※ 신규 배치자, 과거 온열질환 경력자, 고령자, 뇌심혈관질환자, 고·저혈압환자, 당뇨질환자, 신장질환자, 음주자, 장애인 등)을 파악하여 관리하고 있음|2인 1조  작업을 통해 근로자 간 상호 건강 상태를 수시로 확인하도록 하고 있음|응급상황 대비 비상연락망을 구축하고, 인근 의료기관 및 구급차 진입로를 사전에 파악하고 있음",해당 사항 없음,해당없음,지급하고 있지 않음,이해하였으며 관리 중임,이해함,이해함,
2026-05-26 13:44,29,GS타워,2026-05-26,꼼꼼히 읽어보았고 해당 내용 확인하였음,29,해당 사항 없음,"금일 온열질환 예방 교육을 실시함 (TBM 혹은 별도 교육)|깨끗하고 시원한 물, 이온음료, 식염포도당 등을 작업장 인근에 상시 비치함|체감온도 33℃ 이상이 되는 작업장소에서 폭염작업을 하는 경우 매 2시간 이내 20분 이상의 휴식을 취하도록 함 (1시간마다 10분 이상의 휴식을 부여하는 것도 가능)|무더위 시간대(14~17시) 사이에 실외 작업을 되도록 하지 않았음|근로자에게 쿨토시, 아이스 조끼 등 냉감용품을 지급함|근로자 중 온열질환 민감군(※ 신규 배치자, 과거 온열질환 경력자, 고령자, 뇌심혈관질환자, 고·저혈압환자, 당뇨질환자, 신장질환자, 음주자, 장애인 등)을 파악하여 관리하고 있음|2인 1조  작업을 통해 근로자 간 상호 건강 상태를 수시로 확인하도록 하고 있음|응급상황 대비 비상연락망을 구축하고, 인근 의료기관 및 구급차 진입로를 사전에 파악하고 있음",해당 사항 없음,해당없음,이온 음료나 시원한음료 제공,이해하였으며 관리 중임,이해함,이해함,항시 근로자와 소통하여 장시간 무더운 곳에서 근무를 자제하고 충분히 휴식을 취하도록 권장함.
2026-05-26 13:50,30,GS칼텍스 내곡,2026-05-26,꼼꼼히 읽어보았고 해당 내용 확인하였음,29.4,해당 사항 없음,"현장 내 온습도계를 비치하여 매시간 체감온도를 확인하고 근로자에게 전파하고 있음|금일 온열질환 예방 교육을 실시함 (TBM 혹은 별도 교육)|현장에 <온열질환 예방 수칙 OPS> 게시함|깨끗하고 시원한 물, 이온음료, 식염포도당 등을 작업장 인근에 상시 비치함|햇볕을 차단할 수 있는 그늘막 및 휴게공간을 제공함|체감온도 33℃ 이상이 되는 작업장소에서 폭염작업을 하는 경우 매 2시간 이내 20분 이상의 휴식을 취하도록 함 (1시간마다 10분 이상의 휴식을 부여하는 것도 가능)|무더위 시간대(14~17시) 사이에 실외 작업을 되도록 하지 않았음|실내, 옥외 작업 시 냉방장치를 설치 및 가동 중임|근로자에게 쿨토시, 아이스 조끼 등 냉감용품을 지급함|근로자 중 온열질환 민감군(※ 신규 배치자, 과거 온열질환 경력자, 고령자, 뇌심혈관질환자, 고·저혈압환자, 당뇨질환자, 신장질환자, 음주자, 장애인 등)을 파악하여 관리하고 있음|2인 1조  작업을 통해 근로자 간 상호 건강 상태를 수시로 확인하도록 하고 있음|응급상황 대비 비상연락망을 구축하고, 인근 의료기관 및 구급차 진입로를 사전에 파악하고 있음",해당 사항 없음,해당없음,"섭취 주의사항 확인하였으며, 대용량 식염포도당 비치함",이해하였으며 관리 중임,이해함,이해함,
2026-05-26 13:50,31,쿠팡 인천30fc,2026-05-26,꼼꼼히 읽어보았고 해당 내용 확인하였음,28.8,해당 사항 없음,"금일 온열질환 예방 교육을 실시함 (TBM 혹은 별도 교육)|현장에 <온열질환 예방 수칙 OPS> 게시함|깨끗하고 시원한 물, 이온음료, 식염포도당 등을 작업장 인근에 상시 비치함|햇볕을 차단할 수 있는 그늘막 및 휴게공간을 제공함|무더위 시간대(14~17시) 사이에 실외 작업을 되도록 하지 않았음|근로자 중 온열질환 민감군(※ 신규 배치자, 과거 온열질환 경력자, 고령자, 뇌심혈관질환자, 고·저혈압환자, 당뇨질환자, 신장질환자, 음주자, 장애인 등)을 파악하여 관리하고 있음|응급상황 대비 비상연락망을 구축하고, 인근 의료기관 및 구급차 진입로를 사전에 파악하고 있음",해당 사항 없음,해당없음,지급하고 있지 않음,이해하였으며 관리 중임,이해함,이해함,
2026-05-26 13:54,32,서울예대기숙사,2026-05-26,꼼꼼히 읽어보았고 해당 내용 확인하였음,26,해당 사항 없음,"현장 내 온습도계를 비치하여 매시간 체감온도를 확인하고 근로자에게 전파하고 있음|실내, 옥외 작업 시 냉방장치를 설치 및 가동 중임|응급상황 대비 비상연락망을 구축하고, 인근 의료기관 및 구급차 진입로를 사전에 파악하고 있음",해당 사항 없음,해당없음,지급하고 있지 않음,이해하였으며 관리 중임,이해함,이해함,특이사항 없음
2026-05-26 14:08,33,파인디지털,2026-05-26,꼼꼼히 읽어보았고 해당 내용 확인하였음,28.9,해당 사항 없음,"현장에 <온열질환 예방 수칙 OPS> 게시함|깨끗하고 시원한 물, 이온음료, 식염포도당 등을 작업장 인근에 상시 비치함|햇볕을 차단할 수 있는 그늘막 및 휴게공간을 제공함|실내, 옥외 작업 시 냉방장치를 설치 및 가동 중임|근로자 중 온열질환 민감군(※ 신규 배치자, 과거 온열질환 경력자, 고령자, 뇌심혈관질환자, 고·저혈압환자, 당뇨질환자, 신장질환자, 음주자, 장애인 등)을 파악하여 관리하고 있음|2인 1조  작업을 통해 근로자 간 상호 건강 상태를 수시로 확인하도록 하고 있음|응급상황 대비 비상연락망을 구축하고, 인근 의료기관 및 구급차 진입로를 사전에 파악하고 있음",해당 사항 없음,해당없음,"섭취 주의사항 확인하였으며, 낱개형태의 식염포도당 혹은 분말형 이온음료 비치함",이해하였으며 관리 중임,이해함,이해함,각 실별 냉방기(에어컨) 작동상태 점검
2026-05-26 14:12,34,쿠팡 부천1FC,2026-05-26,꼼꼼히 읽어보았고 해당 내용 확인하였음,30.3,해당 사항 없음,"현장 내 온습도계를 비치하여 매시간 체감온도를 확인하고 근로자에게 전파하고 있음|금일 온열질환 예방 교육을 실시함 (TBM 혹은 별도 교육)|깨끗하고 시원한 물, 이온음료, 식염포도당 등을 작업장 인근에 상시 비치함|실내, 옥외 작업 시 냉방장치를 설치 및 가동 중임|근로자 중 온열질환 민감군(※ 신규 배치자, 과거 온열질환 경력자, 고령자, 뇌심혈관질환자, 고·저혈압환자, 당뇨질환자, 신장질환자, 음주자, 장애인 등)을 파악하여 관리하고 있음|응급상황 대비 비상연락망을 구축하고, 인근 의료기관 및 구급차 진입로를 사전에 파악하고 있음",해당 사항 없음,해당없음,"섭취 주의사항 확인하였으며, 대용량 식염포도당 비치함",이해하였으며 관리 중임,이해함,이해함,"어지럼증,두통,구토 증세 여부 확인"
2026-05-26 14:16,35,LG에너지솔루션 과천R&D캠퍼스,2026-05-26,꼼꼼히 읽어보았고 해당 내용 확인하였음,28.8,해당 사항 없음,"현장 내 온습도계를 비치하여 매시간 체감온도를 확인하고 근로자에게 전파하고 있음|현장에 <온열질환 예방 수칙 OPS> 게시함|깨끗하고 시원한 물, 이온음료, 식염포도당 등을 작업장 인근에 상시 비치함|햇볕을 차단할 수 있는 그늘막 및 휴게공간을 제공함|체감온도 33℃ 이상이 되는 작업장소에서 폭염작업을 하는 경우 매 2시간 이내 20분 이상의 휴식을 취하도록 함 (1시간마다 10분 이상의 휴식을 부여하는 것도 가능)|무더위 시간대(14~17시) 사이에 실외 작업을 되도록 하지 않았음|실내, 옥외 작업 시 냉방장치를 설치 및 가동 중임|근로자 중 온열질환 민감군(※ 신규 배치자, 과거 온열질환 경력자, 고령자, 뇌심혈관질환자, 고·저혈압환자, 당뇨질환자, 신장질환자, 음주자, 장애인 등)을 파악하여 관리하고 있음|2인 1조  작업을 통해 근로자 간 상호 건강 상태를 수시로 확인하도록 하고 있음|응급상황 대비 비상연락망을 구축하고, 인근 의료기관 및 구급차 진입로를 사전에 파악하고 있음",해당 사항 없음,해당없음,지급하고 있지 않음,이해하였으며 관리 중임,이해함,이해함,
2026-05-26 14:37,36,국민은행 일산연수원,2026-05-26,꼼꼼히 읽어보았고 해당 내용 확인하였음,28,해당 사항 없음,"현장에 <온열질환 예방 수칙 OPS> 게시함|깨끗하고 시원한 물, 이온음료, 식염포도당 등을 작업장 인근에 상시 비치함",해당 사항 없음,해당없음,지급하고 있지 않음,이해하였으며 관리 중임,이해함,이해함,온열질환 예방 안내문 휴게실 게시함 . 작업중 온열질환 이나 신체 이상 발생시 작업중지 하고 현장대리인 또는 119 신고 하도록 교육함 .
2026-05-26 14:45,37,인천 Tw1 FC,2026-05-26,꼼꼼히 읽어보았고 해당 내용 확인하였음,26.4,해당 사항 없음,"금일 온열질환 예방 교육을 실시함 (TBM 혹은 별도 교육)|현장에 <온열질환 예방 수칙 OPS> 게시함|깨끗하고 시원한 물, 이온음료, 식염포도당 등을 작업장 인근에 상시 비치함|햇볕을 차단할 수 있는 그늘막 및 휴게공간을 제공함|체감온도 33℃ 이상이 되는 작업장소에서 폭염작업을 하는 경우 매 2시간 이내 20분 이상의 휴식을 취하도록 함 (1시간마다 10분 이상의 휴식을 부여하는 것도 가능)|무더위 시간대(14~17시) 사이에 실외 작업을 되도록 하지 않았음|실내, 옥외 작업 시 냉방장치를 설치 및 가동 중임|근로자 중 온열질환 민감군(※ 신규 배치자, 과거 온열질환 경력자, 고령자, 뇌심혈관질환자, 고·저혈압환자, 당뇨질환자, 신장질환자, 음주자, 장애인 등)을 파악하여 관리하고 있음|2인 1조  작업을 통해 근로자 간 상호 건강 상태를 수시로 확인하도록 하고 있음|응급상황 대비 비상연락망을 구축하고, 인근 의료기관 및 구급차 진입로를 사전에 파악하고 있음",해당 사항 없음,해당없음,"섭취 주의사항 확인하였으며, 낱개형태의 식염포도당 혹은 분말형 이온음료 비치함",이해하였으며 관리 중임,이해함,이해함,
2026-05-26 14:47,38,성우빌딩,2026-05-26,꼼꼼히 읽어보았고 해당 내용 확인하였음,29,해당 사항 없음,"금일 온열질환 예방 교육을 실시함 (TBM 혹은 별도 교육)|현장에 <온열질환 예방 수칙 OPS> 게시함|체감온도 33℃ 이상이 되는 작업장소에서 폭염작업을 하는 경우 매 2시간 이내 20분 이상의 휴식을 취하도록 함 (1시간마다 10분 이상의 휴식을 부여하는 것도 가능)|무더위 시간대(14~17시) 사이에 실외 작업을 되도록 하지 않았음|실내, 옥외 작업 시 냉방장치를 설치 및 가동 중임|근로자 중 온열질환 민감군(※ 신규 배치자, 과거 온열질환 경력자, 고령자, 뇌심혈관질환자, 고·저혈압환자, 당뇨질환자, 신장질환자, 음주자, 장애인 등)을 파악하여 관리하고 있음|2인 1조  작업을 통해 근로자 간 상호 건강 상태를 수시로 확인하도록 하고 있음|응급상황 대비 비상연락망을 구축하고, 인근 의료기관 및 구급차 진입로를 사전에 파악하고 있음",해당 사항 없음,해당없음,지급하고 있지 않음,이해하였으며 관리 중임,이해함,이해함,
2026-05-26 14:50,39,쿠팡인천12FC,2026-05-26,꼼꼼히 읽어보았고 해당 내용 확인하였음,27.5,해당 사항 없음,"현장 내 온습도계를 비치하여 매시간 체감온도를 확인하고 근로자에게 전파하고 있음|금일 온열질환 예방 교육을 실시함 (TBM 혹은 별도 교육)|현장에 <온열질환 예방 수칙 OPS> 게시함|근로자 중 온열질환 민감군(※ 신규 배치자, 과거 온열질환 경력자, 고령자, 뇌심혈관질환자, 고·저혈압환자, 당뇨질환자, 신장질환자, 음주자, 장애인 등)을 파악하여 관리하고 있음|2인 1조  작업을 통해 근로자 간 상호 건강 상태를 수시로 확인하도록 하고 있음|응급상황 대비 비상연락망을 구축하고, 인근 의료기관 및 구급차 진입로를 사전에 파악하고 있음",해당 사항 없음,해당없음,지급하고 있지 않음,이해하였으며 관리 중임,이해함,이해함,전직원 혈압체크 실시함
2026-05-26 14:53,40,LG 사이언스파크 DP2,2026-05-26,꼼꼼히 읽어보았고 해당 내용 확인하였음,29,해당 사항 없음,"현장 내 온습도계를 비치하여 매시간 체감온도를 확인하고 근로자에게 전파하고 있음|금일 온열질환 예방 교육을 실시함 (TBM 혹은 별도 교육)|현장에 <온열질환 예방 수칙 OPS> 게시함|깨끗하고 시원한 물, 이온음료, 식염포도당 등을 작업장 인근에 상시 비치함|햇볕을 차단할 수 있는 그늘막 및 휴게공간을 제공함|체감온도 33℃ 이상이 되는 작업장소에서 폭염작업을 하는 경우 매 2시간 이내 20분 이상의 휴식을 취하도록 함 (1시간마다 10분 이상의 휴식을 부여하는 것도 가능)|무더위 시간대(14~17시) 사이에 실외 작업을 되도록 하지 않았음|실내, 옥외 작업 시 냉방장치를 설치 및 가동 중임|근로자에게 쿨토시, 아이스 조끼 등 냉감용품을 지급함|근로자 중 온열질환 민감군(※ 신규 배치자, 과거 온열질환 경력자, 고령자, 뇌심혈관질환자, 고·저혈압환자, 당뇨질환자, 신장질환자, 음주자, 장애인 등)을 파악하여 관리하고 있음|2인 1조  작업을 통해 근로자 간 상호 건강 상태를 수시로 확인하도록 하고 있음|응급상황 대비 비상연락망을 구축하고, 인근 의료기관 및 구급차 진입로를 사전에 파악하고 있음",해당 사항 없음,해당없음,"섭취 주의사항 확인하였으며, 낱개형태의 식염포도당 혹은 분말형 이온음료 비치함",이해하였으며 관리 중임,이해함,이해함,관리감독자로 하여금 매시간 온열질환자 여부 예방점검 실시
2026-05-26 14:55,41,교원성수빌딩,2026-05-26,꼼꼼히 읽어보았고 해당 내용 확인하였음,28.6,해당 사항 없음,"현장 내 온습도계를 비치하여 매시간 체감온도를 확인하고 근로자에게 전파하고 있음|깨끗하고 시원한 물, 이온음료, 식염포도당 등을 작업장 인근에 상시 비치함|햇볕을 차단할 수 있는 그늘막 및 휴게공간을 제공함|체감온도 33℃ 이상이 되는 작업장소에서 폭염작업을 하는 경우 매 2시간 이내 20분 이상의 휴식을 취하도록 함 (1시간마다 10분 이상의 휴식을 부여하는 것도 가능)|무더위 시간대(14~17시) 사이에 실외 작업을 되도록 하지 않았음|응급상황 대비 비상연락망을 구축하고, 인근 의료기관 및 구급차 진입로를 사전에 파악하고 있음",해당 사항 없음,해당없음,지급하고 있지 않음,이해하였으며 관리 중임,이해함,이해함,"높은 기온을 도달하고 습도가 높은날은 온열질환자가 발생치 않토록
적정한 휴게시간을 가지면서 업무에 임한다."
2026-05-26 15:09,42,현대차전주하이테크센터,2026-05-26,꼼꼼히 읽어보았고 해당 내용 확인하였음,27.4,해당 사항 없음,"현장 내 온습도계를 비치하여 매시간 체감온도를 확인하고 근로자에게 전파하고 있음|현장에 <온열질환 예방 수칙 OPS> 게시함|깨끗하고 시원한 물, 이온음료, 식염포도당 등을 작업장 인근에 상시 비치함|햇볕을 차단할 수 있는 그늘막 및 휴게공간을 제공함",해당 사항 없음,해당없음,현재 물만 제공하고 있음,이해하였으며 관리 중임,이해함,이해함,네
2026-05-26 15:10,43,아일렉스상가,2026-05-26,꼼꼼히 읽어보았고 해당 내용 확인하였음,34,해당 사항 없음,"현장 내 온습도계를 비치하여 매시간 체감온도를 확인하고 근로자에게 전파하고 있음|현장에 <온열질환 예방 수칙 OPS> 게시함|깨끗하고 시원한 물, 이온음료, 식염포도당 등을 작업장 인근에 상시 비치함|햇볕을 차단할 수 있는 그늘막 및 휴게공간을 제공함|체감온도 33℃ 이상이 되는 작업장소에서 폭염작업을 하는 경우 매 2시간 이내 20분 이상의 휴식을 취하도록 함 (1시간마다 10분 이상의 휴식을 부여하는 것도 가능)|무더위 시간대(14~17시) 사이에 실외 작업을 되도록 하지 않았음|근로자 중 온열질환 민감군(※ 신규 배치자, 과거 온열질환 경력자, 고령자, 뇌심혈관질환자, 고·저혈압환자, 당뇨질환자, 신장질환자, 음주자, 장애인 등)을 파악하여 관리하고 있음",해당 사항 없음,해당없음,지급하고 있지 않음,이해하였으며 관리 중임,이해함,이해함,무더위에 작업하지 않도록 주의하고 물 섭취 권장
2026-05-26 15:10,44,KB증권 남울,2026-05-26,꼼꼼히 읽어보았고 해당 내용 확인하였음,26,해당 사항 없음,"현장 내 온습도계를 비치하여 매시간 체감온도를 확인하고 근로자에게 전파하고 있음|금일 온열질환 예방 교육을 실시함 (TBM 혹은 별도 교육)|현장에 <온열질환 예방 수칙 OPS> 게시함|깨끗하고 시원한 물, 이온음료, 식염포도당 등을 작업장 인근에 상시 비치함|햇볕을 차단할 수 있는 그늘막 및 휴게공간을 제공함|체감온도 33℃ 이상이 되는 작업장소에서 폭염작업을 하는 경우 매 2시간 이내 20분 이상의 휴식을 취하도록 함 (1시간마다 10분 이상의 휴식을 부여하는 것도 가능)|무더위 시간대(14~17시) 사이에 실외 작업을 되도록 하지 않았음|실내, 옥외 작업 시 냉방장치를 설치 및 가동 중임|근로자에게 쿨토시, 아이스 조끼 등 냉감용품을 지급함|근로자 중 온열질환 민감군(※ 신규 배치자, 과거 온열질환 경력자, 고령자, 뇌심혈관질환자, 고·저혈압환자, 당뇨질환자, 신장질환자, 음주자, 장애인 등)을 파악하여 관리하고 있음|2인 1조  작업을 통해 근로자 간 상호 건강 상태를 수시로 확인하도록 하고 있음|응급상황 대비 비상연락망을 구축하고, 인근 의료기관 및 구급차 진입로를 사전에 파악하고 있음",해당 사항 없음,해당없음,"얼음물 제공,",이해하였으며 관리 중임,이해함,이해함,온열질환 예방 일일체크리스트 작성함
2026-05-26 15:11,45,CK106,2026-05-26,꼼꼼히 읽어보았고 해당 내용 확인하였음,28.6,해당 사항 없음,"금일 온열질환 예방 교육을 실시함 (TBM 혹은 별도 교육)|현장에 <온열질환 예방 수칙 OPS> 게시함|깨끗하고 시원한 물, 이온음료, 식염포도당 등을 작업장 인근에 상시 비치함|햇볕을 차단할 수 있는 그늘막 및 휴게공간을 제공함|체감온도 33℃ 이상이 되는 작업장소에서 폭염작업을 하는 경우 매 2시간 이내 20분 이상의 휴식을 취하도록 함 (1시간마다 10분 이상의 휴식을 부여하는 것도 가능)|무더위 시간대(14~17시) 사이에 실외 작업을 되도록 하지 않았음|실내, 옥외 작업 시 냉방장치를 설치 및 가동 중임|근로자에게 쿨토시, 아이스 조끼 등 냉감용품을 지급함|2인 1조  작업을 통해 근로자 간 상호 건강 상태를 수시로 확인하도록 하고 있음|응급상황 대비 비상연락망을 구축하고, 인근 의료기관 및 구급차 진입로를 사전에 파악하고 있음",해당 사항 없음,해당없음,지급하고 있지 않음,모르겠음,이해함,이해함,
2026-05-26 15:18,46,교원명동빌딩,2026-05-26,꼼꼼히 읽어보았고 해당 내용 확인하였음,25.1,해당 사항 없음,"현장 내 온습도계를 비치하여 매시간 체감온도를 확인하고 근로자에게 전파하고 있음|깨끗하고 시원한 물, 이온음료, 식염포도당 등을 작업장 인근에 상시 비치함|햇볕을 차단할 수 있는 그늘막 및 휴게공간을 제공함",해당 사항 없음,해당없음,지급하고 있지 않음,모르겠음,이해함,이해함,
2026-05-26 15:20,47,이폴리스빌딩,2026-05-26,꼼꼼히 읽어보았고 해당 내용 확인하였음,28.8,해당 사항 없음,"현장에 <온열질환 예방 수칙 OPS> 게시함|무더위 시간대(14~17시) 사이에 실외 작업을 되도록 하지 않았음|실내, 옥외 작업 시 냉방장치를 설치 및 가동 중임|응급상황 대비 비상연락망을 구축하고, 인근 의료기관 및 구급차 진입로를 사전에 파악하고 있음",해당 사항 없음,해당없음,지급하고 있지 않음,이해하였으며 관리 중임,이해함,이해함,"온열질환 에방수칙 전달교육,부착 
휴게실 및 작업장 상태(온.습도)점검"
2026-05-26 15:31,48,교직원공제회 인천회관,2026-05-26,꼼꼼히 읽어보았고 해당 내용 확인하였음,25.2,해당 사항 없음,"현장 내 온습도계를 비치하여 매시간 체감온도를 확인하고 근로자에게 전파하고 있음|금일 온열질환 예방 교육을 실시함 (TBM 혹은 별도 교육)|현장에 <온열질환 예방 수칙 OPS> 게시함|깨끗하고 시원한 물, 이온음료, 식염포도당 등을 작업장 인근에 상시 비치함|햇볕을 차단할 수 있는 그늘막 및 휴게공간을 제공함|체감온도 33℃ 이상이 되는 작업장소에서 폭염작업을 하는 경우 매 2시간 이내 20분 이상의 휴식을 취하도록 함 (1시간마다 10분 이상의 휴식을 부여하는 것도 가능)|무더위 시간대(14~17시) 사이에 실외 작업을 되도록 하지 않았음|실내, 옥외 작업 시 냉방장치를 설치 및 가동 중임|근로자 중 온열질환 민감군(※ 신규 배치자, 과거 온열질환 경력자, 고령자, 뇌심혈관질환자, 고·저혈압환자, 당뇨질환자, 신장질환자, 음주자, 장애인 등)을 파악하여 관리하고 있음|2인 1조  작업을 통해 근로자 간 상호 건강 상태를 수시로 확인하도록 하고 있음|응급상황 대비 비상연락망을 구축하고, 인근 의료기관 및 구급차 진입로를 사전에 파악하고 있음",해당 사항 없음,해당없음,지급하고 있지 않음,이해하였으며 관리 중임,이해함,이해함,
2026-05-26 15:37,49,제주대학교 BTL 학생생활관,2026-05-26,꼼꼼히 읽어보았고 해당 내용 확인하였음,27,해당 사항 없음,"현장 내 온습도계를 비치하여 매시간 체감온도를 확인하고 근로자에게 전파하고 있음|금일 온열질환 예방 교육을 실시함 (TBM 혹은 별도 교육)|현장에 <온열질환 예방 수칙 OPS> 게시함|깨끗하고 시원한 물, 이온음료, 식염포도당 등을 작업장 인근에 상시 비치함|햇볕을 차단할 수 있는 그늘막 및 휴게공간을 제공함|체감온도 33℃ 이상이 되는 작업장소에서 폭염작업을 하는 경우 매 2시간 이내 20분 이상의 휴식을 취하도록 함 (1시간마다 10분 이상의 휴식을 부여하는 것도 가능)|무더위 시간대(14~17시) 사이에 실외 작업을 되도록 하지 않았음|실내, 옥외 작업 시 냉방장치를 설치 및 가동 중임|근로자에게 쿨토시, 아이스 조끼 등 냉감용품을 지급함|근로자 중 온열질환 민감군(※ 신규 배치자, 과거 온열질환 경력자, 고령자, 뇌심혈관질환자, 고·저혈압환자, 당뇨질환자, 신장질환자, 음주자, 장애인 등)을 파악하여 관리하고 있음|2인 1조  작업을 통해 근로자 간 상호 건강 상태를 수시로 확인하도록 하고 있음|응급상황 대비 비상연락망을 구축하고, 인근 의료기관 및 구급차 진입로를 사전에 파악하고 있음",해당 사항 없음,해당없음,"섭취 주의사항 확인하였으며, 대용량 식염포도당 비치함",이해하였으며 관리 중임,이해함,이해함,
2026-05-26 15:37,50,테슬라 용인서비스 센터,2026-05-26,꼼꼼히 읽어보았고 해당 내용 확인하였음,29,해당 사항 없음,"현장 내 온습도계를 비치하여 매시간 체감온도를 확인하고 근로자에게 전파하고 있음|금일 온열질환 예방 교육을 실시함 (TBM 혹은 별도 교육)|현장에 <온열질환 예방 수칙 OPS> 게시함|깨끗하고 시원한 물, 이온음료, 식염포도당 등을 작업장 인근에 상시 비치함|햇볕을 차단할 수 있는 그늘막 및 휴게공간을 제공함|체감온도 33℃ 이상이 되는 작업장소에서 폭염작업을 하는 경우 매 2시간 이내 20분 이상의 휴식을 취하도록 함 (1시간마다 10분 이상의 휴식을 부여하는 것도 가능)|무더위 시간대(14~17시) 사이에 실외 작업을 되도록 하지 않았음|실내, 옥외 작업 시 냉방장치를 설치 및 가동 중임|응급상황 대비 비상연락망을 구축하고, 인근 의료기관 및 구급차 진입로를 사전에 파악하고 있음",해당 사항 없음,해당없음,지급하고 있지 않음,이해하였으며 관리 중임,이해함,이해함,
2026-05-26 15:38,51,현대자동차 군산하이테크센터,2026-05-26,꼼꼼히 읽어보았고 해당 내용 확인하였음,27,해당 사항 없음,"현장 내 온습도계를 비치하여 매시간 체감온도를 확인하고 근로자에게 전파하고 있음|현장에 <온열질환 예방 수칙 OPS> 게시함|깨끗하고 시원한 물, 이온음료, 식염포도당 등을 작업장 인근에 상시 비치함|햇볕을 차단할 수 있는 그늘막 및 휴게공간을 제공함|무더위 시간대(14~17시) 사이에 실외 작업을 되도록 하지 않았음|실내, 옥외 작업 시 냉방장치를 설치 및 가동 중임|근로자 중 온열질환 민감군(※ 신규 배치자, 과거 온열질환 경력자, 고령자, 뇌심혈관질환자, 고·저혈압환자, 당뇨질환자, 신장질환자, 음주자, 장애인 등)을 파악하여 관리하고 있음|2인 1조  작업을 통해 근로자 간 상호 건강 상태를 수시로 확인하도록 하고 있음|응급상황 대비 비상연락망을 구축하고, 인근 의료기관 및 구급차 진입로를 사전에 파악하고 있음",해당 사항 없음,해당없음,지급하고 있지 않음,이해하였으며 관리 중임,이해함,이해함,"현재 현장에 식염포도당이나 이온음료는 비치되어있지 않으나, 각 근무파트별 냉난방시설과 냉온정수기가 구비된 휴게시설이 근무장소 인근에 있고, 근무 중 필요 시 즉시 휴게할 수 있도록 하고 있습니다."
2026-05-26 15:44,52,gs칼텍스 죽전,2026-05-26,꼼꼼히 읽어보았고 해당 내용 확인하였음,29.2,해당 사항 없음,"현장 내 온습도계를 비치하여 매시간 체감온도를 확인하고 근로자에게 전파하고 있음|깨끗하고 시원한 물, 이온음료, 식염포도당 등을 작업장 인근에 상시 비치함|무더위 시간대(14~17시) 사이에 실외 작업을 되도록 하지 않았음",해당 사항 없음,해당없음,"섭취 주의사항 확인하였으며, 낱개형태의 식염포도당 혹은 분말형 이온음료 비치함",이해하였으며 관리 중임,이해함,이해함,특이사항 없습니다.
2026-05-26 15:46,53,현대자동차 광주하이테크센터,2026-05-26,꼼꼼히 읽어보았고 해당 내용 확인하였음,26.5,해당 사항 없음,햇볕을 차단할 수 있는 그늘막 및 휴게공간을 제공함|무더위 시간대(14~17시) 사이에 실외 작업을 되도록 하지 않았음,해당 사항 없음,해당없음,"섭취 주의사항 확인하였으며, 대용량 식염포도당 비치함",이해하였으며 관리 중임,이해함,이해함,
2026-05-26 15:51,54,쿠팡인천5센타,2026-05-26,꼼꼼히 읽어보았고 해당 내용 확인하였음,25.9,해당 사항 없음,"현장 내 온습도계를 비치하여 매시간 체감온도를 확인하고 근로자에게 전파하고 있음|금일 온열질환 예방 교육을 실시함 (TBM 혹은 별도 교육)|현장에 <온열질환 예방 수칙 OPS> 게시함|깨끗하고 시원한 물, 이온음료, 식염포도당 등을 작업장 인근에 상시 비치함|햇볕을 차단할 수 있는 그늘막 및 휴게공간을 제공함|체감온도 33℃ 이상이 되는 작업장소에서 폭염작업을 하는 경우 매 2시간 이내 20분 이상의 휴식을 취하도록 함 (1시간마다 10분 이상의 휴식을 부여하는 것도 가능)|2인 1조  작업을 통해 근로자 간 상호 건강 상태를 수시로 확인하도록 하고 있음|응급상황 대비 비상연락망을 구축하고, 인근 의료기관 및 구급차 진입로를 사전에 파악하고 있음",해당 사항 없음,해당없음,지급하고 있지 않음,이해하였으며 관리 중임,이해함,이해함,
2026-05-26 15:55,55,국민은행 속초연수원,2026-05-26,꼼꼼히 읽어보았고 해당 내용 확인하였음,26.6,해당 사항 없음,"현장 내 온습도계를 비치하여 매시간 체감온도를 확인하고 근로자에게 전파하고 있음|깨끗하고 시원한 물, 이온음료, 식염포도당 등을 작업장 인근에 상시 비치함|실내, 옥외 작업 시 냉방장치를 설치 및 가동 중임|2인 1조  작업을 통해 근로자 간 상호 건강 상태를 수시로 확인하도록 하고 있음|응급상황 대비 비상연락망을 구축하고, 인근 의료기관 및 구급차 진입로를 사전에 파악하고 있음",해당 사항 없음,해당없음,지급하고 있지 않음,이해하였으며 관리 중임,이해함,이해함,지병(고혈압) 환자 건강상태 확인
2026-05-26 15:58,56,신한은행_경주금융센터,2026-05-26,꼼꼼히 읽어보았고 해당 내용 확인하였음,28,해당 사항 없음,"금일 온열질환 예방 교육을 실시함 (TBM 혹은 별도 교육)|햇볕을 차단할 수 있는 그늘막 및 휴게공간을 제공함|체감온도 33℃ 이상이 되는 작업장소에서 폭염작업을 하는 경우 매 2시간 이내 20분 이상의 휴식을 취하도록 함 (1시간마다 10분 이상의 휴식을 부여하는 것도 가능)|실내, 옥외 작업 시 냉방장치를 설치 및 가동 중임|응급상황 대비 비상연락망을 구축하고, 인근 의료기관 및 구급차 진입로를 사전에 파악하고 있음",해당 사항 없음,해당없음,지급하고 있지 않음,이해하였으며 관리 중임,이해함,이해함,
2026-05-26 15:59,57,쿠팡 양산FC,2026-05-26,꼼꼼히 읽어보았고 해당 내용 확인하였음,27,해당 사항 없음,"금일 온열질환 예방 교육을 실시함 (TBM 혹은 별도 교육)|현장에 <온열질환 예방 수칙 OPS> 게시함|체감온도 33℃ 이상이 되는 작업장소에서 폭염작업을 하는 경우 매 2시간 이내 20분 이상의 휴식을 취하도록 함 (1시간마다 10분 이상의 휴식을 부여하는 것도 가능)|응급상황 대비 비상연락망을 구축하고, 인근 의료기관 및 구급차 진입로를 사전에 파악하고 있음",해당 사항 없음,해당없음,아직은 날씨가 덥지 않아서 미준비 곧 구비할 예정임.,이해하였으며 관리 중임,이해함,이해함,네 알겠습니다.
2026-05-26 16:14,58,신한은행 양산금융센터,2026-05-26,꼼꼼히 읽어보았고 해당 내용 확인하였음,28.7,해당 사항 없음,"깨끗하고 시원한 물, 이온음료, 식염포도당 등을 작업장 인근에 상시 비치함|실내, 옥외 작업 시 냉방장치를 설치 및 가동 중임",해당 사항 없음,해당없음,지급하고 있지 않음,이해하였으며 관리 중임,이해함,이해함,"주기적인 직원 상태확인
상시 물 섭취"
2026-05-26 16:14,59,평택금융센터,2026-05-26,꼼꼼히 읽어보았고 해당 내용 확인하였음,26,해당 사항 없음,"실내, 옥외 작업 시 냉방장치를 설치 및 가동 중임",해당 사항 없음,해당없음,지급하고 있지 않음,이해하였으며 관리 중임,이해함,이해함,내방객에 대한 온열질환 환자인지 세심한 주의와 관찰 하고 있음
2026-05-26 16:15,60,신한은행진천 백상코퍼레이션,2026-05-27,꼼꼼히 읽어보았고 해당 내용 확인하였음,27.6,해당 사항 없음,"금일 온열질환 예방 교육을 실시함 (TBM 혹은 별도 교육)|무더위 시간대(14~17시) 사이에 실외 작업을 되도록 하지 않았음|실내, 옥외 작업 시 냉방장치를 설치 및 가동 중임",해당 사항 없음,해당없음,지급하고 있지 않음,이해하였으며 관리 중임,이해함,이해함,실내에서 근무 해당 없음
2026-05-26 16:20,61,건와빌딩,2026-05-26,꼼꼼히 읽어보았고 해당 내용 확인하였음,29.4,해당 사항 없음,금일 온열질환 예방 교육을 실시함 (TBM 혹은 별도 교육)|무더위 시간대(14~17시) 사이에 실외 작업을 되도록 하지 않았음,"매시간 15분씩 그늘(휴식공간)에서 휴식 제공|온열질환 민감군, 작업강도가 높은 작업자에게는 휴식시간 추가 배정|무더위 시간대(14~17시)에는 불가피한 경우를 제외하고는 옥외작업 중지|불가피한 옥외작업 시 휴식시간 충분히 부여|업무담당자 지정 혹은 2인 1조 근무하도록 하여 근로자의 건강상태 상호 확인","재난 및 안전관리 등에 필요한 긴급조치 작업 외 옥외작업 중지|온열질환 민감군, 작업강도가 높은 작업자에게는 휴식시간 추가 배정|열사병 등 온열질환 민감군에 대하여 옥외작업 제한|업무담당자 지정 혹은 2인 1조 근무하도록 하여 근로자의 건강상태 상호 확인",지급하고 있지 않음,이해하였으며 관리 중임,이해함,이해함,
2026-05-26 16:24,62,한국교직원공제회강원회관,2026-05-26,꼼꼼히 읽어보았고 해당 내용 확인하였음,28,해당 사항 없음,"현장 내 온습도계를 비치하여 매시간 체감온도를 확인하고 근로자에게 전파하고 있음|금일 온열질환 예방 교육을 실시함 (TBM 혹은 별도 교육)|현장에 <온열질환 예방 수칙 OPS> 게시함|깨끗하고 시원한 물, 이온음료, 식염포도당 등을 작업장 인근에 상시 비치함|체감온도 33℃ 이상이 되는 작업장소에서 폭염작업을 하는 경우 매 2시간 이내 20분 이상의 휴식을 취하도록 함 (1시간마다 10분 이상의 휴식을 부여하는 것도 가능)|무더위 시간대(14~17시) 사이에 실외 작업을 되도록 하지 않았음|실내, 옥외 작업 시 냉방장치를 설치 및 가동 중임|근로자 중 온열질환 민감군(※ 신규 배치자, 과거 온열질환 경력자, 고령자, 뇌심혈관질환자, 고·저혈압환자, 당뇨질환자, 신장질환자, 음주자, 장애인 등)을 파악하여 관리하고 있음|2인 1조  작업을 통해 근로자 간 상호 건강 상태를 수시로 확인하도록 하고 있음|응급상황 대비 비상연락망을 구축하고, 인근 의료기관 및 구급차 진입로를 사전에 파악하고 있음",해당 사항 없음,해당없음,지급하고 있지 않음,이해하였으며 관리 중임,이해함,이해함,
2026-05-26 16:26,63,[백상코퍼레이션]KB국민은행대천연수원,2026-05-26,꼼꼼히 읽어보았고 해당 내용 확인하였음,24.6,해당 사항 없음,"현장에 <온열질환 예방 수칙 OPS> 게시함|깨끗하고 시원한 물, 이온음료, 식염포도당 등을 작업장 인근에 상시 비치함|햇볕을 차단할 수 있는 그늘막 및 휴게공간을 제공함|체감온도 33℃ 이상이 되는 작업장소에서 폭염작업을 하는 경우 매 2시간 이내 20분 이상의 휴식을 취하도록 함 (1시간마다 10분 이상의 휴식을 부여하는 것도 가능)|무더위 시간대(14~17시) 사이에 실외 작업을 되도록 하지 않았음|실내, 옥외 작업 시 냉방장치를 설치 및 가동 중임|근로자에게 쿨토시, 아이스 조끼 등 냉감용품을 지급함|근로자 중 온열질환 민감군(※ 신규 배치자, 과거 온열질환 경력자, 고령자, 뇌심혈관질환자, 고·저혈압환자, 당뇨질환자, 신장질환자, 음주자, 장애인 등)을 파악하여 관리하고 있음|2인 1조  작업을 통해 근로자 간 상호 건강 상태를 수시로 확인하도록 하고 있음|응급상황 대비 비상연락망을 구축하고, 인근 의료기관 및 구급차 진입로를 사전에 파악하고 있음",해당 사항 없음,해당없음,"섭취 주의사항 확인하였으며, 낱개형태의 식염포도당 혹은 분말형 이온음료 비치함",이해하였으며 관리 중임,이해함,이해함,오늘은 이상입니다.
2026-05-26 16:26,64,파크원 LG에너지솔루션,2026-05-26,꼼꼼히 읽어보았고 해당 내용 확인하였음,25,해당 사항 없음,"현장 내 온습도계를 비치하여 매시간 체감온도를 확인하고 근로자에게 전파하고 있음|깨끗하고 시원한 물, 이온음료, 식염포도당 등을 작업장 인근에 상시 비치함",해당 사항 없음,해당없음,지급하고 있지 않음,이해하였으며 관리 중임,이해함,이해함,근무지 대기실 적정온도 확인
2026-05-26 16:29,65,메리츠 화재 연수원,2026-05-26,꼼꼼히 읽어보았고 해당 내용 확인하였음,27.8,해당 사항 없음,"금일 온열질환 예방 교육을 실시함 (TBM 혹은 별도 교육)|현장에 <온열질환 예방 수칙 OPS> 게시함|깨끗하고 시원한 물, 이온음료, 식염포도당 등을 작업장 인근에 상시 비치함|햇볕을 차단할 수 있는 그늘막 및 휴게공간을 제공함|체감온도 33℃ 이상이 되는 작업장소에서 폭염작업을 하는 경우 매 2시간 이내 20분 이상의 휴식을 취하도록 함 (1시간마다 10분 이상의 휴식을 부여하는 것도 가능)|무더위 시간대(14~17시) 사이에 실외 작업을 되도록 하지 않았음|실내, 옥외 작업 시 냉방장치를 설치 및 가동 중임|근로자 중 온열질환 민감군(※ 신규 배치자, 과거 온열질환 경력자, 고령자, 뇌심혈관질환자, 고·저혈압환자, 당뇨질환자, 신장질환자, 음주자, 장애인 등)을 파악하여 관리하고 있음|2인 1조  작업을 통해 근로자 간 상호 건강 상태를 수시로 확인하도록 하고 있음|응급상황 대비 비상연락망을 구축하고, 인근 의료기관 및 구급차 진입로를 사전에 파악하고 있음",해당 사항 없음,해당없음,"섭취 주의사항 확인하였으며, 낱개형태의 식염포도당 혹은 분말형 이온음료 비치함",이해하였으며 관리 중임,이해함,이해함,
2026-05-26 16:38,66,백상코퍼레이션 송암빌딩,2026-05-26,꼼꼼히 읽어보았고 해당 내용 확인하였음,28,해당 사항 없음,"현장 내 온습도계를 비치하여 매시간 체감온도를 확인하고 근로자에게 전파하고 있음|금일 온열질환 예방 교육을 실시함 (TBM 혹은 별도 교육)|현장에 <온열질환 예방 수칙 OPS> 게시함|깨끗하고 시원한 물, 이온음료, 식염포도당 등을 작업장 인근에 상시 비치함|햇볕을 차단할 수 있는 그늘막 및 휴게공간을 제공함|체감온도 33℃ 이상이 되는 작업장소에서 폭염작업을 하는 경우 매 2시간 이내 20분 이상의 휴식을 취하도록 함 (1시간마다 10분 이상의 휴식을 부여하는 것도 가능)|무더위 시간대(14~17시) 사이에 실외 작업을 되도록 하지 않았음|실내, 옥외 작업 시 냉방장치를 설치 및 가동 중임|근로자에게 쿨토시, 아이스 조끼 등 냉감용품을 지급함|근로자 중 온열질환 민감군(※ 신규 배치자, 과거 온열질환 경력자, 고령자, 뇌심혈관질환자, 고·저혈압환자, 당뇨질환자, 신장질환자, 음주자, 장애인 등)을 파악하여 관리하고 있음|2인 1조  작업을 통해 근로자 간 상호 건강 상태를 수시로 확인하도록 하고 있음|응급상황 대비 비상연락망을 구축하고, 인근 의료기관 및 구급차 진입로를 사전에 파악하고 있음",해당 사항 없음,해당없음,"섭취 주의사항 확인하였으며, 낱개형태의 식염포도당 혹은 분말형 이온음료 비치함",이해하였으며 관리 중임,이해함,이해함,
2026-05-26 16:44,67,천경 을지로 운영센터,2026-05-26,꼼꼼히 읽어보았고 해당 내용 확인하였음,27.5,해당 사항 없음,"현장 내 온습도계를 비치하여 매시간 체감온도를 확인하고 근로자에게 전파하고 있음|금일 온열질환 예방 교육을 실시함 (TBM 혹은 별도 교육)|현장에 <온열질환 예방 수칙 OPS> 게시함|깨끗하고 시원한 물, 이온음료, 식염포도당 등을 작업장 인근에 상시 비치함|햇볕을 차단할 수 있는 그늘막 및 휴게공간을 제공함|체감온도 33℃ 이상이 되는 작업장소에서 폭염작업을 하는 경우 매 2시간 이내 20분 이상의 휴식을 취하도록 함 (1시간마다 10분 이상의 휴식을 부여하는 것도 가능)|무더위 시간대(14~17시) 사이에 실외 작업을 되도록 하지 않았음|실내, 옥외 작업 시 냉방장치를 설치 및 가동 중임|근로자에게 쿨토시, 아이스 조끼 등 냉감용품을 지급함|근로자 중 온열질환 민감군(※ 신규 배치자, 과거 온열질환 경력자, 고령자, 뇌심혈관질환자, 고·저혈압환자, 당뇨질환자, 신장질환자, 음주자, 장애인 등)을 파악하여 관리하고 있음|2인 1조  작업을 통해 근로자 간 상호 건강 상태를 수시로 확인하도록 하고 있음|응급상황 대비 비상연락망을 구축하고, 인근 의료기관 및 구급차 진입로를 사전에 파악하고 있음",해당 사항 없음,해당없음,"섭취 주의사항 확인하였으며, 낱개형태의 식염포도당 혹은 분말형 이온음료 비치함",이해하였으며 관리 중임,이해함,이해함,휴대용 목걸이 선풍기 및 얼음 조끼 지급.
2026-05-26 16:55,68,슈피겐 인천물류센터,2026-05-26,꼼꼼히 읽어보았고 해당 내용 확인하였음,25.5,해당 사항 없음,"금일 온열질환 예방 교육을 실시함 (TBM 혹은 별도 교육)|현장에 <온열질환 예방 수칙 OPS> 게시함|무더위 시간대(14~17시) 사이에 실외 작업을 되도록 하지 않았음|실내, 옥외 작업 시 냉방장치를 설치 및 가동 중임|근로자 중 온열질환 민감군(※ 신규 배치자, 과거 온열질환 경력자, 고령자, 뇌심혈관질환자, 고·저혈압환자, 당뇨질환자, 신장질환자, 음주자, 장애인 등)을 파악하여 관리하고 있음|응급상황 대비 비상연락망을 구축하고, 인근 의료기관 및 구급차 진입로를 사전에 파악하고 있음|1~5층 온습도계를 비치하여 첵크하고 있음, 실외작업자에게 클토시 지급, 무더위 시간대 실외작업 금지",해당 사항 없음,해당없음,현재 식염포도당 및 분말이온음료 구입하여 비치예정,온열질환 민감군 교육예정,이해함,이해함,금일부터 온습도 기록실시
2026-05-26 17:09,69,현대자동차 전주공장,2026-05-26,꼼꼼히 읽어보았고 해당 내용 확인하였음,27.5,해당 사항 없음,"현장 내 온습도계를 비치하여 매시간 체감온도를 확인하고 근로자에게 전파하고 있음|현장에 <온열질환 예방 수칙 OPS> 게시함|깨끗하고 시원한 물, 이온음료, 식염포도당 등을 작업장 인근에 상시 비치함|햇볕을 차단할 수 있는 그늘막 및 휴게공간을 제공함|실내, 옥외 작업 시 냉방장치를 설치 및 가동 중임|응급상황 대비 비상연락망을 구축하고, 인근 의료기관 및 구급차 진입로를 사전에 파악하고 있음",해당 사항 없음,해당없음,"섭취 주의사항 확인하였으며, 대용량 식염포도당 비치함",이해하였으며 관리 중임,이해함,이해함,실내외 교대 근무로 장시간 야외 근무를 최소화 하고 있습니다.
2026-05-26 17:29,70,LG CNS 증미통합이행센터,2026-05-26,꼼꼼히 읽어보았고 해당 내용 확인하였음,28.2,해당 사항 없음,"금일 온열질환 예방 교육을 실시함 (TBM 혹은 별도 교육)|현장에 <온열질환 예방 수칙 OPS> 게시함|깨끗하고 시원한 물, 이온음료, 식염포도당 등을 작업장 인근에 상시 비치함|햇볕을 차단할 수 있는 그늘막 및 휴게공간을 제공함|체감온도 33℃ 이상이 되는 작업장소에서 폭염작업을 하는 경우 매 2시간 이내 20분 이상의 휴식을 취하도록 함 (1시간마다 10분 이상의 휴식을 부여하는 것도 가능)|무더위 시간대(14~17시) 사이에 실외 작업을 되도록 하지 않았음|실내, 옥외 작업 시 냉방장치를 설치 및 가동 중임|근로자 중 온열질환 민감군(※ 신규 배치자, 과거 온열질환 경력자, 고령자, 뇌심혈관질환자, 고·저혈압환자, 당뇨질환자, 신장질환자, 음주자, 장애인 등)을 파악하여 관리하고 있음|응급상황 대비 비상연락망을 구축하고, 인근 의료기관 및 구급차 진입로를 사전에 파악하고 있음",해당 사항 없음,해당없음,각층 정수기 및 개인 텀블러를 이용하여 항시 물 및 휴게소 냉장고 음료 비치,이해하였으며 관리 중임,이해함,이해함,"실내 온도 및 냉방 상태 수시 확인 , 근무자 이상 증상 발생 여부 확인"
2026-05-26 17:31,71,부산 데상트연구소,2026-05-26,꼼꼼히 읽어보았고 해당 내용 확인하였음,27.9,해당 사항 없음,"체감온도 33℃ 이상이 되는 작업장소에서 폭염작업을 하는 경우 매 2시간 이내 20분 이상의 휴식을 취하도록 함 (1시간마다 10분 이상의 휴식을 부여하는 것도 가능)|무더위 시간대(14~17시) 사이에 실외 작업을 되도록 하지 않았음|실내, 옥외 작업 시 냉방장치를 설치 및 가동 중임|근로자 중 온열질환 민감군(※ 신규 배치자, 과거 온열질환 경력자, 고령자, 뇌심혈관질환자, 고·저혈압환자, 당뇨질환자, 신장질환자, 음주자, 장애인 등)을 파악하여 관리하고 있음|2인 1조  작업을 통해 근로자 간 상호 건강 상태를 수시로 확인하도록 하고 있음|응급상황 대비 비상연락망을 구축하고, 인근 의료기관 및 구급차 진입로를 사전에 파악하고 있음",해당 사항 없음,해당없음,"섭취 주의사항 확인하였으며, 낱개형태의 식염포도당 혹은 분말형 이온음료 비치함",이해하였으며 관리 중임,이해함,이해함,매일 근무일 오후 1시~3시 작성하도록 하겠습니다.
2026-05-26 17:35,72,한솔로지스유 해창물류센터,2026-05-26,꼼꼼히 읽어보았고 해당 내용 확인하였음,25.6,해당 사항 없음,"현장 내 온습도계를 비치하여 매시간 체감온도를 확인하고 근로자에게 전파하고 있음|깨끗하고 시원한 물, 이온음료, 식염포도당 등을 작업장 인근에 상시 비치함|체감온도 33℃ 이상이 되는 작업장소에서 폭염작업을 하는 경우 매 2시간 이내 20분 이상의 휴식을 취하도록 함 (1시간마다 10분 이상의 휴식을 부여하는 것도 가능)|무더위 시간대(14~17시) 사이에 실외 작업을 되도록 하지 않았음|실내, 옥외 작업 시 냉방장치를 설치 및 가동 중임|2인 1조  작업을 통해 근로자 간 상호 건강 상태를 수시로 확인하도록 하고 있음|응급상황 대비 비상연락망을 구축하고, 인근 의료기관 및 구급차 진입로를 사전에 파악하고 있음",해당 사항 없음,해당없음,이온음료는 혈당 상승으로 인해 이온음료 대신 생수로 대체 가,이해하였으며 관리 중임,이해함,이해함,폭염시 외부 작업 중지 및 2인1조 작업으로 상대 건강 관리 수시 체크
2026-05-26 17:45,73,사이언스파크DP3(안전환경),2026-05-26,꼼꼼히 읽어보았고 해당 내용 확인하였음,26.2,해당 사항 없음,"현장 내 온습도계를 비치하여 매시간 체감온도를 확인하고 근로자에게 전파하고 있음|금일 온열질환 예방 교육을 실시함 (TBM 혹은 별도 교육)|현장에 <온열질환 예방 수칙 OPS> 게시함|깨끗하고 시원한 물, 이온음료, 식염포도당 등을 작업장 인근에 상시 비치함|2인 1조  작업을 통해 근로자 간 상호 건강 상태를 수시로 확인하도록 하고 있음|응급상황 대비 비상연락망을 구축하고, 인근 의료기관 및 구급차 진입로를 사전에 파악하고 있음",해당 사항 없음,해당없음,지급하고 있지 않음,이해하였으며 관리 중임,이해함,이해함,현장내 온습도계 설치 확인
2026-05-26 18:11,74,쁨의원 강남점,2026-05-26,꼼꼼히 읽어보았고 해당 내용 확인하였음,23.1,해당 사항 없음,"햇볕을 차단할 수 있는 그늘막 및 휴게공간을 제공함|무더위 시간대(14~17시) 사이에 실외 작업을 되도록 하지 않았음|응급상황 대비 비상연락망을 구축하고, 인근 의료기관 및 구급차 진입로를 사전에 파악하고 있음",해당 사항 없음,해당없음,깨끗한 물 제공,이해하였으며 관리 중임,이해함,이해함,
2026-05-26 18:14,75,세탁사업소,2026-05-26,꼼꼼히 읽어보았고 해당 내용 확인하였음,29.5,해당 사항 없음,"현장 내 온습도계를 비치하여 매시간 체감온도를 확인하고 근로자에게 전파하고 있음|현장에 <온열질환 예방 수칙 OPS> 게시함|깨끗하고 시원한 물, 이온음료, 식염포도당 등을 작업장 인근에 상시 비치함|무더위 시간대(14~17시) 사이에 실외 작업을 되도록 하지 않았음|실내, 옥외 작업 시 냉방장치를 설치 및 가동 중임|근로자 중 온열질환 민감군(※ 신규 배치자, 과거 온열질환 경력자, 고령자, 뇌심혈관질환자, 고·저혈압환자, 당뇨질환자, 신장질환자, 음주자, 장애인 등)을 파악하여 관리하고 있음|2인 1조  작업을 통해 근로자 간 상호 건강 상태를 수시로 확인하도록 하고 있음|응급상황 대비 비상연락망을 구축하고, 인근 의료기관 및 구급차 진입로를 사전에 파악하고 있음",해당 사항 없음,해당없음,"섭취 주의사항 확인하였으며, 대용량 식염포도당 비치함",이해하였으며 관리 중임,이해함,이해함,
2026-05-26 18:51,76,성우빌딩 백상 코퍼레이션 5호선 마포역,2026-05-26,꼼꼼히 읽어보았고 해당 내용 확인하였음,27.1,해당 사항 없음,"현장 내 온습도계를 비치하여 매시간 체감온도를 확인하고 근로자에게 전파하고 있음|금일 온열질환 예방 교육을 실시함 (TBM 혹은 별도 교육)|현장에 <온열질환 예방 수칙 OPS> 게시함|깨끗하고 시원한 물, 이온음료, 식염포도당 등을 작업장 인근에 상시 비치함|햇볕을 차단할 수 있는 그늘막 및 휴게공간을 제공함|체감온도 33℃ 이상이 되는 작업장소에서 폭염작업을 하는 경우 매 2시간 이내 20분 이상의 휴식을 취하도록 함 (1시간마다 10분 이상의 휴식을 부여하는 것도 가능)|무더위 시간대(14~17시) 사이에 실외 작업을 되도록 하지 않았음|실내, 옥외 작업 시 냉방장치를 설치 및 가동 중임|근로자에게 쿨토시, 아이스 조끼 등 냉감용품을 지급함|근로자 중 온열질환 민감군(※ 신규 배치자, 과거 온열질환 경력자, 고령자, 뇌심혈관질환자, 고·저혈압환자, 당뇨질환자, 신장질환자, 음주자, 장애인 등)을 파악하여 관리하고 있음|2인 1조  작업을 통해 근로자 간 상호 건강 상태를 수시로 확인하도록 하고 있음|응급상황 대비 비상연락망을 구축하고, 인근 의료기관 및 구급차 진입로를 사전에 파악하고 있음","매시간 15분씩 그늘(휴식공간)에서 휴식 제공|온열질환 민감군, 작업강도가 높은 작업자에게는 휴식시간 추가 배정|무더위 시간대(14~17시)에는 불가피한 경우를 제외하고는 옥외작업 중지|불가피한 옥외작업 시 휴식시간 충분히 부여|업무담당자 지정 혹은 2인 1조 근무하도록 하여 근로자의 건강상태 상호 확인|해당 사항 없음",해당없음,"섭취 주의사항 확인하였으며, 대용량 식염포도당 비치함",이해하였으며 관리 중임,이해함,이해함,"3대 기본 수칙
물 .그늘. 휴식."
2026-05-26 19:34,77,잠실야구장,2026-05-26,꼼꼼히 읽어보았고 해당 내용 확인하였음,29.7,해당 사항 없음,"현장 내 온습도계를 비치하여 매시간 체감온도를 확인하고 근로자에게 전파하고 있음|깨끗하고 시원한 물, 이온음료, 식염포도당 등을 작업장 인근에 상시 비치함|2인 1조  작업을 통해 근로자 간 상호 건강 상태를 수시로 확인하도록 하고 있음",해당 사항 없음,해당없음,"섭취 주의사항 확인하였으며, 대용량 식염포도당 비치함",이해하였으며 관리 중임,이해함,이해함,
2026-05-26 19:56,78,U+용산사옥,2026-05-26,꼼꼼히 읽어보았고 해당 내용 확인하였음,28,해당 사항 없음,"금일 온열질환 예방 교육을 실시함 (TBM 혹은 별도 교육)|깨끗하고 시원한 물, 이온음료, 식염포도당 등을 작업장 인근에 상시 비치함|햇볕을 차단할 수 있는 그늘막 및 휴게공간을 제공함|무더위 시간대(14~17시) 사이에 실외 작업을 되도록 하지 않았음|실내, 옥외 작업 시 냉방장치를 설치 및 가동 중임|근로자에게 쿨토시, 아이스 조끼 등 냉감용품을 지급함|근로자 중 온열질환 민감군(※ 신규 배치자, 과거 온열질환 경력자, 고령자, 뇌심혈관질환자, 고·저혈압환자, 당뇨질환자, 신장질환자, 음주자, 장애인 등)을 파악하여 관리하고 있음",해당 사항 없음,해당없음,지급하고 있지 않음,이해하였으며 관리 중임,이해함,이해함,
2026-05-26 20:21,79,교원대구빌딩,2026-05-26,꼼꼼히 읽어보았고 해당 내용 확인하였음,26,해당 사항 없음,현장에 <온열질환 예방 수칙 OPS> 게시함|햇볕을 차단할 수 있는 그늘막 및 휴게공간을 제공함,해당 사항 없음,해당없음,지급하고 있지 않음,이해하였으며 관리 중임,이해함,이해함,
2026-05-26 20:51,80,백상,2026-05-26,꼼꼼히 읽어보았고 해당 내용 확인하였음,23.39,해당 사항 없음,"현장 내 온습도계를 비치하여 매시간 체감온도를 확인하고 근로자에게 전파하고 있음|금일 온열질환 예방 교육을 실시함 (TBM 혹은 별도 교육)|현장에 <온열질환 예방 수칙 OPS> 게시함|깨끗하고 시원한 물, 이온음료, 식염포도당 등을 작업장 인근에 상시 비치함|햇볕을 차단할 수 있는 그늘막 및 휴게공간을 제공함|체감온도 33℃ 이상이 되는 작업장소에서 폭염작업을 하는 경우 매 2시간 이내 20분 이상의 휴식을 취하도록 함 (1시간마다 10분 이상의 휴식을 부여하는 것도 가능)|무더위 시간대(14~17시) 사이에 실외 작업을 되도록 하지 않았음|실내, 옥외 작업 시 냉방장치를 설치 및 가동 중임|근로자에게 쿨토시, 아이스 조끼 등 냉감용품을 지급함|근로자 중 온열질환 민감군(※ 신규 배치자, 과거 온열질환 경력자, 고령자, 뇌심혈관질환자, 고·저혈압환자, 당뇨질환자, 신장질환자, 음주자, 장애인 등)을 파악하여 관리하고 있음|응급상황 대비 비상연락망을 구축하고, 인근 의료기관 및 구급차 진입로를 사전에 파악하고 있음",해당 사항 없음,해당없음,"섭취 주의사항 확인하였으며, 낱개형태의 식염포도당 혹은 분말형 이온음료 비치함",이해하였으며 관리 중임,이해함,이해함,
2026-05-26 21:10,81,서우빌딩,2026-05-26,꼼꼼히 읽어보았고 해당 내용 확인하였음,24,해당 사항 없음,금일 온열질환 예방 교육을 실시함 (TBM 혹은 별도 교육)|현장에 <온열질환 예방 수칙 OPS> 게시함,해당 사항 없음,해당없음,지급하고 있지 않음,내용은 이해함 온열질환자 없음,이해함,이해함,
2026-05-27 0:26,82,용산u+,2026-05-27,꼼꼼히 읽어보았고 해당 내용 확인하였음,25,해당 사항 없음,"현장 내 온습도계를 비치하여 매시간 체감온도를 확인하고 근로자에게 전파하고 있음|금일 온열질환 예방 교육을 실시함 (TBM 혹은 별도 교육)|현장에 <온열질환 예방 수칙 OPS> 게시함|깨끗하고 시원한 물, 이온음료, 식염포도당 등을 작업장 인근에 상시 비치함|햇볕을 차단할 수 있는 그늘막 및 휴게공간을 제공함|실내, 옥외 작업 시 냉방장치를 설치 및 가동 중임|근로자 중 온열질환 민감군(※ 신규 배치자, 과거 온열질환 경력자, 고령자, 뇌심혈관질환자, 고·저혈압환자, 당뇨질환자, 신장질환자, 음주자, 장애인 등)을 파악하여 관리하고 있음|응급상황 대비 비상연락망을 구축하고, 인근 의료기관 및 구급차 진입로를 사전에 파악하고 있음",해당 사항 없음,해당없음,"섭취 주의사항 확인하였으며, 낱개형태의 식염포도당 혹은 분말형 이온음료 비치함",이해하였으며 관리 중임,이해함,이해함,
2026-05-27 5:34,83,유플러스본사사옥,2026-05-26,꼼꼼히 읽어보았고 해당 내용 확인하였음,23,해당 사항 없음,현장 내 온습도계를 비치하여 매시간 체감온도를 확인하고 근로자에게 전파하고 있음|햇볕을 차단할 수 있는 그늘막 및 휴게공간을 제공함,해당 사항 없음,해당없음,지급하고 있지 않음,이해하였으며 관리 중임,이해함,이해함,
2026-05-27 5:39,84,LG유플러스,2026-05-27,꼼꼼히 읽어보았고 해당 내용 확인하였음,23,해당 사항 없음,현장 내 온습도계를 비치하여 매시간 체감온도를 확인하고 근로자에게 전파하고 있음|햇볕을 차단할 수 있는 그늘막 및 휴게공간을 제공함,해당 사항 없음,해당없음,지급하고 있지 않음,이해하였으며 관리 중임,이해함,이해함,
2026-05-27 5:40,85,유플러스용산사옥,2026-05-27,꼼꼼히 읽어보았고 해당 내용 확인하였음,23,해당 사항 없음,"햇볕을 차단할 수 있는 그늘막 및 휴게공간을 제공함|근로자에게 쿨토시, 아이스 조끼 등 냉감용품을 지급함",해당 사항 없음,해당없음,지급하고 있지 않음,이해하였으며 관리 중임,이해함,이해함,
2026-05-27 5:42,86,LG유플,2026-05-26,꼼꼼히 읽어보았고 해당 내용 확인하였음,28,해당 사항 없음,"금일 온열질환 예방 교육을 실시함 (TBM 혹은 별도 교육)|현장에 <온열질환 예방 수칙 OPS> 게시함|깨끗하고 시원한 물, 이온음료, 식염포도당 등을 작업장 인근에 상시 비치함|햇볕을 차단할 수 있는 그늘막 및 휴게공간을 제공함|체감온도 33℃ 이상이 되는 작업장소에서 폭염작업을 하는 경우 매 2시간 이내 20분 이상의 휴식을 취하도록 함 (1시간마다 10분 이상의 휴식을 부여하는 것도 가능)|무더위 시간대(14~17시) 사이에 실외 작업을 되도록 하지 않았음|실내, 옥외 작업 시 냉방장치를 설치 및 가동 중임|근로자에게 쿨토시, 아이스 조끼 등 냉감용품을 지급함|근로자 중 온열질환 민감군(※ 신규 배치자, 과거 온열질환 경력자, 고령자, 뇌심혈관질환자, 고·저혈압환자, 당뇨질환자, 신장질환자, 음주자, 장애인 등)을 파악하여 관리하고 있음|2인 1조  작업을 통해 근로자 간 상호 건강 상태를 수시로 확인하도록 하고 있음|응급상황 대비 비상연락망을 구축하고, 인근 의료기관 및 구급차 진입로를 사전에 파악하고 있음","매시간 15분씩 그늘(휴식공간)에서 휴식 제공|온열질환 민감군, 작업강도가 높은 작업자에게는 휴식시간 추가 배정",긴급작업을 할 경우에는 휴식시간 충분히 부여|열사병 등 온열질환 민감군에 대하여 옥외작업 제한|해당없음,"섭취 주의사항 확인하였으며, 낱개형태의 식염포도당 혹은 분말형 이온음료 비치함",이해하였으며 관리 중임,이해함,이해함,
2026-05-27 5:42,87,LGU+용산사옥,2026-05-27,꼼꼼히 읽어보았고 해당 내용 확인하였음,23,해당 사항 없음,"깨끗하고 시원한 물, 이온음료, 식염포도당 등을 작업장 인근에 상시 비치함",해당 사항 없음,해당없음,"섭취 주의사항 확인하였으며, 대용량 식염포도당 비치함",이해하였으며 관리 중임,이해함,이해함,충분한수분섭취
2026-05-27 5:42,88,백상 유플러스,2026-05-27,꼼꼼히 읽어보았고 해당 내용 확인하였음,28,해당 사항 없음,"금일 온열질환 예방 교육을 실시함 (TBM 혹은 별도 교육)|깨끗하고 시원한 물, 이온음료, 식염포도당 등을 작업장 인근에 상시 비치함|햇볕을 차단할 수 있는 그늘막 및 휴게공간을 제공함|무더위 시간대(14~17시) 사이에 실외 작업을 되도록 하지 않았음|근로자에게 쿨토시, 아이스 조끼 등 냉감용품을 지급함|근로자 중 온열질환 민감군(※ 신규 배치자, 과거 온열질환 경력자, 고령자, 뇌심혈관질환자, 고·저혈압환자, 당뇨질환자, 신장질환자, 음주자, 장애인 등)을 파악하여 관리하고 있음|2인 1조  작업을 통해 근로자 간 상호 건강 상태를 수시로 확인하도록 하고 있음|응급상황 대비 비상연락망을 구축하고, 인근 의료기관 및 구급차 진입로를 사전에 파악하고 있음",매시간 15분씩 그늘(휴식공간)에서 휴식 제공|무더위 시간대(14~17시)에는 불가피한 경우를 제외하고는 옥외작업 중지|불가피한 옥외작업 시 휴식시간 충분히 부여,재난 및 안전관리 등에 필요한 긴급조치 작업 외 옥외작업 중지|긴급작업을 할 경우에는 휴식시간 충분히 부여|열사병 등 온열질환 민감군에 대하여 옥외작업 제한,"섭취 주의사항 확인하였으며, 대용량 식염포도당 비치함",이해하였으며 관리 중임,이해함,이해함,
2026-05-27 5:43,89,lg유플러스 본사,2026-05-27,꼼꼼히 읽어보았고 해당 내용 확인하였음,23.7,해당 사항 없음,"현장 내 온습도계를 비치하여 매시간 체감온도를 확인하고 근로자에게 전파하고 있음|금일 온열질환 예방 교육을 실시함 (TBM 혹은 별도 교육)|현장에 <온열질환 예방 수칙 OPS> 게시함|깨끗하고 시원한 물, 이온음료, 식염포도당 등을 작업장 인근에 상시 비치함|햇볕을 차단할 수 있는 그늘막 및 휴게공간을 제공함|체감온도 33℃ 이상이 되는 작업장소에서 폭염작업을 하는 경우 매 2시간 이내 20분 이상의 휴식을 취하도록 함 (1시간마다 10분 이상의 휴식을 부여하는 것도 가능)|무더위 시간대(14~17시) 사이에 실외 작업을 되도록 하지 않았음|실내, 옥외 작업 시 냉방장치를 설치 및 가동 중임|근로자에게 쿨토시, 아이스 조끼 등 냉감용품을 지급함|근로자 중 온열질환 민감군(※ 신규 배치자, 과거 온열질환 경력자, 고령자, 뇌심혈관질환자, 고·저혈압환자, 당뇨질환자, 신장질환자, 음주자, 장애인 등)을 파악하여 관리하고 있음|2인 1조  작업을 통해 근로자 간 상호 건강 상태를 수시로 확인하도록 하고 있음|응급상황 대비 비상연락망을 구축하고, 인근 의료기관 및 구급차 진입로를 사전에 파악하고 있음",해당 사항 없음,해당없음,"섭취 주의사항 확인하였으며, 낱개형태의 식염포도당 혹은 분말형 이온음료 비치함",이해하였으며 관리 중임,이해함,이해함,
2026-05-27 5:43,90,LG유플러스,2026-05-26,꼼꼼히 읽어보았고 해당 내용 확인하였음,28,해당 사항 없음,"현장 내 온습도계를 비치하여 매시간 체감온도를 확인하고 근로자에게 전파하고 있음|금일 온열질환 예방 교육을 실시함 (TBM 혹은 별도 교육)|현장에 <온열질환 예방 수칙 OPS> 게시함|체감온도 33℃ 이상이 되는 작업장소에서 폭염작업을 하는 경우 매 2시간 이내 20분 이상의 휴식을 취하도록 함 (1시간마다 10분 이상의 휴식을 부여하는 것도 가능)|실내, 옥외 작업 시 냉방장치를 설치 및 가동 중임|2인 1조  작업을 통해 근로자 간 상호 건강 상태를 수시로 확인하도록 하고 있음",매시간 15분씩 그늘(휴식공간)에서 휴식 제공|무더위 시간대(14~17시)에는 불가피한 경우를 제외하고는 옥외작업 중지|업무담당자 지정 혹은 2인 1조 근무하도록 하여 근로자의 건강상태 상호 확인,"재난 및 안전관리 등에 필요한 긴급조치 작업 외 옥외작업 중지|온열질환 민감군, 작업강도가 높은 작업자에게는 휴식시간 추가 배정|열사병 등 온열질환 민감군에 대하여 옥외작업 제한","섭취 주의사항 확인하였으며, 대용량 식염포도당 비치함",이해하였으며 관리 중임,이해함,이해함,
2026-05-27 5:47,91,LG유플러스 용산사옥,2026-05-27,꼼꼼히 읽어보았고 해당 내용 확인하였음,28,해당 사항 없음,"근로자에게 쿨토시, 아이스 조끼 등 냉감용품을 지급함",해당 사항 없음,해당없음,"섭취 주의사항 확인하였으며, 대용량 식염포도당 비치함",이해하였으며 관리 중임,이해함,이해함,
2026-05-27 5:47,92,LG유플러스용산사옥,2026-05-27,꼼꼼히 읽어보았고 해당 내용 확인하였음,29,해당 사항 없음,"근로자에게 쿨토시, 아이스 조끼 등 냉감용품을 지급함",해당 사항 없음,해당없음,"섭취 주의사항 확인하였으며, 낱개형태의 식염포도당 혹은 분말형 이온음료 비치함",이해하였으며 관리 중임,이해함,이해함,
2026-05-27 5:48,93,lgu+,2026-05-27,꼼꼼히 읽어보았고 해당 내용 확인하였음,23,"폭염 주의보 발표됨 (일최고 체감온도 33℃ 이상, 2일 이상 지속)",현장 내 온습도계를 비치하여 매시간 체감온도를 확인하고 근로자에게 전파하고 있음,매시간 15분씩 그늘(휴식공간)에서 휴식 제공,긴급작업을 할 경우에는 휴식시간 충분히 부여,"섭취 주의사항 확인하였으며, 낱개형태의 식염포도당 혹은 분말형 이온음료 비치함",이해하였으며 관리 중임,이해함,이해함,충분한수분섭취
2026-05-27 5:48,94,LG유플러스본사 용산(백상코퍼레이션),2026-05-27,꼼꼼히 읽어보았고 해당 내용 확인하였음,25,해당 사항 없음,"근로자에게 쿨토시, 아이스 조끼 등 냉감용품을 지급함",해당 사항 없음,해당없음,"섭취 주의사항 확인하였으며, 낱개형태의 식염포도당 혹은 분말형 이온음료 비치함",이해하였으며 관리 중임,이해함,이해함,
2026-05-27 5:49,95,엘지유플러스 용산본사,2026-05-27,꼼꼼히 읽어보았고 해당 내용 확인하였음,24,해당 사항 없음,"현장 내 온습도계를 비치하여 매시간 체감온도를 확인하고 근로자에게 전파하고 있음|금일 온열질환 예방 교육을 실시함 (TBM 혹은 별도 교육)|깨끗하고 시원한 물, 이온음료, 식염포도당 등을 작업장 인근에 상시 비치함|햇볕을 차단할 수 있는 그늘막 및 휴게공간을 제공함|체감온도 33℃ 이상이 되는 작업장소에서 폭염작업을 하는 경우 매 2시간 이내 20분 이상의 휴식을 취하도록 함 (1시간마다 10분 이상의 휴식을 부여하는 것도 가능)|무더위 시간대(14~17시) 사이에 실외 작업을 되도록 하지 않았음|실내, 옥외 작업 시 냉방장치를 설치 및 가동 중임|근로자에게 쿨토시, 아이스 조끼 등 냉감용품을 지급함|근로자 중 온열질환 민감군(※ 신규 배치자, 과거 온열질환 경력자, 고령자, 뇌심혈관질환자, 고·저혈압환자, 당뇨질환자, 신장질환자, 음주자, 장애인 등)을 파악하여 관리하고 있음|2인 1조  작업을 통해 근로자 간 상호 건강 상태를 수시로 확인하도록 하고 있음|응급상황 대비 비상연락망을 구축하고, 인근 의료기관 및 구급차 진입로를 사전에 파악하고 있음",해당 사항 없음,해당없음,"섭취 주의사항 확인하였으며, 대용량 식염포도당 비치함",이해하였으며 관리 중임,이해함,이해함,ㆍ
2026-05-27 5:50,96,LG유플러스용산사옥,2026-05-27,꼼꼼히 읽어보았고 해당 내용 확인하였음,28,해당 사항 없음,"근로자에게 쿨토시, 아이스 조끼 등 냉감용품을 지급함",해당 사항 없음,해당없음,"섭취 주의사항 확인하였으며, 낱개형태의 식염포도당 혹은 분말형 이온음료 비치함",이해하였으며 관리 중임,이해함,이해함,
2026-05-27 5:50,97,용산 LG U+,2026-05-27,꼼꼼히 읽어보았고 해당 내용 확인하였음,23.7,해당 사항 없음,"금일 온열질환 예방 교육을 실시함 (TBM 혹은 별도 교육)|현장에 <온열질환 예방 수칙 OPS> 게시함|깨끗하고 시원한 물, 이온음료, 식염포도당 등을 작업장 인근에 상시 비치함|햇볕을 차단할 수 있는 그늘막 및 휴게공간을 제공함|실내, 옥외 작업 시 냉방장치를 설치 및 가동 중임|근로자에게 쿨토시, 아이스 조끼 등 냉감용품을 지급함|근로자 중 온열질환 민감군(※ 신규 배치자, 과거 온열질환 경력자, 고령자, 뇌심혈관질환자, 고·저혈압환자, 당뇨질환자, 신장질환자, 음주자, 장애인 등)을 파악하여 관리하고 있음|2인 1조  작업을 통해 근로자 간 상호 건강 상태를 수시로 확인하도록 하고 있음|응급상황 대비 비상연락망을 구축하고, 인근 의료기관 및 구급차 진입로를 사전에 파악하고 있음","매시간 15분씩 그늘(휴식공간)에서 휴식 제공|온열질환 민감군, 작업강도가 높은 작업자에게는 휴식시간 추가 배정|무더위 시간대(14~17시)에는 불가피한 경우를 제외하고는 옥외작업 중지|불가피한 옥외작업 시 휴식시간 충분히 부여|업무담당자 지정 혹은 2인 1조 근무하도록 하여 근로자의 건강상태 상호 확인","재난 및 안전관리 등에 필요한 긴급조치 작업 외 옥외작업 중지|긴급작업을 할 경우에는 휴식시간 충분히 부여|온열질환 민감군, 작업강도가 높은 작업자에게는 휴식시간 추가 배정|열사병 등 온열질환 민감군에 대하여 옥외작업 제한|업무담당자 지정 혹은 2인 1조 근무하도록 하여 근로자의 건강상태 상호 확인",식염포도당 발주 입고예정,이해하였으며 관리 중임,이해함,이해함,교육및 점검 식염포도당 발주완료
2026-05-27 5:50,98,용사U+,2026-05-27,꼼꼼히 읽어보았고 해당 내용 확인하였음,22.4,해당 사항 없음,"현장 내 온습도계를 비치하여 매시간 체감온도를 확인하고 근로자에게 전파하고 있음|금일 온열질환 예방 교육을 실시함 (TBM 혹은 별도 교육)|현장에 <온열질환 예방 수칙 OPS> 게시함|깨끗하고 시원한 물, 이온음료, 식염포도당 등을 작업장 인근에 상시 비치함|햇볕을 차단할 수 있는 그늘막 및 휴게공간을 제공함|체감온도 33℃ 이상이 되는 작업장소에서 폭염작업을 하는 경우 매 2시간 이내 20분 이상의 휴식을 취하도록 함 (1시간마다 10분 이상의 휴식을 부여하는 것도 가능)|무더위 시간대(14~17시) 사이에 실외 작업을 되도록 하지 않았음|실내, 옥외 작업 시 냉방장치를 설치 및 가동 중임|근로자에게 쿨토시, 아이스 조끼 등 냉감용품을 지급함|근로자 중 온열질환 민감군(※ 신규 배치자, 과거 온열질환 경력자, 고령자, 뇌심혈관질환자, 고·저혈압환자, 당뇨질환자, 신장질환자, 음주자, 장애인 등)을 파악하여 관리하고 있음|2인 1조  작업을 통해 근로자 간 상호 건강 상태를 수시로 확인하도록 하고 있음|응급상황 대비 비상연락망을 구축하고, 인근 의료기관 및 구급차 진입로를 사전에 파악하고 있음",해당 사항 없음,"재난 및 안전관리 등에 필요한 긴급조치 작업 외 옥외작업 중지|긴급작업을 할 경우에는 휴식시간 충분히 부여|온열질환 민감군, 작업강도가 높은 작업자에게는 휴식시간 추가 배정|열사병 등 온열질환 민감군에 대하여 옥외작업 제한|업무담당자 지정 혹은 2인 1조 근무하도록 하여 근로자의 건강상태 상호 확인","섭취 주의사항 확인하였으며, 대용량 식염포도당 비치함",이해하였으며 관리 중임,이해함,이해함,이상무
2026-05-27 5:51,99,용산엘지유플러스 미화,2026-05-27,꼼꼼히 읽어보았고 해당 내용 확인하였음,23.7,해당 사항 없음,"현장 내 온습도계를 비치하여 매시간 체감온도를 확인하고 근로자에게 전파하고 있음|금일 온열질환 예방 교육을 실시함 (TBM 혹은 별도 교육)|현장에 <온열질환 예방 수칙 OPS> 게시함|깨끗하고 시원한 물, 이온음료, 식염포도당 등을 작업장 인근에 상시 비치함|햇볕을 차단할 수 있는 그늘막 및 휴게공간을 제공함|체감온도 33℃ 이상이 되는 작업장소에서 폭염작업을 하는 경우 매 2시간 이내 20분 이상의 휴식을 취하도록 함 (1시간마다 10분 이상의 휴식을 부여하는 것도 가능)|무더위 시간대(14~17시) 사이에 실외 작업을 되도록 하지 않았음|실내, 옥외 작업 시 냉방장치를 설치 및 가동 중임|근로자에게 쿨토시, 아이스 조끼 등 냉감용품을 지급함|근로자 중 온열질환 민감군(※ 신규 배치자, 과거 온열질환 경력자, 고령자, 뇌심혈관질환자, 고·저혈압환자, 당뇨질환자, 신장질환자, 음주자, 장애인 등)을 파악하여 관리하고 있음|2인 1조  작업을 통해 근로자 간 상호 건강 상태를 수시로 확인하도록 하고 있음|응급상황 대비 비상연락망을 구축하고, 인근 의료기관 및 구급차 진입로를 사전에 파악하고 있음","매시간 15분씩 그늘(휴식공간)에서 휴식 제공|온열질환 민감군, 작업강도가 높은 작업자에게는 휴식시간 추가 배정|무더위 시간대(14~17시)에는 불가피한 경우를 제외하고는 옥외작업 중지|불가피한 옥외작업 시 휴식시간 충분히 부여|업무담당자 지정 혹은 2인 1조 근무하도록 하여 근로자의 건강상태 상호 확인",해당없음,"섭취 주의사항 확인하였으며, 대용량 식염포도당 비치함",이해하였으며 관리 중임,이해함,이해함,
2026-05-27 7:20,100,K스퀘어,2026-05-26,꼼꼼히 읽어보았고 해당 내용 확인하였음,29,해당 사항 없음,현장에 <온열질환 예방 수칙 OPS> 게시함,해당 사항 없음,해당없음,지급하고 있지 않음,이해하였으며 관리 중임,이해함,이해함,
2026-05-27 7:29,101,서울보증,2026-05-27,꼼꼼히 읽어보았고 해당 내용 확인하였음,21,해당 사항 없음,"현장 내 온습도계를 비치하여 매시간 체감온도를 확인하고 근로자에게 전파하고 있음|금일 온열질환 예방 교육을 실시함 (TBM 혹은 별도 교육)|현장에 <온열질환 예방 수칙 OPS> 게시함|깨끗하고 시원한 물, 이온음료, 식염포도당 등을 작업장 인근에 상시 비치함|햇볕을 차단할 수 있는 그늘막 및 휴게공간을 제공함|체감온도 33℃ 이상이 되는 작업장소에서 폭염작업을 하는 경우 매 2시간 이내 20분 이상의 휴식을 취하도록 함 (1시간마다 10분 이상의 휴식을 부여하는 것도 가능)|무더위 시간대(14~17시) 사이에 실외 작업을 되도록 하지 않았음|실내, 옥외 작업 시 냉방장치를 설치 및 가동 중임|근로자에게 쿨토시, 아이스 조끼 등 냉감용품을 지급함|근로자 중 온열질환 민감군(※ 신규 배치자, 과거 온열질환 경력자, 고령자, 뇌심혈관질환자, 고·저혈압환자, 당뇨질환자, 신장질환자, 음주자, 장애인 등)을 파악하여 관리하고 있음|2인 1조  작업을 통해 근로자 간 상호 건강 상태를 수시로 확인하도록 하고 있음|응급상황 대비 비상연락망을 구축하고, 인근 의료기관 및 구급차 진입로를 사전에 파악하고 있음",해당 사항 없음,해당없음,지급하고 있지 않음,이해하였으며 관리 중임,이해함,이해함,
2026-05-27 8:09,102,LG유플러스 용산사옥,2026-05-26,꼼꼼히 읽어보았고 해당 내용 확인하였음,26,해당 사항 없음,"현장 내 온습도계를 비치하여 매시간 체감온도를 확인하고 근로자에게 전파하고 있음|금일 온열질환 예방 교육을 실시함 (TBM 혹은 별도 교육)|현장에 <온열질환 예방 수칙 OPS> 게시함|깨끗하고 시원한 물, 이온음료, 식염포도당 등을 작업장 인근에 상시 비치함|햇볕을 차단할 수 있는 그늘막 및 휴게공간을 제공함|체감온도 33℃ 이상이 되는 작업장소에서 폭염작업을 하는 경우 매 2시간 이내 20분 이상의 휴식을 취하도록 함 (1시간마다 10분 이상의 휴식을 부여하는 것도 가능)|무더위 시간대(14~17시) 사이에 실외 작업을 되도록 하지 않았음|실내, 옥외 작업 시 냉방장치를 설치 및 가동 중임|근로자에게 쿨토시, 아이스 조끼 등 냉감용품을 지급함|근로자 중 온열질환 민감군(※ 신규 배치자, 과거 온열질환 경력자, 고령자, 뇌심혈관질환자, 고·저혈압환자, 당뇨질환자, 신장질환자, 음주자, 장애인 등)을 파악하여 관리하고 있음|2인 1조  작업을 통해 근로자 간 상호 건강 상태를 수시로 확인하도록 하고 있음|응급상황 대비 비상연락망을 구축하고, 인근 의료기관 및 구급차 진입로를 사전에 파악하고 있음",매시간 15분씩 그늘(휴식공간)에서 휴식 제공|무더위 시간대(14~17시)에는 불가피한 경우를 제외하고는 옥외작업 중지|업무담당자 지정 혹은 2인 1조 근무하도록 하여 근로자의 건강상태 상호 확인,"재난 및 안전관리 등에 필요한 긴급조치 작업 외 옥외작업 중지|온열질환 민감군, 작업강도가 높은 작업자에게는 휴식시간 추가 배정|열사병 등 온열질환 민감군에 대하여 옥외작업 제한|업무담당자 지정 혹은 2인 1조 근무하도록 하여 근로자의 건강상태 상호 확인","섭취 주의사항 확인하였으며, 대용량 식염포도당 비치함",이해하였으며 관리 중임,이해함,이해함,
2026-05-27 8:11,103,kb국민은행 일산연수원,2026-05-27,꼼꼼히 읽어보았고 해당 내용 확인하였음,20,해당 사항 없음,"현장에 <온열질환 예방 수칙 OPS> 게시함|햇볕을 차단할 수 있는 그늘막 및 휴게공간을 제공함|체감온도 33℃ 이상이 되는 작업장소에서 폭염작업을 하는 경우 매 2시간 이내 20분 이상의 휴식을 취하도록 함 (1시간마다 10분 이상의 휴식을 부여하는 것도 가능)|응급상황 대비 비상연락망을 구축하고, 인근 의료기관 및 구급차 진입로를 사전에 파악하고 있음",해당 사항 없음,해당없음,지급하고 있지 않음,이해하였으며 관리 중임,이해함,이해함,금일 해당사항 없음 .
2026-05-27 8:17,104,인덕원 IT밸리,2026-05-27,꼼꼼히 읽어보았고 해당 내용 확인하였음,29,해당 사항 없음,"현장 내 온습도계를 비치하여 매시간 체감온도를 확인하고 근로자에게 전파하고 있음|금일 온열질환 예방 교육을 실시함 (TBM 혹은 별도 교육)|현장에 <온열질환 예방 수칙 OPS> 게시함|깨끗하고 시원한 물, 이온음료, 식염포도당 등을 작업장 인근에 상시 비치함|햇볕을 차단할 수 있는 그늘막 및 휴게공간을 제공함|체감온도 33℃ 이상이 되는 작업장소에서 폭염작업을 하는 경우 매 2시간 이내 20분 이상의 휴식을 취하도록 함 (1시간마다 10분 이상의 휴식을 부여하는 것도 가능)|무더위 시간대(14~17시) 사이에 실외 작업을 되도록 하지 않았음|실내, 옥외 작업 시 냉방장치를 설치 및 가동 중임|근로자 중 온열질환 민감군(※ 신규 배치자, 과거 온열질환 경력자, 고령자, 뇌심혈관질환자, 고·저혈압환자, 당뇨질환자, 신장질환자, 음주자, 장애인 등)을 파악하여 관리하고 있음|2인 1조  작업을 통해 근로자 간 상호 건강 상태를 수시로 확인하도록 하고 있음|응급상황 대비 비상연락망을 구축하고, 인근 의료기관 및 구급차 진입로를 사전에 파악하고 있음",해당 사항 없음,해당없음,지급하고 있지 않음,이해하였으며 관리 중임,이해함,이해함,상시점검
2026-05-27 8:32,105,사이언스파크2차부지,2026-05-27,꼼꼼히 읽어보았고 해당 내용 확인하였음,26,해당 사항 없음,"현장 내 온습도계를 비치하여 매시간 체감온도를 확인하고 근로자에게 전파하고 있음|금일 온열질환 예방 교육을 실시함 (TBM 혹은 별도 교육)|현장에 <온열질환 예방 수칙 OPS> 게시함|깨끗하고 시원한 물, 이온음료, 식염포도당 등을 작업장 인근에 상시 비치함|무더위 시간대(14~17시) 사이에 실외 작업을 되도록 하지 않았음|근로자 중 온열질환 민감군(※ 신규 배치자, 과거 온열질환 경력자, 고령자, 뇌심혈관질환자, 고·저혈압환자, 당뇨질환자, 신장질환자, 음주자, 장애인 등)을 파악하여 관리하고 있음|2인 1조  작업을 통해 근로자 간 상호 건강 상태를 수시로 확인하도록 하고 있음|응급상황 대비 비상연락망을 구축하고, 인근 의료기관 및 구급차 진입로를 사전에 파악하고 있음",해당 사항 없음,해당없음,"섭취 주의사항 확인하였으며, 낱개형태의 식염포도당 혹은 분말형 이온음료 비치함",이해하였으며 관리 중임,이해함,이해함,온습도 수시체크
2026-05-27 8:36,106,경주사업소(교원 프라퍼티 드림센터),2026-05-27,꼼꼼히 읽어보았고 해당 내용 확인하였음,22,해당 사항 없음,"현장 내 온습도계를 비치하여 매시간 체감온도를 확인하고 근로자에게 전파하고 있음|금일 온열질환 예방 교육을 실시함 (TBM 혹은 별도 교육)|현장에 <온열질환 예방 수칙 OPS> 게시함|깨끗하고 시원한 물, 이온음료, 식염포도당 등을 작업장 인근에 상시 비치함|햇볕을 차단할 수 있는 그늘막 및 휴게공간을 제공함|근로자 중 온열질환 민감군(※ 신규 배치자, 과거 온열질환 경력자, 고령자, 뇌심혈관질환자, 고·저혈압환자, 당뇨질환자, 신장질환자, 음주자, 장애인 등)을 파악하여 관리하고 있음|2인 1조  작업을 통해 근로자 간 상호 건강 상태를 수시로 확인하도록 하고 있음|응급상황 대비 비상연락망을 구축하고, 인근 의료기관 및 구급차 진입로를 사전에 파악하고 있음",해당 사항 없음,해당없음,"섭취 주의사항 확인하였으며, 낱개형태의 식염포도당 혹은 분말형 이온음료 비치함",이해하였으며 관리 중임,이해함,이해함,
2026-05-27 8:45,107,천안환경에너지사업소,2026-05-27,꼼꼼히 읽어보았고 해당 내용 확인하였음,26,해당 사항 없음,"현장 내 온습도계를 비치하여 매시간 체감온도를 확인하고 근로자에게 전파하고 있음|금일 온열질환 예방 교육을 실시함 (TBM 혹은 별도 교육)|현장에 <온열질환 예방 수칙 OPS> 게시함|깨끗하고 시원한 물, 이온음료, 식염포도당 등을 작업장 인근에 상시 비치함|햇볕을 차단할 수 있는 그늘막 및 휴게공간을 제공함|체감온도 33℃ 이상이 되는 작업장소에서 폭염작업을 하는 경우 매 2시간 이내 20분 이상의 휴식을 취하도록 함 (1시간마다 10분 이상의 휴식을 부여하는 것도 가능)|무더위 시간대(14~17시) 사이에 실외 작업을 되도록 하지 않았음|실내, 옥외 작업 시 냉방장치를 설치 및 가동 중임|근로자에게 쿨토시, 아이스 조끼 등 냉감용품을 지급함|근로자 중 온열질환 민감군(※ 신규 배치자, 과거 온열질환 경력자, 고령자, 뇌심혈관질환자, 고·저혈압환자, 당뇨질환자, 신장질환자, 음주자, 장애인 등)을 파악하여 관리하고 있음|응급상황 대비 비상연락망을 구축하고, 인근 의료기관 및 구급차 진입로를 사전에 파악하고 있음",해당 사항 없음,해당없음,"섭취 주의사항 확인하였으며, 낱개형태의 식염포도당 혹은 분말형 이온음료 비치함",이해하였으며 관리 중임,이해함,이해함,
2026-05-27 8:54,108,도산150빌,2026-05-27,꼼꼼히 읽어보았고 해당 내용 확인하였음,23.3,해당 사항 없음,현장 내 온습도계를 비치하여 매시간 체감온도를 확인하고 근로자에게 전파하고 있음|금일 온열질환 예방 교육을 실시함 (TBM 혹은 별도 교육)|햇볕을 차단할 수 있는 그늘막 및 휴게공간을 제공함|2인 1조  작업을 통해 근로자 간 상호 건강 상태를 수시로 확인하도록 하고 있음,해당 사항 없음,해당없음,지급하고 있지 않음,이해하였으며 관리 중임,이해함,이해함,
2026-05-27 8:58,109,나리키움 대전통합청사,2026-05-27,꼼꼼히 읽어보았고 해당 내용 확인하였음,23.1,해당 사항 없음,"현장에 <온열질환 예방 수칙 OPS> 게시함|깨끗하고 시원한 물, 이온음료, 식염포도당 등을 작업장 인근에 상시 비치함|2인 1조  작업을 통해 근로자 간 상호 건강 상태를 수시로 확인하도록 하고 있음",해당 사항 없음,해당없음,"깨끗한 물을 항상 제공하고 있음, 이외 필요시 추가적으로 구매하여 제공하고 있음",이해하였으며 관리 중임,이해함,이해함,온열질환 발생시에 충분한 휴식시간을 제공하고 있습니다.
2026-05-27 9:05,110,한진 월미도 물류센터,2026-05-27,꼼꼼히 읽어보았고 해당 내용 확인하였음,27.5,해당 사항 없음,"현장 내 온습도계를 비치하여 매시간 체감온도를 확인하고 근로자에게 전파하고 있음|금일 온열질환 예방 교육을 실시함 (TBM 혹은 별도 교육)|현장에 <온열질환 예방 수칙 OPS> 게시함|깨끗하고 시원한 물, 이온음료, 식염포도당 등을 작업장 인근에 상시 비치함|햇볕을 차단할 수 있는 그늘막 및 휴게공간을 제공함|무더위 시간대(14~17시) 사이에 실외 작업을 되도록 하지 않았음|근로자 중 온열질환 민감군(※ 신규 배치자, 과거 온열질환 경력자, 고령자, 뇌심혈관질환자, 고·저혈압환자, 당뇨질환자, 신장질환자, 음주자, 장애인 등)을 파악하여 관리하고 있음|응급상황 대비 비상연락망을 구축하고, 인근 의료기관 및 구급차 진입로를 사전에 파악하고 있음",해당 사항 없음,해당없음,정수기 냉수,이해하였으며 관리 중임,이해함,이해함,
2026-05-27 9:10,111,한진 월미도 물류센터,2026-05-26,꼼꼼히 읽어보았고 해당 내용 확인하였음,28.2,해당 사항 없음,"현장 내 온습도계를 비치하여 매시간 체감온도를 확인하고 근로자에게 전파하고 있음|금일 온열질환 예방 교육을 실시함 (TBM 혹은 별도 교육)|현장에 <온열질환 예방 수칙 OPS> 게시함|깨끗하고 시원한 물, 이온음료, 식염포도당 등을 작업장 인근에 상시 비치함|햇볕을 차단할 수 있는 그늘막 및 휴게공간을 제공함|무더위 시간대(14~17시) 사이에 실외 작업을 되도록 하지 않았음|근로자 중 온열질환 민감군(※ 신규 배치자, 과거 온열질환 경력자, 고령자, 뇌심혈관질환자, 고·저혈압환자, 당뇨질환자, 신장질환자, 음주자, 장애인 등)을 파악하여 관리하고 있음|응급상황 대비 비상연락망을 구축하고, 인근 의료기관 및 구급차 진입로를 사전에 파악하고 있음",해당 사항 없음,해당없음,정수기 냉수,이해하였으며 관리 중임,이해함,이해함,
2026-05-27 9:14,112,홍익대세종미화,2026-05-27,꼼꼼히 읽어보았고 해당 내용 확인하였음,23.5,해당 사항 없음,"현장 내 온습도계를 비치하여 매시간 체감온도를 확인하고 근로자에게 전파하고 있음|금일 온열질환 예방 교육을 실시함 (TBM 혹은 별도 교육)|현장에 <온열질환 예방 수칙 OPS> 게시함|깨끗하고 시원한 물, 이온음료, 식염포도당 등을 작업장 인근에 상시 비치함|햇볕을 차단할 수 있는 그늘막 및 휴게공간을 제공함|체감온도 33℃ 이상이 되는 작업장소에서 폭염작업을 하는 경우 매 2시간 이내 20분 이상의 휴식을 취하도록 함 (1시간마다 10분 이상의 휴식을 부여하는 것도 가능)|무더위 시간대(14~17시) 사이에 실외 작업을 되도록 하지 않았음|실내, 옥외 작업 시 냉방장치를 설치 및 가동 중임|근로자 중 온열질환 민감군(※ 신규 배치자, 과거 온열질환 경력자, 고령자, 뇌심혈관질환자, 고·저혈압환자, 당뇨질환자, 신장질환자, 음주자, 장애인 등)을 파악하여 관리하고 있음|2인 1조  작업을 통해 근로자 간 상호 건강 상태를 수시로 확인하도록 하고 있음|응급상황 대비 비상연락망을 구축하고, 인근 의료기관 및 구급차 진입로를 사전에 파악하고 있음",해당 사항 없음,해당없음,지급하고 있지 않음,이해하였으며 관리 중임,이해함,이해함,체감온도 35도 이상일시 휴게시간 관계없이 수시로 휴게실에서 수분보충및 휴식할수있도록 수시교육
2026-05-27 9:14,113,국민은행 속초연수원,2026-05-27,꼼꼼히 읽어보았고 해당 내용 확인하였음,28,해당 사항 없음,"현장 내 온습도계를 비치하여 매시간 체감온도를 확인하고 근로자에게 전파하고 있음|현장에 <온열질환 예방 수칙 OPS> 게시함|깨끗하고 시원한 물, 이온음료, 식염포도당 등을 작업장 인근에 상시 비치함|실내, 옥외 작업 시 냉방장치를 설치 및 가동 중임|근로자에게 쿨토시, 아이스 조끼 등 냉감용품을 지급함|근로자 중 온열질환 민감군(※ 신규 배치자, 과거 온열질환 경력자, 고령자, 뇌심혈관질환자, 고·저혈압환자, 당뇨질환자, 신장질환자, 음주자, 장애인 등)을 파악하여 관리하고 있음|2인 1조  작업을 통해 근로자 간 상호 건강 상태를 수시로 확인하도록 하고 있음|응급상황 대비 비상연락망을 구축하고, 인근 의료기관 및 구급차 진입로를 사전에 파악하고 있음",해당 사항 없음,해당없음,"섭취 주의사항 확인하였으며, 낱개형태의 식염포도당 혹은 분말형 이온음료 비치함",이해하였으며 관리 중임,이해함,이해함,
2026-05-27 9:16,114,한진 인천 정비공장,2026-05-27,꼼꼼히 읽어보았고 해당 내용 확인하였음,26.5,해당 사항 없음,"현장 내 온습도계를 비치하여 매시간 체감온도를 확인하고 근로자에게 전파하고 있음|금일 온열질환 예방 교육을 실시함 (TBM 혹은 별도 교육)|현장에 <온열질환 예방 수칙 OPS> 게시함|깨끗하고 시원한 물, 이온음료, 식염포도당 등을 작업장 인근에 상시 비치함|햇볕을 차단할 수 있는 그늘막 및 휴게공간을 제공함|무더위 시간대(14~17시) 사이에 실외 작업을 되도록 하지 않았음|근로자 중 온열질환 민감군(※ 신규 배치자, 과거 온열질환 경력자, 고령자, 뇌심혈관질환자, 고·저혈압환자, 당뇨질환자, 신장질환자, 음주자, 장애인 등)을 파악하여 관리하고 있음|응급상황 대비 비상연락망을 구축하고, 인근 의료기관 및 구급차 진입로를 사전에 파악하고 있음",해당 사항 없음,해당없음,정수기 냉수,이해하였으며 관리 중임,이해함,이해함,
2026-05-27 9:18,115,한진 인천 정비공장,2026-05-26,꼼꼼히 읽어보았고 해당 내용 확인하였음,25.5,해당 사항 없음,"현장 내 온습도계를 비치하여 매시간 체감온도를 확인하고 근로자에게 전파하고 있음|금일 온열질환 예방 교육을 실시함 (TBM 혹은 별도 교육)|현장에 <온열질환 예방 수칙 OPS> 게시함|깨끗하고 시원한 물, 이온음료, 식염포도당 등을 작업장 인근에 상시 비치함|햇볕을 차단할 수 있는 그늘막 및 휴게공간을 제공함|무더위 시간대(14~17시) 사이에 실외 작업을 되도록 하지 않았음|근로자 중 온열질환 민감군(※ 신규 배치자, 과거 온열질환 경력자, 고령자, 뇌심혈관질환자, 고·저혈압환자, 당뇨질환자, 신장질환자, 음주자, 장애인 등)을 파악하여 관리하고 있음|응급상황 대비 비상연락망을 구축하고, 인근 의료기관 및 구급차 진입로를 사전에 파악하고 있음",해당 사항 없음,해당없음,정수기 냉수,이해하였으며 관리 중임,이해함,이해함,
2026-05-27 9:25,116,KB증권 남울산,2026-05-27,꼼꼼히 읽어보았고 해당 내용 확인하였음,22.6,해당 사항 없음,"현장 내 온습도계를 비치하여 매시간 체감온도를 확인하고 근로자에게 전파하고 있음|금일 온열질환 예방 교육을 실시함 (TBM 혹은 별도 교육)|현장에 <온열질환 예방 수칙 OPS> 게시함|깨끗하고 시원한 물, 이온음료, 식염포도당 등을 작업장 인근에 상시 비치함|햇볕을 차단할 수 있는 그늘막 및 휴게공간을 제공함|체감온도 33℃ 이상이 되는 작업장소에서 폭염작업을 하는 경우 매 2시간 이내 20분 이상의 휴식을 취하도록 함 (1시간마다 10분 이상의 휴식을 부여하는 것도 가능)|무더위 시간대(14~17시) 사이에 실외 작업을 되도록 하지 않았음|실내, 옥외 작업 시 냉방장치를 설치 및 가동 중임|근로자에게 쿨토시, 아이스 조끼 등 냉감용품을 지급함|근로자 중 온열질환 민감군(※ 신규 배치자, 과거 온열질환 경력자, 고령자, 뇌심혈관질환자, 고·저혈압환자, 당뇨질환자, 신장질환자, 음주자, 장애인 등)을 파악하여 관리하고 있음|2인 1조  작업을 통해 근로자 간 상호 건강 상태를 수시로 확인하도록 하고 있음|응급상황 대비 비상연락망을 구축하고, 인근 의료기관 및 구급차 진입로를 사전에 파악하고 있음",해당 사항 없음,해당없음,소금 및 얼음물 비치,이해하였으며 관리 중임,이해함,이해함,온열질환 예방 일일체크리스트 작성
2026-05-27 9:27,117,백상엘리츠1차오피스텔,2026-05-27,꼼꼼히 읽어보았고 해당 내용 확인하였음,26.6,해당 사항 없음,"현장 내 온습도계를 비치하여 매시간 체감온도를 확인하고 근로자에게 전파하고 있음|금일 온열질환 예방 교육을 실시함 (TBM 혹은 별도 교육)|현장에 <온열질환 예방 수칙 OPS> 게시함|깨끗하고 시원한 물, 이온음료, 식염포도당 등을 작업장 인근에 상시 비치함|햇볕을 차단할 수 있는 그늘막 및 휴게공간을 제공함|근로자 중 온열질환 민감군(※ 신규 배치자, 과거 온열질환 경력자, 고령자, 뇌심혈관질환자, 고·저혈압환자, 당뇨질환자, 신장질환자, 음주자, 장애인 등)을 파악하여 관리하고 있음|2인 1조  작업을 통해 근로자 간 상호 건강 상태를 수시로 확인하도록 하고 있음|응급상황 대비 비상연락망을 구축하고, 인근 의료기관 및 구급차 진입로를 사전에 파악하고 있음",해당 사항 없음,해당없음,"섭취 주의사항 확인하였으며, 낱개형태의 식염포도당 혹은 분말형 이온음료 비치함",이해하였으며 관리 중임,이해함,이해함,알겠습니다
2026-05-27 9:28,118,백상앨리츠2차 오피스텔,2026-05-26,꼼꼼히 읽어보았고 해당 내용 확인하였음,30,해당 사항 없음,"깨끗하고 시원한 물, 이온음료, 식염포도당 등을 작업장 인근에 상시 비치함|햇볕을 차단할 수 있는 그늘막 및 휴게공간을 제공함|실내, 옥외 작업 시 냉방장치를 설치 및 가동 중임|응급상황 대비 비상연락망을 구축하고, 인근 의료기관 및 구급차 진입로를 사전에 파악하고 있음",해당 사항 없음,해당없음,지급하고 있지 않음,이해하였으며 관리 중임,이해함,이해함,
2026-05-27 9:30,119,백상앨리츠2차 오피스텔,2026-05-27,꼼꼼히 읽어보았고 해당 내용 확인하였음,28,해당 사항 없음,"깨끗하고 시원한 물, 이온음료, 식염포도당 등을 작업장 인근에 상시 비치함|실내, 옥외 작업 시 냉방장치를 설치 및 가동 중임",해당 사항 없음,해당없음,지급하고 있지 않음,이해하였으며 관리 중임,이해함,이해함,
2026-05-27 9:32,120,백상앨리츠2차 오피스텔,2026-05-28,꼼꼼히 읽어보았고 해당 내용 확인하였음,30,해당 사항 없음,"깨끗하고 시원한 물, 이온음료, 식염포도당 등을 작업장 인근에 상시 비치함|실내, 옥외 작업 시 냉방장치를 설치 및 가동 중임",해당 사항 없음,해당없음,지급하고 있지 않음,이해하였으며 관리 중임,이해함,이해함,
2026-05-27 9:33,121,백상앨리츠2차 오피스텔,2026-05-29,꼼꼼히 읽어보았고 해당 내용 확인하였음,30,해당 사항 없음,"깨끗하고 시원한 물, 이온음료, 식염포도당 등을 작업장 인근에 상시 비치함|실내, 옥외 작업 시 냉방장치를 설치 및 가동 중임",해당 사항 없음,해당없음,지급하고 있지 않음,이해하였으며 관리 중임,이해함,이해함,
2026-05-27 9:38,122,백상코퍼레이션 (제주대학교 학생생활관),2026-05-27,꼼꼼히 읽어보았고 해당 내용 확인하였음,23.8,해당 사항 없음,"현장 내 온습도계를 비치하여 매시간 체감온도를 확인하고 근로자에게 전파하고 있음|금일 온열질환 예방 교육을 실시함 (TBM 혹은 별도 교육)|현장에 <온열질환 예방 수칙 OPS> 게시함|깨끗하고 시원한 물, 이온음료, 식염포도당 등을 작업장 인근에 상시 비치함|햇볕을 차단할 수 있는 그늘막 및 휴게공간을 제공함|체감온도 33℃ 이상이 되는 작업장소에서 폭염작업을 하는 경우 매 2시간 이내 20분 이상의 휴식을 취하도록 함 (1시간마다 10분 이상의 휴식을 부여하는 것도 가능)|무더위 시간대(14~17시) 사이에 실외 작업을 되도록 하지 않았음|실내, 옥외 작업 시 냉방장치를 설치 및 가동 중임|근로자에게 쿨토시, 아이스 조끼 등 냉감용품을 지급함|근로자 중 온열질환 민감군(※ 신규 배치자, 과거 온열질환 경력자, 고령자, 뇌심혈관질환자, 고·저혈압환자, 당뇨질환자, 신장질환자, 음주자, 장애인 등)을 파악하여 관리하고 있음|2인 1조  작업을 통해 근로자 간 상호 건강 상태를 수시로 확인하도록 하고 있음|응급상황 대비 비상연락망을 구축하고, 인근 의료기관 및 구급차 진입로를 사전에 파악하고 있음",해당 사항 없음,해당없음,섭취 주의사항을 확인하였으며 (하절기 대비 추가 비치 예정),이해하였으며 관리 중임,이해함,이해함,
2026-05-27 9:43,123,LG CNS 증미통합이행센터,2026-05-27,꼼꼼히 읽어보았고 해당 내용 확인하였음,23.6,해당 사항 없음,"금일 온열질환 예방 교육을 실시함 (TBM 혹은 별도 교육)|현장에 <온열질환 예방 수칙 OPS> 게시함|깨끗하고 시원한 물, 이온음료, 식염포도당 등을 작업장 인근에 상시 비치함|햇볕을 차단할 수 있는 그늘막 및 휴게공간을 제공함|체감온도 33℃ 이상이 되는 작업장소에서 폭염작업을 하는 경우 매 2시간 이내 20분 이상의 휴식을 취하도록 함 (1시간마다 10분 이상의 휴식을 부여하는 것도 가능)|무더위 시간대(14~17시) 사이에 실외 작업을 되도록 하지 않았음|실내, 옥외 작업 시 냉방장치를 설치 및 가동 중임|근로자 중 온열질환 민감군(※ 신규 배치자, 과거 온열질환 경력자, 고령자, 뇌심혈관질환자, 고·저혈압환자, 당뇨질환자, 신장질환자, 음주자, 장애인 등)을 파악하여 관리하고 있음|응급상황 대비 비상연락망을 구축하고, 인근 의료기관 및 구급차 진입로를 사전에 파악하고 있음",해당 사항 없음,해당없음,지급하고 있지 않음,이해하였으며 관리 중임,이해함,이해함,"실내 온도 및 냉방 상태 수시 확인, 근무자 이상 증상 발생 여부 확인"
2026-05-27 9:54,124,LG시그니처 논현,2026-05-27,꼼꼼히 읽어보았고 해당 내용 확인하였음,24.2,해당 사항 없음,"실내, 옥외 작업 시 냉방장치를 설치 및 가동 중임|2인 1조  작업을 통해 근로자 간 상호 건강 상태를 수시로 확인하도록 하고 있음",해당 사항 없음,해당없음,정수기가 비치되어 있어 항시 깨끗한 물을 제공받음,이해하였으며 관리 중임,이해함,이해함,차가운 물 섭취보다 미지근한 물을 섭취토록하고 있습니다
2026-05-27 10:09,125,GS타워,2026-05-27,꼼꼼히 읽어보았고 해당 내용 확인하였음,24,해당 사항 없음,"금일 온열질환 예방 교육을 실시함 (TBM 혹은 별도 교육)|깨끗하고 시원한 물, 이온음료, 식염포도당 등을 작업장 인근에 상시 비치함|실내, 옥외 작업 시 냉방장치를 설치 및 가동 중임|근로자에게 쿨토시, 아이스 조끼 등 냉감용품을 지급함|근로자 중 온열질환 민감군(※ 신규 배치자, 과거 온열질환 경력자, 고령자, 뇌심혈관질환자, 고·저혈압환자, 당뇨질환자, 신장질환자, 음주자, 장애인 등)을 파악하여 관리하고 있음|2인 1조  작업을 통해 근로자 간 상호 건강 상태를 수시로 확인하도록 하고 있음|응급상황 대비 비상연락망을 구축하고, 인근 의료기관 및 구급차 진입로를 사전에 파악하고 있음|순찰중 근로자에게 무리하지 않도록 항시 전달한다.",해당 사항 없음,해당없음,지급하고 있지 않음,이해하였으며 관리 중임,이해함,이해함,항상 근로자에게 무더위에는 무리하지 않고 충분한 휴식시간을 갖도록 지도합니다.
2026-05-27 10:12,126,잠실 타워730,2026-05-26,꼼꼼히 읽어보았고 해당 내용 확인하였음,27,해당 사항 없음,"현장 내 온습도계를 비치하여 매시간 체감온도를 확인하고 근로자에게 전파하고 있음|금일 온열질환 예방 교육을 실시함 (TBM 혹은 별도 교육)|현장에 <온열질환 예방 수칙 OPS> 게시함|깨끗하고 시원한 물, 이온음료, 식염포도당 등을 작업장 인근에 상시 비치함|무더위 시간대(14~17시) 사이에 실외 작업을 되도록 하지 않았음|2인 1조  작업을 통해 근로자 간 상호 건강 상태를 수시로 확인하도록 하고 있음",해당 사항 없음,해당없음,"섭취 주의사항 확인하였으며, 대용량 식염포도당 비치함",이해하였으며 관리 중임,이해함,이해함,수시로 기온 체크 중점시간 온열질환자 발생하지 않도록 관리
2026-05-27 10:14,127,잠실 타워730,2026-05-27,꼼꼼히 읽어보았고 해당 내용 확인하였음,24,해당 사항 없음,"현장 내 온습도계를 비치하여 매시간 체감온도를 확인하고 근로자에게 전파하고 있음|금일 온열질환 예방 교육을 실시함 (TBM 혹은 별도 교육)|현장에 <온열질환 예방 수칙 OPS> 게시함|깨끗하고 시원한 물, 이온음료, 식염포도당 등을 작업장 인근에 상시 비치함|2인 1조  작업을 통해 근로자 간 상호 건강 상태를 수시로 확인하도록 하고 있음",해당 사항 없음,해당없음,"섭취 주의사항 확인하였으며, 대용량 식염포도당 비치함",이해하였으며 관리 중임,이해함,이해함,
2026-05-27 10:20,128,도고 교원연수원,2026-05-26,꼼꼼히 읽어보았고 해당 내용 확인하였음,31.1,해당 사항 없음,"깨끗하고 시원한 물, 이온음료, 식염포도당 등을 작업장 인근에 상시 비치함|햇볕을 차단할 수 있는 그늘막 및 휴게공간을 제공함|무더위 시간대(14~17시) 사이에 실외 작업을 되도록 하지 않았음|실내, 옥외 작업 시 냉방장치를 설치 및 가동 중임|2인 1조  작업을 통해 근로자 간 상호 건강 상태를 수시로 확인하도록 하고 있음",해당 사항 없음,해당없음,지급하고 있지 않음,이해하였으며 관리 중임,이해함,이해함,
2026-05-27 10:25,129,국민운행천안연수원,2026-05-27,꼼꼼히 읽어보았고 해당 내용 확인하였음,21,해당 사항 없음,"현장 내 온습도계를 비치하여 매시간 체감온도를 확인하고 근로자에게 전파하고 있음|금일 온열질환 예방 교육을 실시함 (TBM 혹은 별도 교육)|현장에 <온열질환 예방 수칙 OPS> 게시함|깨끗하고 시원한 물, 이온음료, 식염포도당 등을 작업장 인근에 상시 비치함|체감온도 33℃ 이상이 되는 작업장소에서 폭염작업을 하는 경우 매 2시간 이내 20분 이상의 휴식을 취하도록 함 (1시간마다 10분 이상의 휴식을 부여하는 것도 가능)|무더위 시간대(14~17시) 사이에 실외 작업을 되도록 하지 않았음|실내, 옥외 작업 시 냉방장치를 설치 및 가동 중임|근로자 중 온열질환 민감군(※ 신규 배치자, 과거 온열질환 경력자, 고령자, 뇌심혈관질환자, 고·저혈압환자, 당뇨질환자, 신장질환자, 음주자, 장애인 등)을 파악하여 관리하고 있음|2인 1조  작업을 통해 근로자 간 상호 건강 상태를 수시로 확인하도록 하고 있음|응급상황 대비 비상연락망을 구축하고, 인근 의료기관 및 구급차 진입로를 사전에 파악하고 있음",해당 사항 없음,해당없음,"섭취 주의사항 확인하였으며, 대용량 식염포도당 비치함",이해하였으며 관리 중임,이해함,이해함,
2026-05-27 10:28,130,마곡뉴파워프라즈마,2026-05-27,꼼꼼히 읽어보았고 해당 내용 확인하였음,24.3,해당 사항 없음,"금일 온열질환 예방 교육을 실시함 (TBM 혹은 별도 교육)|현장에 <온열질환 예방 수칙 OPS> 게시함|햇볕을 차단할 수 있는 그늘막 및 휴게공간을 제공함|체감온도 33℃ 이상이 되는 작업장소에서 폭염작업을 하는 경우 매 2시간 이내 20분 이상의 휴식을 취하도록 함 (1시간마다 10분 이상의 휴식을 부여하는 것도 가능)|무더위 시간대(14~17시) 사이에 실외 작업을 되도록 하지 않았음|실내, 옥외 작업 시 냉방장치를 설치 및 가동 중임|근로자에게 쿨토시, 아이스 조끼 등 냉감용품을 지급함|근로자 중 온열질환 민감군(※ 신규 배치자, 과거 온열질환 경력자, 고령자, 뇌심혈관질환자, 고·저혈압환자, 당뇨질환자, 신장질환자, 음주자, 장애인 등)을 파악하여 관리하고 있음|응급상황 대비 비상연락망을 구축하고, 인근 의료기관 및 구급차 진입로를 사전에 파악하고 있음",해당 사항 없음,해당없음,지급하고 있지 않음,이해하였으며 관리 중임,이해함,이해함,
2026-05-27 10:43,131,인하대병원,2026-05-27,꼼꼼히 읽어보았고 해당 내용 확인하였음,24.5,해당 사항 없음,"현장 내 온습도계를 비치하여 매시간 체감온도를 확인하고 근로자에게 전파하고 있음|깨끗하고 시원한 물, 이온음료, 식염포도당 등을 작업장 인근에 상시 비치함|햇볕을 차단할 수 있는 그늘막 및 휴게공간을 제공함|무더위 시간대(14~17시) 사이에 실외 작업을 되도록 하지 않았음|실내, 옥외 작업 시 냉방장치를 설치 및 가동 중임|근로자에게 쿨토시, 아이스 조끼 등 냉감용품을 지급함|근로자 중 온열질환 민감군(※ 신규 배치자, 과거 온열질환 경력자, 고령자, 뇌심혈관질환자, 고·저혈압환자, 당뇨질환자, 신장질환자, 음주자, 장애인 등)을 파악하여 관리하고 있음|2인 1조  작업을 통해 근로자 간 상호 건강 상태를 수시로 확인하도록 하고 있음|응급상황 대비 비상연락망을 구축하고, 인근 의료기관 및 구급차 진입로를 사전에 파악하고 있음",해당 사항 없음,해당없음,지급하고 있지 않음,이해하였으며 관리 중임,이해함,이해함,이상없음
2026-05-27 10:54,132,야베스밸리 서현동,2026-05-27,꼼꼼히 읽어보았고 해당 내용 확인하였음,26,해당 사항 없음,"금일 온열질환 예방 교육을 실시함 (TBM 혹은 별도 교육)|깨끗하고 시원한 물, 이온음료, 식염포도당 등을 작업장 인근에 상시 비치함|햇볕을 차단할 수 있는 그늘막 및 휴게공간을 제공함|체감온도 33℃ 이상이 되는 작업장소에서 폭염작업을 하는 경우 매 2시간 이내 20분 이상의 휴식을 취하도록 함 (1시간마다 10분 이상의 휴식을 부여하는 것도 가능)|2인 1조  작업을 통해 근로자 간 상호 건강 상태를 수시로 확인하도록 하고 있음|응급상황 대비 비상연락망을 구축하고, 인근 의료기관 및 구급차 진입로를 사전에 파악하고 있음",해당 사항 없음,해당없음,지급하고 있지 않음,이해하였으며 관리 중임,이해함,이해함,
2026-05-27 11:05,133,"분당퍼스트타워, 백상코퍼레이션",2026-05-27,꼼꼼히 읽어보았고 해당 내용 확인하였음,24,해당 사항 없음,"햇볕을 차단할 수 있는 그늘막 및 휴게공간을 제공함|체감온도 33℃ 이상이 되는 작업장소에서 폭염작업을 하는 경우 매 2시간 이내 20분 이상의 휴식을 취하도록 함 (1시간마다 10분 이상의 휴식을 부여하는 것도 가능)|무더위 시간대(14~17시) 사이에 실외 작업을 되도록 하지 않았음|2인 1조  작업을 통해 근로자 간 상호 건강 상태를 수시로 확인하도록 하고 있음|응급상황 대비 비상연락망을 구축하고, 인근 의료기관 및 구급차 진입로를 사전에 파악하고 있음",해당 사항 없음,해당없음,지급하고 있지 않음,이해하였으며 관리 중임,이해함,이해함,
2026-05-27 11:08,134,LG사이언스파크 DP2,2026-05-27,꼼꼼히 읽어보았고 해당 내용 확인하였음,23,해당 사항 없음,"현장 내 온습도계를 비치하여 매시간 체감온도를 확인하고 근로자에게 전파하고 있음|금일 온열질환 예방 교육을 실시함 (TBM 혹은 별도 교육)|현장에 <온열질환 예방 수칙 OPS> 게시함|깨끗하고 시원한 물, 이온음료, 식염포도당 등을 작업장 인근에 상시 비치함|햇볕을 차단할 수 있는 그늘막 및 휴게공간을 제공함|체감온도 33℃ 이상이 되는 작업장소에서 폭염작업을 하는 경우 매 2시간 이내 20분 이상의 휴식을 취하도록 함 (1시간마다 10분 이상의 휴식을 부여하는 것도 가능)|무더위 시간대(14~17시) 사이에 실외 작업을 되도록 하지 않았음|실내, 옥외 작업 시 냉방장치를 설치 및 가동 중임|근로자에게 쿨토시, 아이스 조끼 등 냉감용품을 지급함|근로자 중 온열질환 민감군(※ 신규 배치자, 과거 온열질환 경력자, 고령자, 뇌심혈관질환자, 고·저혈압환자, 당뇨질환자, 신장질환자, 음주자, 장애인 등)을 파악하여 관리하고 있음|2인 1조  작업을 통해 근로자 간 상호 건강 상태를 수시로 확인하도록 하고 있음|응급상황 대비 비상연락망을 구축하고, 인근 의료기관 및 구급차 진입로를 사전에 파악하고 있음",해당 사항 없음,해당없음,"섭취 주의사항 확인하였으며, 낱개형태의 식염포도당 혹은 분말형 이온음료 비치함",이해하였으며 관리 중임,이해함,이해함,각동 관리감독자 매시간 온열질환 관련 점검집중
2026-05-27 11:10,135,아일렉스상가,2026-05-27,꼼꼼히 읽어보았고 해당 내용 확인하였음,23,해당 사항 없음,"현장 내 온습도계를 비치하여 매시간 체감온도를 확인하고 근로자에게 전파하고 있음|현장에 <온열질환 예방 수칙 OPS> 게시함|햇볕을 차단할 수 있는 그늘막 및 휴게공간을 제공함|체감온도 33℃ 이상이 되는 작업장소에서 폭염작업을 하는 경우 매 2시간 이내 20분 이상의 휴식을 취하도록 함 (1시간마다 10분 이상의 휴식을 부여하는 것도 가능)|응급상황 대비 비상연락망을 구축하고, 인근 의료기관 및 구급차 진입로를 사전에 파악하고 있음",해당 사항 없음,해당없음,지급하고 있지 않음,이해하였으며 관리 중임,이해함,이해함,특이사항 없음
2026-05-27 11:44,136,"쿠팡 대구 1,2,6센터",2026-05-27,꼼꼼히 읽어보았고 해당 내용 확인하였음,24.4,해당 사항 없음,"현장에 <온열질환 예방 수칙 OPS> 게시함|근로자 중 온열질환 민감군(※ 신규 배치자, 과거 온열질환 경력자, 고령자, 뇌심혈관질환자, 고·저혈압환자, 당뇨질환자, 신장질환자, 음주자, 장애인 등)을 파악하여 관리하고 있음|응급상황 대비 비상연락망을 구축하고, 인근 의료기관 및 구급차 진입로를 사전에 파악하고 있음",해당 사항 없음,해당없음,지급하고 있지 않음,이해하였으며 관리 중임,이해함,이해함,
2026-05-27 11:51,137,수원 현대빌딩,2026-05-27,꼼꼼히 읽어보았고 해당 내용 확인하였음,24,해당 사항 없음,현장 내 온습도계를 비치하여 매시간 체감온도를 확인하고 근로자에게 전파하고 있음,해당 사항 없음,해당없음,냉방장치 운전중인 실내근무비로 여름철 평균 온도 28도 이하 현장임.,이해하였으며 관리 중임,이해함,이해함,출근하여 퇴근까지 실내 근무형태로 냉방장치 가동중인 근무현장으로 온열질환과 관계없는 근무처입니다.
2026-05-27 12:38,138,현대자동차 군산하이테크센터,2026-05-27,꼼꼼히 읽어보았고 해당 내용 확인하였음,26.2,해당 사항 없음,"현장 내 온습도계를 비치하여 매시간 체감온도를 확인하고 근로자에게 전파하고 있음|현장에 <온열질환 예방 수칙 OPS> 게시함|깨끗하고 시원한 물, 이온음료, 식염포도당 등을 작업장 인근에 상시 비치함|햇볕을 차단할 수 있는 그늘막 및 휴게공간을 제공함|무더위 시간대(14~17시) 사이에 실외 작업을 되도록 하지 않았음|실내, 옥외 작업 시 냉방장치를 설치 및 가동 중임|근로자 중 온열질환 민감군(※ 신규 배치자, 과거 온열질환 경력자, 고령자, 뇌심혈관질환자, 고·저혈압환자, 당뇨질환자, 신장질환자, 음주자, 장애인 등)을 파악하여 관리하고 있음|2인 1조  작업을 통해 근로자 간 상호 건강 상태를 수시로 확인하도록 하고 있음|응급상황 대비 비상연락망을 구축하고, 인근 의료기관 및 구급차 진입로를 사전에 파악하고 있음",해당 사항 없음,해당없음,지급하고 있지 않음,이해하였으며 관리 중임,이해함,이해함,"현재 현장에 식염포도당이나 이온음료는 비치되어있지 않으나, 각 근무파트별 냉난방시설과 냉온정수기가 구비된 휴게시설이 근무장소 인근에 있고, 근무 중 필요 시 즉시 휴게할 수 있도록 하고 있습니다."
2026-05-27 12:46,139,메리츠 화재 연수원,2026-05-27,꼼꼼히 읽어보았고 해당 내용 확인하였음,24.7,해당 사항 없음,"현장에 <온열질환 예방 수칙 OPS> 게시함|깨끗하고 시원한 물, 이온음료, 식염포도당 등을 작업장 인근에 상시 비치함|햇볕을 차단할 수 있는 그늘막 및 휴게공간을 제공함|체감온도 33℃ 이상이 되는 작업장소에서 폭염작업을 하는 경우 매 2시간 이내 20분 이상의 휴식을 취하도록 함 (1시간마다 10분 이상의 휴식을 부여하는 것도 가능)|무더위 시간대(14~17시) 사이에 실외 작업을 되도록 하지 않았음|실내, 옥외 작업 시 냉방장치를 설치 및 가동 중임|근로자 중 온열질환 민감군(※ 신규 배치자, 과거 온열질환 경력자, 고령자, 뇌심혈관질환자, 고·저혈압환자, 당뇨질환자, 신장질환자, 음주자, 장애인 등)을 파악하여 관리하고 있음|2인 1조  작업을 통해 근로자 간 상호 건강 상태를 수시로 확인하도록 하고 있음|응급상황 대비 비상연락망을 구축하고, 인근 의료기관 및 구급차 진입로를 사전에 파악하고 있음",해당 사항 없음,해당없음,"섭취 주의사항 확인하였으며, 낱개형태의 식염포도당 혹은 분말형 이온음료 비치함",이해하였으며 관리 중임,이해함,이해함,
2026-05-27 12:50,140,도고 교원연수,2026-05-27,꼼꼼히 읽어보았고 해당 내용 확인하였음,25.4,해당 사항 없음,"깨끗하고 시원한 물, 이온음료, 식염포도당 등을 작업장 인근에 상시 비치함|햇볕을 차단할 수 있는 그늘막 및 휴게공간을 제공함|무더위 시간대(14~17시) 사이에 실외 작업을 되도록 하지 않았음|실내, 옥외 작업 시 냉방장치를 설치 및 가동 중임|2인 1조  작업을 통해 근로자 간 상호 건강 상태를 수시로 확인하도록 하고 있음",해당 사항 없음,해당없음,지급하고 있지 않음,이해하였으며 관리 중임,이해함,이해함,
2026-05-27 12:51,141,파크원 LG에너지솔루션,2026-05-27,꼼꼼히 읽어보았고 해당 내용 확인하였음,25.9,해당 사항 없음,금일 온열질환 예방 교육을 실시함 (TBM 혹은 별도 교육)|현장에 <온열질환 예방 수칙 OPS> 게시함,해당 사항 없음,해당없음,주문완료 다음주 입고 예정,이해하였으며 관리 중임,이해함,이해함,
2026-05-27 12:53,142,NH통합IT센터,2026-05-27,꼼꼼히 읽어보았고 해당 내용 확인하였음,25,해당 사항 없음,"햇볕을 차단할 수 있는 그늘막 및 휴게공간을 제공함|무더위 시간대(14~17시) 사이에 실외 작업을 되도록 하지 않았음|실내, 옥외 작업 시 냉방장치를 설치 및 가동 중임|2인 1조  작업을 통해 근로자 간 상호 건강 상태를 수시로 확인하도록 하고 있음",해당 사항 없음,해당없음,지급하고 있지 않음,이해하였으며 관리 중임,이해함,이해함,
2026-05-27 13:06,143,"쿠팡여주 1,2FC",2026-05-27,꼼꼼히 읽어보았고 해당 내용 확인하였음,26.2,해당 사항 없음,"현장 내 온습도계를 비치하여 매시간 체감온도를 확인하고 근로자에게 전파하고 있음|금일 온열질환 예방 교육을 실시함 (TBM 혹은 별도 교육)|현장에 <온열질환 예방 수칙 OPS> 게시함|깨끗하고 시원한 물, 이온음료, 식염포도당 등을 작업장 인근에 상시 비치함|햇볕을 차단할 수 있는 그늘막 및 휴게공간을 제공함|체감온도 33℃ 이상이 되는 작업장소에서 폭염작업을 하는 경우 매 2시간 이내 20분 이상의 휴식을 취하도록 함 (1시간마다 10분 이상의 휴식을 부여하는 것도 가능)|무더위 시간대(14~17시) 사이에 실외 작업을 되도록 하지 않았음|근로자 중 온열질환 민감군(※ 신규 배치자, 과거 온열질환 경력자, 고령자, 뇌심혈관질환자, 고·저혈압환자, 당뇨질환자, 신장질환자, 음주자, 장애인 등)을 파악하여 관리하고 있음|응급상황 대비 비상연락망을 구축하고, 인근 의료기관 및 구급차 진입로를 사전에 파악하고 있음",해당 사항 없음,해당없음,"섭취 주의사항 확인하였으며, 낱개형태의 식염포도당 혹은 분말형 이온음료 비치함",이해하였으며 관리 중임,이해함,이해함,
2026-05-27 13:10,144,가든파이브웍스,2026-05-27,꼼꼼히 읽어보았고 해당 내용 확인하였음,23,해당 사항 없음,"금일 온열질환 예방 교육을 실시함 (TBM 혹은 별도 교육)|현장에 <온열질환 예방 수칙 OPS> 게시함|깨끗하고 시원한 물, 이온음료, 식염포도당 등을 작업장 인근에 상시 비치함|햇볕을 차단할 수 있는 그늘막 및 휴게공간을 제공함|체감온도 33℃ 이상이 되는 작업장소에서 폭염작업을 하는 경우 매 2시간 이내 20분 이상의 휴식을 취하도록 함 (1시간마다 10분 이상의 휴식을 부여하는 것도 가능)|무더위 시간대(14~17시) 사이에 실외 작업을 되도록 하지 않았음|실내, 옥외 작업 시 냉방장치를 설치 및 가동 중임|근로자에게 쿨토시, 아이스 조끼 등 냉감용품을 지급함|근로자 중 온열질환 민감군(※ 신규 배치자, 과거 온열질환 경력자, 고령자, 뇌심혈관질환자, 고·저혈압환자, 당뇨질환자, 신장질환자, 음주자, 장애인 등)을 파악하여 관리하고 있음|2인 1조  작업을 통해 근로자 간 상호 건강 상태를 수시로 확인하도록 하고 있음|응급상황 대비 비상연락망을 구축하고, 인근 의료기관 및 구급차 진입로를 사전에 파악하고 있음",무더위 시간대(14~17시)에는 불가피한 경우를 제외하고는 옥외작업 중지,긴급작업을 할 경우에는 휴식시간 충분히 부여,지급하고 있지 않음,모르겠음,이해함,이해함,
2026-05-27 13:11,145,인하대병원 정석타운,2026-05-27,꼼꼼히 읽어보았고 해당 내용 확인하였음,25.1,해당 사항 없음,현장에 <온열질환 예방 수칙 OPS> 게시함|무더위 시간대(14~17시) 사이에 실외 작업을 되도록 하지 않았음|2인 1조  작업을 통해 근로자 간 상호 건강 상태를 수시로 확인하도록 하고 있음,해당 사항 없음,해당없음,지급하고 있지 않음,이해하였으며 관리 중임,이해함,이해함,시간별 외부 온도 체크함
2026-05-27 13:13,146,한진인천국제물류센터,2026-05-27,꼼꼼히 읽어보았고 해당 내용 확인하였음,26.4,해당 사항 없음,"현장 내 온습도계를 비치하여 매시간 체감온도를 확인하고 근로자에게 전파하고 있음|깨끗하고 시원한 물, 이온음료, 식염포도당 등을 작업장 인근에 상시 비치함|체감온도 33℃ 이상이 되는 작업장소에서 폭염작업을 하는 경우 매 2시간 이내 20분 이상의 휴식을 취하도록 함 (1시간마다 10분 이상의 휴식을 부여하는 것도 가능)|무더위 시간대(14~17시) 사이에 실외 작업을 되도록 하지 않았음|실내, 옥외 작업 시 냉방장치를 설치 및 가동 중임|근로자 중 온열질환 민감군(※ 신규 배치자, 과거 온열질환 경력자, 고령자, 뇌심혈관질환자, 고·저혈압환자, 당뇨질환자, 신장질환자, 음주자, 장애인 등)을 파악하여 관리하고 있음|2인 1조  작업을 통해 근로자 간 상호 건강 상태를 수시로 확인하도록 하고 있음|응급상황 대비 비상연락망을 구축하고, 인근 의료기관 및 구급차 진입로를 사전에 파악하고 있음",해당 사항 없음,해당없음,"섭취 주의사항 확인하였으며, 낱개형태의 식염포도당 혹은 분말형 이온음료 비치함",이해하였으며 관리 중임,이해함,이해함,
2026-05-27 13:14,147,인하대병원 정석타운,2026-05-27,꼼꼼히 읽어보았고 해당 내용 확인하였음,25,해당 사항 없음,무더위 시간대(14~17시) 사이에 실외 작업을 되도록 하지 않았음|2인 1조  작업을 통해 근로자 간 상호 건강 상태를 수시로 확인하도록 하고 있음,해당 사항 없음,해당없음,지급하고 있지 않음,이해하였으며 관리 중임,이해함,이해함,시간별 외부 온도 체크함
2026-05-27 13:15,148,성지하이츠1,2026-05-27,꼼꼼히 읽어보았고 해당 내용 확인하였음,25.9,해당 사항 없음,"현장에 <온열질환 예방 수칙 OPS> 게시함|무더위 시간대(14~17시) 사이에 실외 작업을 되도록 하지 않았음|실내, 옥외 작업 시 냉방장치를 설치 및 가동 중임",해당 사항 없음,해당없음,지급하고 있지 않음,이해하였으며 관리 중임,이해함,이해함,
2026-05-27 13:16,149,공덕빌딩,2026-05-27,꼼꼼히 읽어보았고 해당 내용 확인하였음,27.2,해당 사항 없음,"현장 내 온습도계를 비치하여 매시간 체감온도를 확인하고 근로자에게 전파하고 있음|금일 온열질환 예방 교육을 실시함 (TBM 혹은 별도 교육)|현장에 <온열질환 예방 수칙 OPS> 게시함|깨끗하고 시원한 물, 이온음료, 식염포도당 등을 작업장 인근에 상시 비치함|햇볕을 차단할 수 있는 그늘막 및 휴게공간을 제공함|체감온도 33℃ 이상이 되는 작업장소에서 폭염작업을 하는 경우 매 2시간 이내 20분 이상의 휴식을 취하도록 함 (1시간마다 10분 이상의 휴식을 부여하는 것도 가능)|무더위 시간대(14~17시) 사이에 실외 작업을 되도록 하지 않았음|실내, 옥외 작업 시 냉방장치를 설치 및 가동 중임|근로자에게 쿨토시, 아이스 조끼 등 냉감용품을 지급함|근로자 중 온열질환 민감군(※ 신규 배치자, 과거 온열질환 경력자, 고령자, 뇌심혈관질환자, 고·저혈압환자, 당뇨질환자, 신장질환자, 음주자, 장애인 등)을 파악하여 관리하고 있음|2인 1조  작업을 통해 근로자 간 상호 건강 상태를 수시로 확인하도록 하고 있음|응급상황 대비 비상연락망을 구축하고, 인근 의료기관 및 구급차 진입로를 사전에 파악하고 있음|없음",해당 사항 없음,해당없음,"섭취 주의사항 확인하였으며, 낱개형태의 식염포도당 혹은 분말형 이온음료 비치함",이해하였으며 관리 중임,이해함,이해함,없음
2026-05-27 13:18,150,부산교원빌딩,2026-05-27,꼼꼼히 읽어보았고 해당 내용 확인하였음,28,해당 사항 없음,"현장 내 온습도계를 비치하여 매시간 체감온도를 확인하고 근로자에게 전파하고 있음|금일 온열질환 예방 교육을 실시함 (TBM 혹은 별도 교육)|현장에 <온열질환 예방 수칙 OPS> 게시함|깨끗하고 시원한 물, 이온음료, 식염포도당 등을 작업장 인근에 상시 비치함|햇볕을 차단할 수 있는 그늘막 및 휴게공간을 제공함|체감온도 33℃ 이상이 되는 작업장소에서 폭염작업을 하는 경우 매 2시간 이내 20분 이상의 휴식을 취하도록 함 (1시간마다 10분 이상의 휴식을 부여하는 것도 가능)|무더위 시간대(14~17시) 사이에 실외 작업을 되도록 하지 않았음|실내, 옥외 작업 시 냉방장치를 설치 및 가동 중임|근로자에게 쿨토시, 아이스 조끼 등 냉감용품을 지급함|근로자 중 온열질환 민감군(※ 신규 배치자, 과거 온열질환 경력자, 고령자, 뇌심혈관질환자, 고·저혈압환자, 당뇨질환자, 신장질환자, 음주자, 장애인 등)을 파악하여 관리하고 있음|2인 1조  작업을 통해 근로자 간 상호 건강 상태를 수시로 확인하도록 하고 있음|응급상황 대비 비상연락망을 구축하고, 인근 의료기관 및 구급차 진입로를 사전에 파악하고 있음",해당 사항 없음,해당없음,지급하고 있지 않음,이해하였으며 관리 중임,이해함,이해함,특이사항없음
2026-05-27 13:20,151,동탄lh스마트주차장,2026-05-27,꼼꼼히 읽어보았고 해당 내용 확인하였음,25,해당 사항 없음,"금일 온열질환 예방 교육을 실시함 (TBM 혹은 별도 교육)|깨끗하고 시원한 물, 이온음료, 식염포도당 등을 작업장 인근에 상시 비치함",해당 사항 없음,해당없음,지급하고 있지 않음,이해하였으며 관리 중임,이해함,이해함,
2026-05-27 13:26,152,교원대구빌딩,2026-05-27,꼼꼼히 읽어보았고 해당 내용 확인하였음,24.1,해당 사항 없음,"현장 내 온습도계를 비치하여 매시간 체감온도를 확인하고 근로자에게 전파하고 있음|현장에 <온열질환 예방 수칙 OPS> 게시함|햇볕을 차단할 수 있는 그늘막 및 휴게공간을 제공함|근로자 중 온열질환 민감군(※ 신규 배치자, 과거 온열질환 경력자, 고령자, 뇌심혈관질환자, 고·저혈압환자, 당뇨질환자, 신장질환자, 음주자, 장애인 등)을 파악하여 관리하고 있음|응급상황 대비 비상연락망을 구축하고, 인근 의료기관 및 구급차 진입로를 사전에 파악하고 있음",해당 사항 없음,해당없음,지급하고 있지 않음,이해하였으며 관리 중임,이해함,이해함,
2026-05-27 13:28,153,GS칼텍스 내곡,2026-05-27,꼼꼼히 읽어보았고 해당 내용 확인하였음,26.4,해당 사항 없음,"현장 내 온습도계를 비치하여 매시간 체감온도를 확인하고 근로자에게 전파하고 있음|금일 온열질환 예방 교육을 실시함 (TBM 혹은 별도 교육)|현장에 <온열질환 예방 수칙 OPS> 게시함|깨끗하고 시원한 물, 이온음료, 식염포도당 등을 작업장 인근에 상시 비치함|햇볕을 차단할 수 있는 그늘막 및 휴게공간을 제공함|체감온도 33℃ 이상이 되는 작업장소에서 폭염작업을 하는 경우 매 2시간 이내 20분 이상의 휴식을 취하도록 함 (1시간마다 10분 이상의 휴식을 부여하는 것도 가능)|무더위 시간대(14~17시) 사이에 실외 작업을 되도록 하지 않았음|실내, 옥외 작업 시 냉방장치를 설치 및 가동 중임|근로자에게 쿨토시, 아이스 조끼 등 냉감용품을 지급함|근로자 중 온열질환 민감군(※ 신규 배치자, 과거 온열질환 경력자, 고령자, 뇌심혈관질환자, 고·저혈압환자, 당뇨질환자, 신장질환자, 음주자, 장애인 등)을 파악하여 관리하고 있음|2인 1조  작업을 통해 근로자 간 상호 건강 상태를 수시로 확인하도록 하고 있음|응급상황 대비 비상연락망을 구축하고, 인근 의료기관 및 구급차 진입로를 사전에 파악하고 있음",해당 사항 없음,해당없음,"섭취 주의사항 확인하였으며, 대용량 식염포도당 비치함",이해하였으며 관리 중임,이해함,이해함,
2026-05-27 13:29,154,쿠팡인천30fc,2026-05-27,꼼꼼히 읽어보았고 해당 내용 확인하였음,26.4,해당 사항 없음,"금일 온열질환 예방 교육을 실시함 (TBM 혹은 별도 교육)|현장에 <온열질환 예방 수칙 OPS> 게시함|깨끗하고 시원한 물, 이온음료, 식염포도당 등을 작업장 인근에 상시 비치함|햇볕을 차단할 수 있는 그늘막 및 휴게공간을 제공함|무더위 시간대(14~17시) 사이에 실외 작업을 되도록 하지 않았음|실내, 옥외 작업 시 냉방장치를 설치 및 가동 중임|근로자 중 온열질환 민감군(※ 신규 배치자, 과거 온열질환 경력자, 고령자, 뇌심혈관질환자, 고·저혈압환자, 당뇨질환자, 신장질환자, 음주자, 장애인 등)을 파악하여 관리하고 있음|응급상황 대비 비상연락망을 구축하고, 인근 의료기관 및 구급차 진입로를 사전에 파악하고 있음",해당 사항 없음,해당없음,지급하고 있지 않음,이해하였으며 관리 중임,이해함,이해함,
2026-05-27 13:35,155,교직원공제회 여의도,2026-05-27,꼼꼼히 읽어보았고 해당 내용 확인하였음,26.3,해당 사항 없음,"금일 온열질환 예방 교육을 실시함 (TBM 혹은 별도 교육)|현장에 <온열질환 예방 수칙 OPS> 게시함|깨끗하고 시원한 물, 이온음료, 식염포도당 등을 작업장 인근에 상시 비치함|햇볕을 차단할 수 있는 그늘막 및 휴게공간을 제공함|체감온도 33℃ 이상이 되는 작업장소에서 폭염작업을 하는 경우 매 2시간 이내 20분 이상의 휴식을 취하도록 함 (1시간마다 10분 이상의 휴식을 부여하는 것도 가능)|무더위 시간대(14~17시) 사이에 실외 작업을 되도록 하지 않았음|실내, 옥외 작업 시 냉방장치를 설치 및 가동 중임|근로자에게 쿨토시, 아이스 조끼 등 냉감용품을 지급함|근로자 중 온열질환 민감군(※ 신규 배치자, 과거 온열질환 경력자, 고령자, 뇌심혈관질환자, 고·저혈압환자, 당뇨질환자, 신장질환자, 음주자, 장애인 등)을 파악하여 관리하고 있음|응급상황 대비 비상연락망을 구축하고, 인근 의료기관 및 구급차 진입로를 사전에 파악하고 있음",해당 사항 없음,해당없음,지급하고 있지 않음,이해하였으며 관리 중임,이해함,이해함,
2026-05-27 13:45,156,교원파주물류센타,2026-05-27,꼼꼼히 읽어보았고 해당 내용 확인하였음,26,해당 사항 없음,금일 온열질환 예방 교육을 실시함 (TBM 혹은 별도 교육)|현장에 <온열질환 예방 수칙 OPS> 게시함|2인 1조  작업을 통해 근로자 간 상호 건강 상태를 수시로 확인하도록 하고 있음,해당 사항 없음,해당없음,지급하고 있지 않음,이해하였으며 관리 중임,이해함,이해함,
2026-05-27 13:47,157,kB국민은행 대천연수원,2026-05-27,꼼꼼히 읽어보았고 해당 내용 확인하였음,22,해당 사항 없음,"현장 내 온습도계를 비치하여 매시간 체감온도를 확인하고 근로자에게 전파하고 있음|금일 온열질환 예방 교육을 실시함 (TBM 혹은 별도 교육)|현장에 <온열질환 예방 수칙 OPS> 게시함|깨끗하고 시원한 물, 이온음료, 식염포도당 등을 작업장 인근에 상시 비치함|햇볕을 차단할 수 있는 그늘막 및 휴게공간을 제공함|체감온도 33℃ 이상이 되는 작업장소에서 폭염작업을 하는 경우 매 2시간 이내 20분 이상의 휴식을 취하도록 함 (1시간마다 10분 이상의 휴식을 부여하는 것도 가능)|무더위 시간대(14~17시) 사이에 실외 작업을 되도록 하지 않았음|실내, 옥외 작업 시 냉방장치를 설치 및 가동 중임|근로자에게 쿨토시, 아이스 조끼 등 냉감용품을 지급함|근로자 중 온열질환 민감군(※ 신규 배치자, 과거 온열질환 경력자, 고령자, 뇌심혈관질환자, 고·저혈압환자, 당뇨질환자, 신장질환자, 음주자, 장애인 등)을 파악하여 관리하고 있음|2인 1조  작업을 통해 근로자 간 상호 건강 상태를 수시로 확인하도록 하고 있음|응급상황 대비 비상연락망을 구축하고, 인근 의료기관 및 구급차 진입로를 사전에 파악하고 있음",해당 사항 없음,해당없음,"섭취 주의사항 확인하였으며, 낱개형태의 식염포도당 혹은 분말형 이온음료 비치함",이해하였으며 관리 중임,이해함,이해함,
2026-05-27 13:57,158,삼신봉터널,2026-05-27,꼼꼼히 읽어보았고 해당 내용 확인하였음,24.4,해당 사항 없음,"현장 내 온습도계를 비치하여 매시간 체감온도를 확인하고 근로자에게 전파하고 있음|현장에 <온열질환 예방 수칙 OPS> 게시함|깨끗하고 시원한 물, 이온음료, 식염포도당 등을 작업장 인근에 상시 비치함|햇볕을 차단할 수 있는 그늘막 및 휴게공간을 제공함|체감온도 33℃ 이상이 되는 작업장소에서 폭염작업을 하는 경우 매 2시간 이내 20분 이상의 휴식을 취하도록 함 (1시간마다 10분 이상의 휴식을 부여하는 것도 가능)|무더위 시간대(14~17시) 사이에 실외 작업을 되도록 하지 않았음|실내, 옥외 작업 시 냉방장치를 설치 및 가동 중임|근로자 중 온열질환 민감군(※ 신규 배치자, 과거 온열질환 경력자, 고령자, 뇌심혈관질환자, 고·저혈압환자, 당뇨질환자, 신장질환자, 음주자, 장애인 등)을 파악하여 관리하고 있음|2인 1조  작업을 통해 근로자 간 상호 건강 상태를 수시로 확인하도록 하고 있음|응급상황 대비 비상연락망을 구축하고, 인근 의료기관 및 구급차 진입로를 사전에 파악하고 있음",해당 사항 없음,해당없음,시원한 물 비치,이해하였으며 관리 중임,이해함,이해함,에어콘 작동 상태 점검
2026-05-27 13:59,159,애플타워 사업장,2026-05-27,꼼꼼히 읽어보았고 해당 내용 확인하였음,30,해당 사항 없음,"금일 온열질환 예방 교육을 실시함 (TBM 혹은 별도 교육)|현장에 <온열질환 예방 수칙 OPS> 게시함|깨끗하고 시원한 물, 이온음료, 식염포도당 등을 작업장 인근에 상시 비치함|햇볕을 차단할 수 있는 그늘막 및 휴게공간을 제공함|무더위 시간대(14~17시) 사이에 실외 작업을 되도록 하지 않았음|실내, 옥외 작업 시 냉방장치를 설치 및 가동 중임|근로자 중 온열질환 민감군(※ 신규 배치자, 과거 온열질환 경력자, 고령자, 뇌심혈관질환자, 고·저혈압환자, 당뇨질환자, 신장질환자, 음주자, 장애인 등)을 파악하여 관리하고 있음|응급상황 대비 비상연락망을 구축하고, 인근 의료기관 및 구급차 진입로를 사전에 파악하고 있음",해당 사항 없음,해당없음,"섭취 주의사항 확인하였으며, 낱개형태의 식염포도당 혹은 분말형 이온음료 비치함",이해하였으며 관리 중임,이해함,이해함,식염포도당 및 이온음료 휴게실 및 사무실에 비치함.
2026-05-27 14:00,160,파인디지털,2026-05-27,꼼꼼히 읽어보았고 해당 내용 확인하였음,26,해당 사항 없음,"현장에 <온열질환 예방 수칙 OPS> 게시함|깨끗하고 시원한 물, 이온음료, 식염포도당 등을 작업장 인근에 상시 비치함|햇볕을 차단할 수 있는 그늘막 및 휴게공간을 제공함|실내, 옥외 작업 시 냉방장치를 설치 및 가동 중임|근로자 중 온열질환 민감군(※ 신규 배치자, 과거 온열질환 경력자, 고령자, 뇌심혈관질환자, 고·저혈압환자, 당뇨질환자, 신장질환자, 음주자, 장애인 등)을 파악하여 관리하고 있음|2인 1조  작업을 통해 근로자 간 상호 건강 상태를 수시로 확인하도록 하고 있음|응급상황 대비 비상연락망을 구축하고, 인근 의료기관 및 구급차 진입로를 사전에 파악하고 있음",해당 사항 없음,해당없음,"섭취 주의사항 확인하였으며, 낱개형태의 식염포도당 혹은 분말형 이온음료 비치함",이해하였으며 관리 중임,이해함,이해함,
2026-05-27 14:01,161,성우빌딩,2026-05-27,꼼꼼히 읽어보았고 해당 내용 확인하였음,25.5,해당 사항 없음,"금일 온열질환 예방 교육을 실시함 (TBM 혹은 별도 교육)|현장에 <온열질환 예방 수칙 OPS> 게시함|체감온도 33℃ 이상이 되는 작업장소에서 폭염작업을 하는 경우 매 2시간 이내 20분 이상의 휴식을 취하도록 함 (1시간마다 10분 이상의 휴식을 부여하는 것도 가능)|무더위 시간대(14~17시) 사이에 실외 작업을 되도록 하지 않았음|실내, 옥외 작업 시 냉방장치를 설치 및 가동 중임|근로자 중 온열질환 민감군(※ 신규 배치자, 과거 온열질환 경력자, 고령자, 뇌심혈관질환자, 고·저혈압환자, 당뇨질환자, 신장질환자, 음주자, 장애인 등)을 파악하여 관리하고 있음|2인 1조  작업을 통해 근로자 간 상호 건강 상태를 수시로 확인하도록 하고 있음|응급상황 대비 비상연락망을 구축하고, 인근 의료기관 및 구급차 진입로를 사전에 파악하고 있음",해당 사항 없음,해당없음,지급하고 있지 않음,이해하였으며 관리 중임,이해함,이해함,
2026-05-27 14:08,162,여수 세이지우드,2026-05-27,꼼꼼히 읽어보았고 해당 내용 확인하였음,24.8,해당 사항 없음,"현장 내 온습도계를 비치하여 매시간 체감온도를 확인하고 근로자에게 전파하고 있음|금일 온열질환 예방 교육을 실시함 (TBM 혹은 별도 교육)|현장에 <온열질환 예방 수칙 OPS> 게시함|깨끗하고 시원한 물, 이온음료, 식염포도당 등을 작업장 인근에 상시 비치함|햇볕을 차단할 수 있는 그늘막 및 휴게공간을 제공함|체감온도 33℃ 이상이 되는 작업장소에서 폭염작업을 하는 경우 매 2시간 이내 20분 이상의 휴식을 취하도록 함 (1시간마다 10분 이상의 휴식을 부여하는 것도 가능)|무더위 시간대(14~17시) 사이에 실외 작업을 되도록 하지 않았음|실내, 옥외 작업 시 냉방장치를 설치 및 가동 중임|근로자에게 쿨토시, 아이스 조끼 등 냉감용품을 지급함|근로자 중 온열질환 민감군(※ 신규 배치자, 과거 온열질환 경력자, 고령자, 뇌심혈관질환자, 고·저혈압환자, 당뇨질환자, 신장질환자, 음주자, 장애인 등)을 파악하여 관리하고 있음|2인 1조  작업을 통해 근로자 간 상호 건강 상태를 수시로 확인하도록 하고 있음|응급상황 대비 비상연락망을 구축하고, 인근 의료기관 및 구급차 진입로를 사전에 파악하고 있음",해당 사항 없음,해당없음,"섭취 주의사항 확인하였으며, 대용량 식염포도당 비치함",이해하였으며 관리 중임,이해함,이해함,
2026-05-27 14:08,163,GS칼텍스 죽전,2026-05-27,꼼꼼히 읽어보았고 해당 내용 확인하였음,26.1,해당 사항 없음,"현장 내 온습도계를 비치하여 매시간 체감온도를 확인하고 근로자에게 전파하고 있음|깨끗하고 시원한 물, 이온음료, 식염포도당 등을 작업장 인근에 상시 비치함",해당 사항 없음,해당없음,"섭취 주의사항 확인하였으며, 낱개형태의 식염포도당 혹은 분말형 이온음료 비치함",이해하였으며 관리 중임,이해함,이해함,특이사항 없음
2026-05-27 14:09,164,LG에너지솔루션 과천R&D캠퍼스,2026-05-27,꼼꼼히 읽어보았고 해당 내용 확인하였음,26,해당 사항 없음,"현장 내 온습도계를 비치하여 매시간 체감온도를 확인하고 근로자에게 전파하고 있음|금일 온열질환 예방 교육을 실시함 (TBM 혹은 별도 교육)|현장에 <온열질환 예방 수칙 OPS> 게시함|깨끗하고 시원한 물, 이온음료, 식염포도당 등을 작업장 인근에 상시 비치함|햇볕을 차단할 수 있는 그늘막 및 휴게공간을 제공함|체감온도 33℃ 이상이 되는 작업장소에서 폭염작업을 하는 경우 매 2시간 이내 20분 이상의 휴식을 취하도록 함 (1시간마다 10분 이상의 휴식을 부여하는 것도 가능)|무더위 시간대(14~17시) 사이에 실외 작업을 되도록 하지 않았음|실내, 옥외 작업 시 냉방장치를 설치 및 가동 중임|근로자 중 온열질환 민감군(※ 신규 배치자, 과거 온열질환 경력자, 고령자, 뇌심혈관질환자, 고·저혈압환자, 당뇨질환자, 신장질환자, 음주자, 장애인 등)을 파악하여 관리하고 있음|응급상황 대비 비상연락망을 구축하고, 인근 의료기관 및 구급차 진입로를 사전에 파악하고 있음",해당 사항 없음,해당없음,지급하고 있지 않음,이해하였으며 관리 중임,이해함,이해함,
2026-05-27 14:10,165,쿠팡인천12FC,2026-05-27,꼼꼼히 읽어보았고 해당 내용 확인하였음,24.7,해당 사항 없음,"금일 온열질환 예방 교육을 실시함 (TBM 혹은 별도 교육)|현장에 <온열질환 예방 수칙 OPS> 게시함|깨끗하고 시원한 물, 이온음료, 식염포도당 등을 작업장 인근에 상시 비치함|체감온도 33℃ 이상이 되는 작업장소에서 폭염작업을 하는 경우 매 2시간 이내 20분 이상의 휴식을 취하도록 함 (1시간마다 10분 이상의 휴식을 부여하는 것도 가능)|무더위 시간대(14~17시) 사이에 실외 작업을 되도록 하지 않았음|근로자 중 온열질환 민감군(※ 신규 배치자, 과거 온열질환 경력자, 고령자, 뇌심혈관질환자, 고·저혈압환자, 당뇨질환자, 신장질환자, 음주자, 장애인 등)을 파악하여 관리하고 있음|2인 1조  작업을 통해 근로자 간 상호 건강 상태를 수시로 확인하도록 하고 있음",해당 사항 없음,해당없음,"섭취 주의사항 확인하였으며, 낱개형태의 식염포도당 혹은 분말형 이온음료 비치함",이해하였으며 관리 중임,이해함,이해함,매일TBM을 통한 안전문화 정착
2026-05-27 14:11,166,서울예대 기숙사,2026-05-27,꼼꼼히 읽어보았고 해당 내용 확인하였음,26.1,해당 사항 없음,"현장 내 온습도계를 비치하여 매시간 체감온도를 확인하고 근로자에게 전파하고 있음|금일 온열질환 예방 교육을 실시함 (TBM 혹은 별도 교육)|깨끗하고 시원한 물, 이온음료, 식염포도당 등을 작업장 인근에 상시 비치함|실내, 옥외 작업 시 냉방장치를 설치 및 가동 중임|2인 1조  작업을 통해 근로자 간 상호 건강 상태를 수시로 확인하도록 하고 있음|응급상황 대비 비상연락망을 구축하고, 인근 의료기관 및 구급차 진입로를 사전에 파악하고 있음",해당 사항 없음,해당없음,지급하고 있지 않음,이해하였으며 관리 중임,이해함,이해함,"무더위에 무리한 작업지양
무더운날 실내작업 실시
1시간작업후 휴식시간 충분하게 하도록 조치"
2026-05-27 14:15,167,교원명동빌딩,2026-05-27,꼼꼼히 읽어보았고 해당 내용 확인하였음,25.9,해당 사항 없음,"현장에 <온열질환 예방 수칙 OPS> 게시함|깨끗하고 시원한 물, 이온음료, 식염포도당 등을 작업장 인근에 상시 비치함",해당 사항 없음,해당없음,지급하고 있지 않음,이해하였으며 관리 중임,이해함,이해함,
2026-05-27 14:20,168,해창물류센터,2026-05-28,꼼꼼히 읽어보았고 해당 내용 확인하였음,25.1,해당 사항 없음,"현장 내 온습도계를 비치하여 매시간 체감온도를 확인하고 근로자에게 전파하고 있음|깨끗하고 시원한 물, 이온음료, 식염포도당 등을 작업장 인근에 상시 비치함|무더위 시간대(14~17시) 사이에 실외 작업을 되도록 하지 않았음|2인 1조  작업을 통해 근로자 간 상호 건강 상태를 수시로 확인하도록 하고 있음",해당 사항 없음,해당없음,지급하고 있지 않음,이해하였으며 관리 중임,이해함,이해함,"폭염시 실외작업 중지, 실내작업시 2인1조 로 근로자 건강 이상유무 파악"
2026-05-27 14:21,169,서울 한남동 청암빌딩,2026-05-27,꼼꼼히 읽어보았고 해당 내용 확인하였음,26,해당 사항 없음,현장에 <온열질환 예방 수칙 OPS> 게시함|무더위 시간대(14~17시) 사이에 실외 작업을 되도록 하지 않았음,해당 사항 없음,해당없음,정수기에서 깨끗한물 수시공급,이해하였으며 관리 중임,이해함,이해함,
2026-05-27 14:22,170,쿠팡 부천1FC,2026-05-27,꼼꼼히 읽어보았고 해당 내용 확인하였음,28,해당 사항 없음,"현장 내 온습도계를 비치하여 매시간 체감온도를 확인하고 근로자에게 전파하고 있음|금일 온열질환 예방 교육을 실시함 (TBM 혹은 별도 교육)|현장에 <온열질환 예방 수칙 OPS> 게시함|깨끗하고 시원한 물, 이온음료, 식염포도당 등을 작업장 인근에 상시 비치함|체감온도 33℃ 이상이 되는 작업장소에서 폭염작업을 하는 경우 매 2시간 이내 20분 이상의 휴식을 취하도록 함 (1시간마다 10분 이상의 휴식을 부여하는 것도 가능)|실내, 옥외 작업 시 냉방장치를 설치 및 가동 중임|근로자 중 온열질환 민감군(※ 신규 배치자, 과거 온열질환 경력자, 고령자, 뇌심혈관질환자, 고·저혈압환자, 당뇨질환자, 신장질환자, 음주자, 장애인 등)을 파악하여 관리하고 있음|응급상황 대비 비상연락망을 구축하고, 인근 의료기관 및 구급차 진입로를 사전에 파악하고 있음",해당 사항 없음,해당없음,"섭취 주의사항 확인하였으며, 대용량 식염포도당 비치함",이해하였으며 관리 중임,이해함,이해함,"전조증상(마비,어눌한 발음,어지럼증,두통,구토) 여부 확인"
2026-05-27 14:25,171,한진빌딩,2026-05-27,꼼꼼히 읽어보았고 해당 내용 확인하였음,26,해당 사항 없음,현장 내 온습도계를 비치하여 매시간 체감온도를 확인하고 근로자에게 전파하고 있음,무더위 시간대(14~17시)에는 불가피한 경우를 제외하고는 옥외작업 중지,해당없음,"섭취 주의사항 확인하였으며, 낱개형태의 식염포도당 혹은 분말형 이온음료 비치함",이해하였으며 관리 중임,이해함,이해함,
2026-05-27 14:25,172,LG에너지솔루션 과천R&D캠퍼스,2026-05-27,꼼꼼히 읽어보았고 해당 내용 확인하였음,26,해당 사항 없음,"현장 내 온습도계를 비치하여 매시간 체감온도를 확인하고 근로자에게 전파하고 있음|금일 온열질환 예방 교육을 실시함 (TBM 혹은 별도 교육)|현장에 <온열질환 예방 수칙 OPS> 게시함|깨끗하고 시원한 물, 이온음료, 식염포도당 등을 작업장 인근에 상시 비치함|햇볕을 차단할 수 있는 그늘막 및 휴게공간을 제공함",해당 사항 없음,해당없음,"섭취 주의사항 확인하였으며, 낱개형태의 식염포도당 혹은 분말형 이온음료 비치함",이해하였으며 관리 중임,이해함,이해함,
2026-05-27 14:30,173,현대자동차 광주하이테크센터,2026-05-27,꼼꼼히 읽어보았고 해당 내용 확인하였음,27.4,해당 사항 없음,"깨끗하고 시원한 물, 이온음료, 식염포도당 등을 작업장 인근에 상시 비치함|햇볕을 차단할 수 있는 그늘막 및 휴게공간을 제공함",해당 사항 없음,해당없음,"섭취 주의사항 확인하였으며, 대용량 식염포도당 비치함",이해하였으며 관리 중임,이해함,이해함,
2026-05-27 14:33,174,대구 달성 국가산단대로46길113쿠팡대구3물류센터내 백상코퍼레이션,2026-05-27,꼼꼼히 읽어보았고 해당 내용 확인하였음,25.9,해당 사항 없음,"금일 온열질환 예방 교육을 실시함 (TBM 혹은 별도 교육)|현장에 <온열질환 예방 수칙 OPS> 게시함|깨끗하고 시원한 물, 이온음료, 식염포도당 등을 작업장 인근에 상시 비치함|햇볕을 차단할 수 있는 그늘막 및 휴게공간을 제공함|체감온도 33℃ 이상이 되는 작업장소에서 폭염작업을 하는 경우 매 2시간 이내 20분 이상의 휴식을 취하도록 함 (1시간마다 10분 이상의 휴식을 부여하는 것도 가능)|무더위 시간대(14~17시) 사이에 실외 작업을 되도록 하지 않았음|실내, 옥외 작업 시 냉방장치를 설치 및 가동 중임|근로자 중 온열질환 민감군(※ 신규 배치자, 과거 온열질환 경력자, 고령자, 뇌심혈관질환자, 고·저혈압환자, 당뇨질환자, 신장질환자, 음주자, 장애인 등)을 파악하여 관리하고 있음|2인 1조  작업을 통해 근로자 간 상호 건강 상태를 수시로 확인하도록 하고 있음|응급상황 대비 비상연락망을 구축하고, 인근 의료기관 및 구급차 진입로를 사전에 파악하고 있음",해당 사항 없음,해당없음,"섭취 주의사항 확인하였으며, 낱개형태의 식염포도당 혹은 분말형 이온음료 비치함",이해하였으며 관리 중임,이해함,이해함,온열질환 예방관련 체감온도 일일체크하고 있음
2026-05-27 14:46,175,한양대학교,2026-05-27,꼼꼼히 읽어보았고 해당 내용 확인하였음,25.7,해당 사항 없음,"현장 내 온습도계를 비치하여 매시간 체감온도를 확인하고 근로자에게 전파하고 있음|금일 온열질환 예방 교육을 실시함 (TBM 혹은 별도 교육)|현장에 <온열질환 예방 수칙 OPS> 게시함|깨끗하고 시원한 물, 이온음료, 식염포도당 등을 작업장 인근에 상시 비치함|햇볕을 차단할 수 있는 그늘막 및 휴게공간을 제공함|체감온도 33℃ 이상이 되는 작업장소에서 폭염작업을 하는 경우 매 2시간 이내 20분 이상의 휴식을 취하도록 함 (1시간마다 10분 이상의 휴식을 부여하는 것도 가능)|무더위 시간대(14~17시) 사이에 실외 작업을 되도록 하지 않았음|실내, 옥외 작업 시 냉방장치를 설치 및 가동 중임|근로자에게 쿨토시, 아이스 조끼 등 냉감용품을 지급함|근로자 중 온열질환 민감군(※ 신규 배치자, 과거 온열질환 경력자, 고령자, 뇌심혈관질환자, 고·저혈압환자, 당뇨질환자, 신장질환자, 음주자, 장애인 등)을 파악하여 관리하고 있음|2인 1조  작업을 통해 근로자 간 상호 건강 상태를 수시로 확인하도록 하고 있음|응급상황 대비 비상연락망을 구축하고, 인근 의료기관 및 구급차 진입로를 사전에 파악하고 있음",해당 사항 없음,해당없음,지급하고 있지 않음,이해하였으며 관리 중임,이해함,이해함,"작업 시작전 건강 상태 확인하고 있으며, 순회 점검을 실시하고 있음."
2026-05-27 15:08,176,쿠팡 인천16센타,2026-05-20,꼼꼼히 읽어보았고 해당 내용 확인하였음,25.9,해당 사항 없음,"금일 온열질환 예방 교육을 실시함 (TBM 혹은 별도 교육)|현장에 <온열질환 예방 수칙 OPS> 게시함|깨끗하고 시원한 물, 이온음료, 식염포도당 등을 작업장 인근에 상시 비치함|햇볕을 차단할 수 있는 그늘막 및 휴게공간을 제공함|체감온도 33℃ 이상이 되는 작업장소에서 폭염작업을 하는 경우 매 2시간 이내 20분 이상의 휴식을 취하도록 함 (1시간마다 10분 이상의 휴식을 부여하는 것도 가능)|무더위 시간대(14~17시) 사이에 실외 작업을 되도록 하지 않았음|실내, 옥외 작업 시 냉방장치를 설치 및 가동 중임|근로자 중 온열질환 민감군(※ 신규 배치자, 과거 온열질환 경력자, 고령자, 뇌심혈관질환자, 고·저혈압환자, 당뇨질환자, 신장질환자, 음주자, 장애인 등)을 파악하여 관리하고 있음|응급상황 대비 비상연락망을 구축하고, 인근 의료기관 및 구급차 진입로를 사전에 파악하고 있음",해당 사항 없음,해당없음,"섭취 주의사항 확인하였으며, 대용량 식염포도당 비치함",이해하였으며 관리 중임,이해함,이해함,
2026-05-27 15:13,177,KB증권대구,2026-05-27,꼼꼼히 읽어보았고 해당 내용 확인하였음,24,해당 사항 없음,현장에 <온열질환 예방 수칙 OPS> 게시함|무더위 시간대(14~17시) 사이에 실외 작업을 되도록 하지 않았음,해당 사항 없음,해당없음,지급하고 있지 않음,이해하였으며 관리 중임,이해함,이해함,
2026-05-27 15:18,178,송암빌딩,2026-05-27,꼼꼼히 읽어보았고 해당 내용 확인하였음,26,해당 사항 없음,"현장 내 온습도계를 비치하여 매시간 체감온도를 확인하고 근로자에게 전파하고 있음|금일 온열질환 예방 교육을 실시함 (TBM 혹은 별도 교육)|현장에 <온열질환 예방 수칙 OPS> 게시함|깨끗하고 시원한 물, 이온음료, 식염포도당 등을 작업장 인근에 상시 비치함|햇볕을 차단할 수 있는 그늘막 및 휴게공간을 제공함|체감온도 33℃ 이상이 되는 작업장소에서 폭염작업을 하는 경우 매 2시간 이내 20분 이상의 휴식을 취하도록 함 (1시간마다 10분 이상의 휴식을 부여하는 것도 가능)|무더위 시간대(14~17시) 사이에 실외 작업을 되도록 하지 않았음|실내, 옥외 작업 시 냉방장치를 설치 및 가동 중임|근로자에게 쿨토시, 아이스 조끼 등 냉감용품을 지급함|근로자 중 온열질환 민감군(※ 신규 배치자, 과거 온열질환 경력자, 고령자, 뇌심혈관질환자, 고·저혈압환자, 당뇨질환자, 신장질환자, 음주자, 장애인 등)을 파악하여 관리하고 있음|2인 1조  작업을 통해 근로자 간 상호 건강 상태를 수시로 확인하도록 하고 있음|응급상황 대비 비상연락망을 구축하고, 인근 의료기관 및 구급차 진입로를 사전에 파악하고 있음",해당 사항 없음,해당없음,"섭취 주의사항 확인하였으며, 낱개형태의 식염포도당 혹은 분말형 이온음료 비치함",이해하였으며 관리 중임,이해함,이해함,
2026-05-27 15:23,179,서우빌딩,2026-05-27,꼼꼼히 읽어보았고 해당 내용 확인하였음,23,해당 사항 없음,"현장 내 온습도계를 비치하여 매시간 체감온도를 확인하고 근로자에게 전파하고 있음|현장에 <온열질환 예방 수칙 OPS> 게시함|깨끗하고 시원한 물, 이온음료, 식염포도당 등을 작업장 인근에 상시 비치함|체감온도 33℃ 이상이 되는 작업장소에서 폭염작업을 하는 경우 매 2시간 이내 20분 이상의 휴식을 취하도록 함 (1시간마다 10분 이상의 휴식을 부여하는 것도 가능)|무더위 시간대(14~17시) 사이에 실외 작업을 되도록 하지 않았음",해당 사항 없음,해당없음,지급하고 있지 않음,온열질환 민감군 없음,이해함,이해함,
2026-05-27 15:24,180,세탁사업소,2026-05-27,꼼꼼히 읽어보았고 해당 내용 확인하였음,27.6,해당 사항 없음,"현장 내 온습도계를 비치하여 매시간 체감온도를 확인하고 근로자에게 전파하고 있음|금일 온열질환 예방 교육을 실시함 (TBM 혹은 별도 교육)|깨끗하고 시원한 물, 이온음료, 식염포도당 등을 작업장 인근에 상시 비치함|실내, 옥외 작업 시 냉방장치를 설치 및 가동 중임",해당 사항 없음,해당없음,"섭취 주의사항 확인하였으며, 대용량 식염포도당 비치함",이해하였으며 관리 중임,이해함,이해함,
2026-05-27 15:28,181,한국증권금융,2026-05-27,꼼꼼히 읽어보았고 해당 내용 확인하였음,24,해당 사항 없음,"현장 내 온습도계를 비치하여 매시간 체감온도를 확인하고 근로자에게 전파하고 있음|금일 온열질환 예방 교육을 실시함 (TBM 혹은 별도 교육)|현장에 <온열질환 예방 수칙 OPS> 게시함|깨끗하고 시원한 물, 이온음료, 식염포도당 등을 작업장 인근에 상시 비치함|햇볕을 차단할 수 있는 그늘막 및 휴게공간을 제공함|체감온도 33℃ 이상이 되는 작업장소에서 폭염작업을 하는 경우 매 2시간 이내 20분 이상의 휴식을 취하도록 함 (1시간마다 10분 이상의 휴식을 부여하는 것도 가능)|무더위 시간대(14~17시) 사이에 실외 작업을 되도록 하지 않았음|실내, 옥외 작업 시 냉방장치를 설치 및 가동 중임|근로자에게 쿨토시, 아이스 조끼 등 냉감용품을 지급함|근로자 중 온열질환 민감군(※ 신규 배치자, 과거 온열질환 경력자, 고령자, 뇌심혈관질환자, 고·저혈압환자, 당뇨질환자, 신장질환자, 음주자, 장애인 등)을 파악하여 관리하고 있음|2인 1조  작업을 통해 근로자 간 상호 건강 상태를 수시로 확인하도록 하고 있음|응급상황 대비 비상연락망을 구축하고, 인근 의료기관 및 구급차 진입로를 사전에 파악하고 있음",해당 사항 없음,해당없음,"섭취 주의사항 확인하였으며, 낱개형태의 식염포도당 혹은 분말형 이온음료 비치함",이해하였으며 관리 중임,이해함,이해함,네
2026-05-27 15:29,182,상암 디지털큐브,2026-05-27,꼼꼼히 읽어보았고 해당 내용 확인하였음,25.7,해당 사항 없음,"현장 내 온습도계를 비치하여 매시간 체감온도를 확인하고 근로자에게 전파하고 있음|금일 온열질환 예방 교육을 실시함 (TBM 혹은 별도 교육)|현장에 <온열질환 예방 수칙 OPS> 게시함|깨끗하고 시원한 물, 이온음료, 식염포도당 등을 작업장 인근에 상시 비치함|햇볕을 차단할 수 있는 그늘막 및 휴게공간을 제공함|체감온도 33℃ 이상이 되는 작업장소에서 폭염작업을 하는 경우 매 2시간 이내 20분 이상의 휴식을 취하도록 함 (1시간마다 10분 이상의 휴식을 부여하는 것도 가능)|무더위 시간대(14~17시) 사이에 실외 작업을 되도록 하지 않았음|실내, 옥외 작업 시 냉방장치를 설치 및 가동 중임|근로자에게 쿨토시, 아이스 조끼 등 냉감용품을 지급함|근로자 중 온열질환 민감군(※ 신규 배치자, 과거 온열질환 경력자, 고령자, 뇌심혈관질환자, 고·저혈압환자, 당뇨질환자, 신장질환자, 음주자, 장애인 등)을 파악하여 관리하고 있음|2인 1조  작업을 통해 근로자 간 상호 건강 상태를 수시로 확인하도록 하고 있음|응급상황 대비 비상연락망을 구축하고, 인근 의료기관 및 구급차 진입로를 사전에 파악하고 있음",해당 사항 없음,해당없음,"섭취 주의사항 확인하였으며, 낱개형태의 식염포도당 혹은 분말형 이온음료 비치함",이해하였으며 관리 중임,이해함,이해함,
2026-05-27 15:29,183,LF리조트 양양,2026-05-27,꼼꼼히 읽어보았고 해당 내용 확인하였음,26,해당 사항 없음,"현장 내 온습도계를 비치하여 매시간 체감온도를 확인하고 근로자에게 전파하고 있음|금일 온열질환 예방 교육을 실시함 (TBM 혹은 별도 교육)|현장에 <온열질환 예방 수칙 OPS> 게시함|깨끗하고 시원한 물, 이온음료, 식염포도당 등을 작업장 인근에 상시 비치함|햇볕을 차단할 수 있는 그늘막 및 휴게공간을 제공함|체감온도 33℃ 이상이 되는 작업장소에서 폭염작업을 하는 경우 매 2시간 이내 20분 이상의 휴식을 취하도록 함 (1시간마다 10분 이상의 휴식을 부여하는 것도 가능)|무더위 시간대(14~17시) 사이에 실외 작업을 되도록 하지 않았음|실내, 옥외 작업 시 냉방장치를 설치 및 가동 중임|근로자에게 쿨토시, 아이스 조끼 등 냉감용품을 지급함|근로자 중 온열질환 민감군(※ 신규 배치자, 과거 온열질환 경력자, 고령자, 뇌심혈관질환자, 고·저혈압환자, 당뇨질환자, 신장질환자, 음주자, 장애인 등)을 파악하여 관리하고 있음|2인 1조  작업을 통해 근로자 간 상호 건강 상태를 수시로 확인하도록 하고 있음|응급상황 대비 비상연락망을 구축하고, 인근 의료기관 및 구급차 진입로를 사전에 파악하고 있음",해당 사항 없음,해당없음,"섭취 주의사항 확인하였으며, 낱개형태의 식염포도당 혹은 분말형 이온음료 비치함",이해하였으며 관리 중임,이해함,이해함,
2026-05-27 15:30,184,한국증권금융,2026-05-26,꼼꼼히 읽어보았고 해당 내용 확인하였음,24,해당 사항 없음,"현장 내 온습도계를 비치하여 매시간 체감온도를 확인하고 근로자에게 전파하고 있음|금일 온열질환 예방 교육을 실시함 (TBM 혹은 별도 교육)|현장에 <온열질환 예방 수칙 OPS> 게시함|깨끗하고 시원한 물, 이온음료, 식염포도당 등을 작업장 인근에 상시 비치함|햇볕을 차단할 수 있는 그늘막 및 휴게공간을 제공함|체감온도 33℃ 이상이 되는 작업장소에서 폭염작업을 하는 경우 매 2시간 이내 20분 이상의 휴식을 취하도록 함 (1시간마다 10분 이상의 휴식을 부여하는 것도 가능)|무더위 시간대(14~17시) 사이에 실외 작업을 되도록 하지 않았음|실내, 옥외 작업 시 냉방장치를 설치 및 가동 중임|근로자에게 쿨토시, 아이스 조끼 등 냉감용품을 지급함|근로자 중 온열질환 민감군(※ 신규 배치자, 과거 온열질환 경력자, 고령자, 뇌심혈관질환자, 고·저혈압환자, 당뇨질환자, 신장질환자, 음주자, 장애인 등)을 파악하여 관리하고 있음|2인 1조  작업을 통해 근로자 간 상호 건강 상태를 수시로 확인하도록 하고 있음|응급상황 대비 비상연락망을 구축하고, 인근 의료기관 및 구급차 진입로를 사전에 파악하고 있음",해당 사항 없음,해당없음,"섭취 주의사항 확인하였으며, 낱개형태의 식염포도당 혹은 분말형 이온음료 비치함",이해하였으며 관리 중임,이해함,이해함,
2026-05-27 15:30,185,이대서울병원,2026-05-27,꼼꼼히 읽어보았고 해당 내용 확인하였음,26.3,해당 사항 없음,"깨끗하고 시원한 물, 이온음료, 식염포도당 등을 작업장 인근에 상시 비치함|체감온도 33℃ 이상이 되는 작업장소에서 폭염작업을 하는 경우 매 2시간 이내 20분 이상의 휴식을 취하도록 함 (1시간마다 10분 이상의 휴식을 부여하는 것도 가능)|무더위 시간대(14~17시) 사이에 실외 작업을 되도록 하지 않았음|근로자에게 쿨토시, 아이스 조끼 등 냉감용품을 지급함|2인 1조  작업을 통해 근로자 간 상호 건강 상태를 수시로 확인하도록 하고 있음",해당 사항 없음,해당없음,"섭취 주의사항 확인하였으며, 낱개형태의 식염포도당 혹은 분말형 이온음료 비치함",이해하였으며 관리 중임,이해함,이해함,
2026-05-27 15:38,186,메리츠화재 부천사옥,2026-05-27,꼼꼼히 읽어보았고 해당 내용 확인하였음,26.2,해당 사항 없음,"현장 내 온습도계를 비치하여 매시간 체감온도를 확인하고 근로자에게 전파하고 있음|금일 온열질환 예방 교육을 실시함 (TBM 혹은 별도 교육)|현장에 <온열질환 예방 수칙 OPS> 게시함|깨끗하고 시원한 물, 이온음료, 식염포도당 등을 작업장 인근에 상시 비치함|햇볕을 차단할 수 있는 그늘막 및 휴게공간을 제공함|체감온도 33℃ 이상이 되는 작업장소에서 폭염작업을 하는 경우 매 2시간 이내 20분 이상의 휴식을 취하도록 함 (1시간마다 10분 이상의 휴식을 부여하는 것도 가능)|무더위 시간대(14~17시) 사이에 실외 작업을 되도록 하지 않았음|실내, 옥외 작업 시 냉방장치를 설치 및 가동 중임|근로자 중 온열질환 민감군(※ 신규 배치자, 과거 온열질환 경력자, 고령자, 뇌심혈관질환자, 고·저혈압환자, 당뇨질환자, 신장질환자, 음주자, 장애인 등)을 파악하여 관리하고 있음|2인 1조  작업을 통해 근로자 간 상호 건강 상태를 수시로 확인하도록 하고 있음|응급상황 대비 비상연락망을 구축하고, 인근 의료기관 및 구급차 진입로를 사전에 파악하고 있음",해당 사항 없음,해당없음,"섭취 주의사항 확인하였으며, 낱개형태의 식염포도당 혹은 분말형 이온음료 비치함",이해하였으며 관리 중임,이해함,이해함,
2026-05-27 15:42,187,한국교직원공제회강원회관,2026-05-27,꼼꼼히 읽어보았고 해당 내용 확인하였음,23,해당 사항 없음,"현장 내 온습도계를 비치하여 매시간 체감온도를 확인하고 근로자에게 전파하고 있음|금일 온열질환 예방 교육을 실시함 (TBM 혹은 별도 교육)|현장에 <온열질환 예방 수칙 OPS> 게시함|깨끗하고 시원한 물, 이온음료, 식염포도당 등을 작업장 인근에 상시 비치함|햇볕을 차단할 수 있는 그늘막 및 휴게공간을 제공함|체감온도 33℃ 이상이 되는 작업장소에서 폭염작업을 하는 경우 매 2시간 이내 20분 이상의 휴식을 취하도록 함 (1시간마다 10분 이상의 휴식을 부여하는 것도 가능)|무더위 시간대(14~17시) 사이에 실외 작업을 되도록 하지 않았음|실내, 옥외 작업 시 냉방장치를 설치 및 가동 중임|근로자에게 쿨토시, 아이스 조끼 등 냉감용품을 지급함|근로자 중 온열질환 민감군(※ 신규 배치자, 과거 온열질환 경력자, 고령자, 뇌심혈관질환자, 고·저혈압환자, 당뇨질환자, 신장질환자, 음주자, 장애인 등)을 파악하여 관리하고 있음|2인 1조  작업을 통해 근로자 간 상호 건강 상태를 수시로 확인하도록 하고 있음|응급상황 대비 비상연락망을 구축하고, 인근 의료기관 및 구급차 진입로를 사전에 파악하고 있음",해당 사항 없음,해당없음,지급하고 있지 않음,이해하였으며 관리 중임,이해함,이해함,
2026-05-27 15:43,188,교직원공제회 인천회관,2026-05-27,꼼꼼히 읽어보았고 해당 내용 확인하였음,23.9,해당 사항 없음,"현장 내 온습도계를 비치하여 매시간 체감온도를 확인하고 근로자에게 전파하고 있음|금일 온열질환 예방 교육을 실시함 (TBM 혹은 별도 교육)|현장에 <온열질환 예방 수칙 OPS> 게시함|깨끗하고 시원한 물, 이온음료, 식염포도당 등을 작업장 인근에 상시 비치함|햇볕을 차단할 수 있는 그늘막 및 휴게공간을 제공함|체감온도 33℃ 이상이 되는 작업장소에서 폭염작업을 하는 경우 매 2시간 이내 20분 이상의 휴식을 취하도록 함 (1시간마다 10분 이상의 휴식을 부여하는 것도 가능)|무더위 시간대(14~17시) 사이에 실외 작업을 되도록 하지 않았음|실내, 옥외 작업 시 냉방장치를 설치 및 가동 중임|근로자에게 쿨토시, 아이스 조끼 등 냉감용품을 지급함|근로자 중 온열질환 민감군(※ 신규 배치자, 과거 온열질환 경력자, 고령자, 뇌심혈관질환자, 고·저혈압환자, 당뇨질환자, 신장질환자, 음주자, 장애인 등)을 파악하여 관리하고 있음|2인 1조  작업을 통해 근로자 간 상호 건강 상태를 수시로 확인하도록 하고 있음|응급상황 대비 비상연락망을 구축하고, 인근 의료기관 및 구급차 진입로를 사전에 파악하고 있음",해당 사항 없음,해당없음,"식염포도당 구매 완료, 물품 도착 시 식염포도당 비치 예정",이해하였으며 관리 중임,이해함,이해함,
2026-05-27 15:47,189,남대문 자유상가,2026-05-27,꼼꼼히 읽어보았고 해당 내용 확인하였음,25.8,해당 사항 없음,"현장 내 온습도계를 비치하여 매시간 체감온도를 확인하고 근로자에게 전파하고 있음|금일 온열질환 예방 교육을 실시함 (TBM 혹은 별도 교육)|현장에 <온열질환 예방 수칙 OPS> 게시함|깨끗하고 시원한 물, 이온음료, 식염포도당 등을 작업장 인근에 상시 비치함|햇볕을 차단할 수 있는 그늘막 및 휴게공간을 제공함|무더위 시간대(14~17시) 사이에 실외 작업을 되도록 하지 않았음|근로자 중 온열질환 민감군(※ 신규 배치자, 과거 온열질환 경력자, 고령자, 뇌심혈관질환자, 고·저혈압환자, 당뇨질환자, 신장질환자, 음주자, 장애인 등)을 파악하여 관리하고 있음|2인 1조  작업을 통해 근로자 간 상호 건강 상태를 수시로 확인하도록 하고 있음|응급상황 대비 비상연락망을 구축하고, 인근 의료기관 및 구급차 진입로를 사전에 파악하고 있음",해당 사항 없음,해당없음,지급하고 있지 않음,이해하였으며 관리 중임,이해함,이해함,
2026-05-27 15:48,190,이폴리스빌딩,2026-05-27,꼼꼼히 읽어보았고 해당 내용 확인하였음,24.6,해당 사항 없음,"현장에 <온열질환 예방 수칙 OPS> 게시함|실내, 옥외 작업 시 냉방장치를 설치 및 가동 중임|근로자 중 온열질환 민감군(※ 신규 배치자, 과거 온열질환 경력자, 고령자, 뇌심혈관질환자, 고·저혈압환자, 당뇨질환자, 신장질환자, 음주자, 장애인 등)을 파악하여 관리하고 있음|응급상황 대비 비상연락망을 구축하고, 인근 의료기관 및 구급차 진입로를 사전에 파악하고 있음",해당 사항 없음,해당없음,지급하고 있지 않음,이해하였으며 관리 중임,이해함,이해함,작업장(분리수거장) 및 휴게실 환경 점검
2026-05-27 15:49,191,인천 Tw1,2026-05-27,꼼꼼히 읽어보았고 해당 내용 확인하였음,26.2,해당 사항 없음,"금일 온열질환 예방 교육을 실시함 (TBM 혹은 별도 교육)|현장에 <온열질환 예방 수칙 OPS> 게시함|깨끗하고 시원한 물, 이온음료, 식염포도당 등을 작업장 인근에 상시 비치함|햇볕을 차단할 수 있는 그늘막 및 휴게공간을 제공함|체감온도 33℃ 이상이 되는 작업장소에서 폭염작업을 하는 경우 매 2시간 이내 20분 이상의 휴식을 취하도록 함 (1시간마다 10분 이상의 휴식을 부여하는 것도 가능)|무더위 시간대(14~17시) 사이에 실외 작업을 되도록 하지 않았음|실내, 옥외 작업 시 냉방장치를 설치 및 가동 중임|근로자 중 온열질환 민감군(※ 신규 배치자, 과거 온열질환 경력자, 고령자, 뇌심혈관질환자, 고·저혈압환자, 당뇨질환자, 신장질환자, 음주자, 장애인 등)을 파악하여 관리하고 있음|2인 1조  작업을 통해 근로자 간 상호 건강 상태를 수시로 확인하도록 하고 있음|응급상황 대비 비상연락망을 구축하고, 인근 의료기관 및 구급차 진입로를 사전에 파악하고 있음|매시간 온도를 체크하지는 않지만 체감 온도가 30도 이상 이면 주기적 체크할 예정",해당 사항 없음,해당없음,"섭취 주의사항 확인하였으며, 낱개형태의 식염포도당 혹은 분말형 이온음료 비치함",이해하였으며 관리 중임,이해함,이해함,
2026-05-27 15:50,192,현대자동차 전주보안,2026-05-27,꼼꼼히 읽어보았고 해당 내용 확인하였음,27.2,해당 사항 없음,"현장 내 온습도계를 비치하여 매시간 체감온도를 확인하고 근로자에게 전파하고 있음|금일 온열질환 예방 교육을 실시함 (TBM 혹은 별도 교육)|현장에 <온열질환 예방 수칙 OPS> 게시함|깨끗하고 시원한 물, 이온음료, 식염포도당 등을 작업장 인근에 상시 비치함|햇볕을 차단할 수 있는 그늘막 및 휴게공간을 제공함",해당 사항 없음,해당없음,"섭취 주의사항 확인하였으며, 대용량 식염포도당 비치함",이해하였으며 관리 중임,이해함,이해함,
2026-05-27 15:59,193,천경 을지로 운영센터,2026-05-27,꼼꼼히 읽어보았고 해당 내용 확인하였음,24,해당 사항 없음,"현장 내 온습도계를 비치하여 매시간 체감온도를 확인하고 근로자에게 전파하고 있음|금일 온열질환 예방 교육을 실시함 (TBM 혹은 별도 교육)|현장에 <온열질환 예방 수칙 OPS> 게시함|깨끗하고 시원한 물, 이온음료, 식염포도당 등을 작업장 인근에 상시 비치함|햇볕을 차단할 수 있는 그늘막 및 휴게공간을 제공함|체감온도 33℃ 이상이 되는 작업장소에서 폭염작업을 하는 경우 매 2시간 이내 20분 이상의 휴식을 취하도록 함 (1시간마다 10분 이상의 휴식을 부여하는 것도 가능)|무더위 시간대(14~17시) 사이에 실외 작업을 되도록 하지 않았음|실내, 옥외 작업 시 냉방장치를 설치 및 가동 중임|근로자에게 쿨토시, 아이스 조끼 등 냉감용품을 지급함|근로자 중 온열질환 민감군(※ 신규 배치자, 과거 온열질환 경력자, 고령자, 뇌심혈관질환자, 고·저혈압환자, 당뇨질환자, 신장질환자, 음주자, 장애인 등)을 파악하여 관리하고 있음|2인 1조  작업을 통해 근로자 간 상호 건강 상태를 수시로 확인하도록 하고 있음|응급상황 대비 비상연락망을 구축하고, 인근 의료기관 및 구급차 진입로를 사전에 파악하고 있음",해당 사항 없음,해당없음,"섭취 주의사항 확인하였으며, 낱개형태의 식염포도당 혹은 분말형 이온음료 비치함",이해하였으며 관리 중임,이해함,이해함,외곽 근무자에게 얼음조끼를 지급했습니다
2026-05-27 16:07,194,KB증권 대치사옥,2026-05-27,꼼꼼히 읽어보았고 해당 내용 확인하였음,25.8,해당 사항 없음,현장에 <온열질환 예방 수칙 OPS> 게시함|2인 1조  작업을 통해 근로자 간 상호 건강 상태를 수시로 확인하도록 하고 있음,해당 사항 없음,해당없음,지급하고 있지 않음,이해하였으며 관리 중임,이해함,이해함,식염포도당과 분말형 이온음료 구매 준비 중
2026-05-27 16:11,195,페럼타워,2026-05-27,꼼꼼히 읽어보았고 해당 내용 확인하였음,30,해당 사항 없음,"현장 내 온습도계를 비치하여 매시간 체감온도를 확인하고 근로자에게 전파하고 있음|금일 온열질환 예방 교육을 실시함 (TBM 혹은 별도 교육)|현장에 <온열질환 예방 수칙 OPS> 게시함|깨끗하고 시원한 물, 이온음료, 식염포도당 등을 작업장 인근에 상시 비치함|체감온도 33℃ 이상이 되는 작업장소에서 폭염작업을 하는 경우 매 2시간 이내 20분 이상의 휴식을 취하도록 함 (1시간마다 10분 이상의 휴식을 부여하는 것도 가능)|무더위 시간대(14~17시) 사이에 실외 작업을 되도록 하지 않았음|실내, 옥외 작업 시 냉방장치를 설치 및 가동 중임|근로자에게 쿨토시, 아이스 조끼 등 냉감용품을 지급함|근로자 중 온열질환 민감군(※ 신규 배치자, 과거 온열질환 경력자, 고령자, 뇌심혈관질환자, 고·저혈압환자, 당뇨질환자, 신장질환자, 음주자, 장애인 등)을 파악하여 관리하고 있음|2인 1조  작업을 통해 근로자 간 상호 건강 상태를 수시로 확인하도록 하고 있음|응급상황 대비 비상연락망을 구축하고, 인근 의료기관 및 구급차 진입로를 사전에 파악하고 있음",해당 사항 없음,해당없음,"섭취 주의사항 확인하였으며, 낱개형태의 식염포도당 혹은 분말형 이온음료 비치함",이해하였으며 관리 중임,이해함,이해함,
2026-05-27 16:17,196,"쿠팡 경산1,2 센터",2026-05-27,꼼꼼히 읽어보았고 해당 내용 확인하였음,23.5,해당 사항 없음,"현장에 <온열질환 예방 수칙 OPS> 게시함|2인 1조  작업을 통해 근로자 간 상호 건강 상태를 수시로 확인하도록 하고 있음|응급상황 대비 비상연락망을 구축하고, 인근 의료기관 및 구급차 진입로를 사전에 파악하고 있음",해당 사항 없음,해당없음,지급하고 있지 않음,이해하였으며 관리 중임,이해함,이해함,
2026-05-27 16:18,197,교원성수빌딩,2026-05-27,꼼꼼히 읽어보았고 해당 내용 확인하였음,25.9,해당 사항 없음,"금일 온열질환 예방 교육을 실시함 (TBM 혹은 별도 교육)|깨끗하고 시원한 물, 이온음료, 식염포도당 등을 작업장 인근에 상시 비치함|햇볕을 차단할 수 있는 그늘막 및 휴게공간을 제공함|체감온도 33℃ 이상이 되는 작업장소에서 폭염작업을 하는 경우 매 2시간 이내 20분 이상의 휴식을 취하도록 함 (1시간마다 10분 이상의 휴식을 부여하는 것도 가능)|무더위 시간대(14~17시) 사이에 실외 작업을 되도록 하지 않았음|실내, 옥외 작업 시 냉방장치를 설치 및 가동 중임|근로자 중 온열질환 민감군(※ 신규 배치자, 과거 온열질환 경력자, 고령자, 뇌심혈관질환자, 고·저혈압환자, 당뇨질환자, 신장질환자, 음주자, 장애인 등)을 파악하여 관리하고 있음|2인 1조  작업을 통해 근로자 간 상호 건강 상태를 수시로 확인하도록 하고 있음|응급상황 대비 비상연락망을 구축하고, 인근 의료기관 및 구급차 진입로를 사전에 파악하고 있음",해당 사항 없음,해당없음,지급하고 있지 않음,이해하였으며 관리 중임,이해함,이해함,"온,습도 확인 및 주위사항 전파
폭염시 휴게시간 준수"
2026-05-27 16:36,198,쿠팡 양산FC,2026-05-27,꼼꼼히 읽어보았고 해당 내용 확인하였음,22.3,해당 사항 없음,금일 온열질환 예방 교육을 실시함 (TBM 혹은 별도 교육)|현장에 <온열질환 예방 수칙 OPS> 게시함|햇볕을 차단할 수 있는 그늘막 및 휴게공간을 제공함,해당 사항 없음,해당없음,지급하고 있지 않음,이해하였으며 관리 중임,이해함,이해함,네
2026-05-27 17:21,199,현대차전주하이테크,2026-05-27,꼼꼼히 읽어보았고 해당 내용 확인하였음,26.5,해당 사항 없음,"현장에 <온열질환 예방 수칙 OPS> 게시함|깨끗하고 시원한 물, 이온음료, 식염포도당 등을 작업장 인근에 상시 비치함|햇볕을 차단할 수 있는 그늘막 및 휴게공간을 제공함|무더위 시간대(14~17시) 사이에 실외 작업을 되도록 하지 않았음",해당 사항 없음,해당없음,물만 지급중,이해하였으며 관리 중임,이해함,이해함,
2026-05-27 17:32,200,부산데상트연구소,2026-05-27,꼼꼼히 읽어보았고 해당 내용 확인하였음,27,해당 사항 없음,"깨끗하고 시원한 물, 이온음료, 식염포도당 등을 작업장 인근에 상시 비치함|햇볕을 차단할 수 있는 그늘막 및 휴게공간을 제공함|체감온도 33℃ 이상이 되는 작업장소에서 폭염작업을 하는 경우 매 2시간 이내 20분 이상의 휴식을 취하도록 함 (1시간마다 10분 이상의 휴식을 부여하는 것도 가능)|무더위 시간대(14~17시) 사이에 실외 작업을 되도록 하지 않았음|실내, 옥외 작업 시 냉방장치를 설치 및 가동 중임|근로자 중 온열질환 민감군(※ 신규 배치자, 과거 온열질환 경력자, 고령자, 뇌심혈관질환자, 고·저혈압환자, 당뇨질환자, 신장질환자, 음주자, 장애인 등)을 파악하여 관리하고 있음|2인 1조  작업을 통해 근로자 간 상호 건강 상태를 수시로 확인하도록 하고 있음|응급상황 대비 비상연락망을 구축하고, 인근 의료기관 및 구급차 진입로를 사전에 파악하고 있음",해당 사항 없음,해당없음,"섭취 주의사항 확인하였으며, 낱개형태의 식염포도당 혹은 분말형 이온음료 비치함",이해하였으며 관리 중임,이해함,이해함,
2026-05-27 18:01,201,사이언스파크DP3(안전환경),2026-05-27,꼼꼼히 읽어보았고 해당 내용 확인하였음,28,해당 사항 없음,"현장 내 온습도계를 비치하여 매시간 체감온도를 확인하고 근로자에게 전파하고 있음|현장에 <온열질환 예방 수칙 OPS> 게시함|깨끗하고 시원한 물, 이온음료, 식염포도당 등을 작업장 인근에 상시 비치함|실내, 옥외 작업 시 냉방장치를 설치 및 가동 중임",해당 사항 없음,해당없음,지급하고 있지 않음,이해하였으며 관리 중임,이해함,이해함,현장 순회점검 실시
2026-05-27 18:28,202,343강남,2026-05-27,꼼꼼히 읽어보았고 해당 내용 확인하였음,24,해당 사항 없음,현장 내 온습도계를 비치하여 매시간 체감온도를 확인하고 근로자에게 전파하고 있음|무더위 시간대(14~17시) 사이에 실외 작업을 되도록 하지 않았음|2인 1조  작업을 통해 근로자 간 상호 건강 상태를 수시로 확인하도록 하고 있음,해당 사항 없음,해당없음,실내 정수기 있음,이해하였으며 관리 중임,이해함,이해함,
2026-05-27 18:36,203,343강남,2026-05-26,꼼꼼히 읽어보았고 해당 내용 확인하였음,24,해당 사항 없음,실내에서 작업하기 때문에 해당없음,해당 사항 없음,해당없음,실내. 근무 현장에 정수기 있음,이해하였으며 관리 중임,이해함,이해함,
2026-05-27 18:53,204,교원인천공장,2026-05-27,꼼꼼히 읽어보았고 해당 내용 확인하였음,26,해당 사항 없음,"현장에 <온열질환 예방 수칙 OPS> 게시함|깨끗하고 시원한 물, 이온음료, 식염포도당 등을 작업장 인근에 상시 비치함|햇볕을 차단할 수 있는 그늘막 및 휴게공간을 제공함|무더위 시간대(14~17시) 사이에 실외 작업을 되도록 하지 않았음|실내, 옥외 작업 시 냉방장치를 설치 및 가동 중임|근로자 중 온열질환 민감군(※ 신규 배치자, 과거 온열질환 경력자, 고령자, 뇌심혈관질환자, 고·저혈압환자, 당뇨질환자, 신장질환자, 음주자, 장애인 등)을 파악하여 관리하고 있음|2인 1조  작업을 통해 근로자 간 상호 건강 상태를 수시로 확인하도록 하고 있음|응급상황 대비 비상연락망을 구축하고, 인근 의료기관 및 구급차 진입로를 사전에 파악하고 있음",해당 사항 없음,해당없음,지급하고 있지 않음,이해하였으며 관리 중임,이해함,이해함,
2026-05-27 19:36,205,잠실야구장,2026-05-27,꼼꼼히 읽어보았고 해당 내용 확인하였음,26.6,해당 사항 없음,"현장 내 온습도계를 비치하여 매시간 체감온도를 확인하고 근로자에게 전파하고 있음|금일 온열질환 예방 교육을 실시함 (TBM 혹은 별도 교육)|현장에 <온열질환 예방 수칙 OPS> 게시함|깨끗하고 시원한 물, 이온음료, 식염포도당 등을 작업장 인근에 상시 비치함|체감온도 33℃ 이상이 되는 작업장소에서 폭염작업을 하는 경우 매 2시간 이내 20분 이상의 휴식을 취하도록 함 (1시간마다 10분 이상의 휴식을 부여하는 것도 가능)|2인 1조  작업을 통해 근로자 간 상호 건강 상태를 수시로 확인하도록 하고 있음",해당 사항 없음,해당없음,"섭취 주의사항 확인하였으며, 낱개형태의 식염포도당 혹은 분말형 이온음료 비치함",이해하였으며 관리 중임,이해함,이해함,
2026-05-28 7:12,206,K스퀘어,2026-05-27,꼼꼼히 읽어보았고 해당 내용 확인하였음,27,해당 사항 없음,"금일 온열질환 예방 교육을 실시함 (TBM 혹은 별도 교육)|깨끗하고 시원한 물, 이온음료, 식염포도당 등을 작업장 인근에 상시 비치함",해당 사항 없음,해당없음,지급하고 있지 않음,이해하였으며 관리 중임,이해함,이해함,
2026-05-28 7:27,207,슈피겐HQ빌딩,2026-05-28,꼼꼼히 읽어보았고 해당 내용 확인하였음,22.3,해당 사항 없음,"현장 내 온습도계를 비치하여 매시간 체감온도를 확인하고 근로자에게 전파하고 있음|무더위 시간대(14~17시) 사이에 실외 작업을 되도록 하지 않았음|실내, 옥외 작업 시 냉방장치를 설치 및 가동 중임|2인 1조  작업을 통해 근로자 간 상호 건강 상태를 수시로 확인하도록 하고 있음|응급상황 대비 비상연락망을 구축하고, 인근 의료기관 및 구급차 진입로를 사전에 파악하고 있음",해당 사항 없음,해당없음,지급하고 있지 않음,이해하였으며 관리 중임,이해함,이해함,
2026-05-28 7:32,208,의왕연구소,2026-05-27,꼼꼼히 읽어보았고 해당 내용 확인하였음,22,해당 사항 없음,"현장 내 온습도계를 비치하여 매시간 체감온도를 확인하고 근로자에게 전파하고 있음|금일 온열질환 예방 교육을 실시함 (TBM 혹은 별도 교육)|현장에 <온열질환 예방 수칙 OPS> 게시함|깨끗하고 시원한 물, 이온음료, 식염포도당 등을 작업장 인근에 상시 비치함|햇볕을 차단할 수 있는 그늘막 및 휴게공간을 제공함|체감온도 33℃ 이상이 되는 작업장소에서 폭염작업을 하는 경우 매 2시간 이내 20분 이상의 휴식을 취하도록 함 (1시간마다 10분 이상의 휴식을 부여하는 것도 가능)|무더위 시간대(14~17시) 사이에 실외 작업을 되도록 하지 않았음|실내, 옥외 작업 시 냉방장치를 설치 및 가동 중임|근로자에게 쿨토시, 아이스 조끼 등 냉감용품을 지급함|근로자 중 온열질환 민감군(※ 신규 배치자, 과거 온열질환 경력자, 고령자, 뇌심혈관질환자, 고·저혈압환자, 당뇨질환자, 신장질환자, 음주자, 장애인 등)을 파악하여 관리하고 있음|2인 1조  작업을 통해 근로자 간 상호 건강 상태를 수시로 확인하도록 하고 있음|응급상황 대비 비상연락망을 구축하고, 인근 의료기관 및 구급차 진입로를 사전에 파악하고 있음",해당 사항 없음,해당없음,"섭취 주의사항 확인하였으며, 대용량 식염포도당 비치함",이해하였으며 관리 중임,이해함,이해함,
2026-05-28 7:42,209,국민은행 속초연수원,2026-05-28,꼼꼼히 읽어보았고 해당 내용 확인하였음,25,해당 사항 없음,"현장 내 온습도계를 비치하여 매시간 체감온도를 확인하고 근로자에게 전파하고 있음|금일 온열질환 예방 교육을 실시함 (TBM 혹은 별도 교육)|현장에 <온열질환 예방 수칙 OPS> 게시함|깨끗하고 시원한 물, 이온음료, 식염포도당 등을 작업장 인근에 상시 비치함|햇볕을 차단할 수 있는 그늘막 및 휴게공간을 제공함|실내, 옥외 작업 시 냉방장치를 설치 및 가동 중임|근로자 중 온열질환 민감군(※ 신규 배치자, 과거 온열질환 경력자, 고령자, 뇌심혈관질환자, 고·저혈압환자, 당뇨질환자, 신장질환자, 음주자, 장애인 등)을 파악하여 관리하고 있음|2인 1조  작업을 통해 근로자 간 상호 건강 상태를 수시로 확인하도록 하고 있음|응급상황 대비 비상연락망을 구축하고, 인근 의료기관 및 구급차 진입로를 사전에 파악하고 있음",해당 사항 없음,해당없음,"섭취 주의사항 확인하였으며, 대용량 식염포도당 비치함",이해하였으며 관리 중임,이해함,이해함,
2026-05-28 8:09,210,한양대학교,2026-05-28,꼼꼼히 읽어보았고 해당 내용 확인하였음,22.5,해당 사항 없음,"현장 내 온습도계를 비치하여 매시간 체감온도를 확인하고 근로자에게 전파하고 있음|금일 온열질환 예방 교육을 실시함 (TBM 혹은 별도 교육)|현장에 <온열질환 예방 수칙 OPS> 게시함|깨끗하고 시원한 물, 이온음료, 식염포도당 등을 작업장 인근에 상시 비치함|햇볕을 차단할 수 있는 그늘막 및 휴게공간을 제공함|체감온도 33℃ 이상이 되는 작업장소에서 폭염작업을 하는 경우 매 2시간 이내 20분 이상의 휴식을 취하도록 함 (1시간마다 10분 이상의 휴식을 부여하는 것도 가능)|무더위 시간대(14~17시) 사이에 실외 작업을 되도록 하지 않았음|실내, 옥외 작업 시 냉방장치를 설치 및 가동 중임|근로자에게 쿨토시, 아이스 조끼 등 냉감용품을 지급함|근로자 중 온열질환 민감군(※ 신규 배치자, 과거 온열질환 경력자, 고령자, 뇌심혈관질환자, 고·저혈압환자, 당뇨질환자, 신장질환자, 음주자, 장애인 등)을 파악하여 관리하고 있음|2인 1조  작업을 통해 근로자 간 상호 건강 상태를 수시로 확인하도록 하고 있음|응급상황 대비 비상연락망을 구축하고, 인근 의료기관 및 구급차 진입로를 사전에 파악하고 있음",해당 사항 없음,해당없음,지급하고 있지 않음,이해하였으며 관리 중임,이해함,이해함,작업 시작전 전직원 건강상태 확인 및 순회 점검실시
2026-05-28 8:10,211,슈피겐 인천물류센터,2026-05-27,꼼꼼히 읽어보았고 해당 내용 확인하였음,25,해당 사항 없음,"현장 내 온습도계를 비치하여 매시간 체감온도를 확인하고 근로자에게 전파하고 있음|현장에 <온열질환 예방 수칙 OPS> 게시함|깨끗하고 시원한 물, 이온음료, 식염포도당 등을 작업장 인근에 상시 비치함|실내, 옥외 작업 시 냉방장치를 설치 및 가동 중임|근로자에게 쿨토시, 아이스 조끼 등 냉감용품을 지급함|근로자 중 온열질환 민감군(※ 신규 배치자, 과거 온열질환 경력자, 고령자, 뇌심혈관질환자, 고·저혈압환자, 당뇨질환자, 신장질환자, 음주자, 장애인 등)을 파악하여 관리하고 있음|응급상황 대비 비상연락망을 구축하고, 인근 의료기관 및 구급차 진입로를 사전에 파악하고 있음|식염포도당 추가구매예정 이온음료 구매예정",무더위 시간대(14~17시)에는 불가피한 경우를 제외하고는 옥외작업 중지|폭염시 옥외작업 중지,해당없음,"식염포도당 지급하고 있음, 이온음료 지급예정",이해하였으며 관리 중임,이해함,이해함,
2026-05-28 8:14,212,슈피겐 인천물류센터,2026-05-28,꼼꼼히 읽어보았고 해당 내용 확인하였음,28,해당 사항 없음,"금일 온열질환 예방 교육을 실시함 (TBM 혹은 별도 교육)|현장에 <온열질환 예방 수칙 OPS> 게시함|깨끗하고 시원한 물, 이온음료, 식염포도당 등을 작업장 인근에 상시 비치함|체감온도 33℃ 이상이 되는 작업장소에서 폭염작업을 하는 경우 매 2시간 이내 20분 이상의 휴식을 취하도록 함 (1시간마다 10분 이상의 휴식을 부여하는 것도 가능)|근로자에게 쿨토시, 아이스 조끼 등 냉감용품을 지급함|근로자 중 온열질환 민감군(※ 신규 배치자, 과거 온열질환 경력자, 고령자, 뇌심혈관질환자, 고·저혈압환자, 당뇨질환자, 신장질환자, 음주자, 장애인 등)을 파악하여 관리하고 있음|응급상황 대비 비상연락망을 구축하고, 인근 의료기관 및 구급차 진입로를 사전에 파악하고 있음|식염포도당 지급하고 있음, 이온음료 구매후 지급예정",해당 사항 없음,해당없음,"섭취 주의사항 확인하였으며, 대용량 식염포도당 비치함",이해하였으며 관리 중임,이해함,이해함,
2026-05-28 8:19,213,사이언스파크2차부지,2026-05-28,꼼꼼히 읽어보았고 해당 내용 확인하였음,25,해당 사항 없음,"현장 내 온습도계를 비치하여 매시간 체감온도를 확인하고 근로자에게 전파하고 있음|금일 온열질환 예방 교육을 실시함 (TBM 혹은 별도 교육)|현장에 <온열질환 예방 수칙 OPS> 게시함|깨끗하고 시원한 물, 이온음료, 식염포도당 등을 작업장 인근에 상시 비치함|체감온도 33℃ 이상이 되는 작업장소에서 폭염작업을 하는 경우 매 2시간 이내 20분 이상의 휴식을 취하도록 함 (1시간마다 10분 이상의 휴식을 부여하는 것도 가능)|무더위 시간대(14~17시) 사이에 실외 작업을 되도록 하지 않았음|근로자 중 온열질환 민감군(※ 신규 배치자, 과거 온열질환 경력자, 고령자, 뇌심혈관질환자, 고·저혈압환자, 당뇨질환자, 신장질환자, 음주자, 장애인 등)을 파악하여 관리하고 있음|2인 1조  작업을 통해 근로자 간 상호 건강 상태를 수시로 확인하도록 하고 있음|응급상황 대비 비상연락망을 구축하고, 인근 의료기관 및 구급차 진입로를 사전에 파악하고 있음",해당 사항 없음,해당없음,"섭취 주의사항 확인하였으며, 낱개형태의 식염포도당 혹은 분말형 이온음료 비치함",이해하였으며 관리 중임,이해함,이해함,체감온도 수시 체크
2026-05-28 8:19,214,국민은행 일산연수원,2026-05-28,꼼꼼히 읽어보았고 해당 내용 확인하였음,22,해당 사항 없음,현장에 <온열질환 예방 수칙 OPS> 게시함|햇볕을 차단할 수 있는 그늘막 및 휴게공간을 제공함|체감온도 33℃ 이상이 되는 작업장소에서 폭염작업을 하는 경우 매 2시간 이내 20분 이상의 휴식을 취하도록 함 (1시간마다 10분 이상의 휴식을 부여하는 것도 가능)|2인 1조  작업을 통해 근로자 간 상호 건강 상태를 수시로 확인하도록 하고 있음,해당 사항 없음,해당없음,지급하고 있지 않음,이해하였으며 관리 중임,이해함,이해함,금일 해당사항 없음 .
2026-05-28 8:46,215,제주대BTL생활관,2026-05-28,꼼꼼히 읽어보았고 해당 내용 확인하였음,22,해당 사항 없음,"현장 내 온습도계를 비치하여 매시간 체감온도를 확인하고 근로자에게 전파하고 있음|금일 온열질환 예방 교육을 실시함 (TBM 혹은 별도 교육)|현장에 <온열질환 예방 수칙 OPS> 게시함|깨끗하고 시원한 물, 이온음료, 식염포도당 등을 작업장 인근에 상시 비치함|햇볕을 차단할 수 있는 그늘막 및 휴게공간을 제공함|체감온도 33℃ 이상이 되는 작업장소에서 폭염작업을 하는 경우 매 2시간 이내 20분 이상의 휴식을 취하도록 함 (1시간마다 10분 이상의 휴식을 부여하는 것도 가능)|무더위 시간대(14~17시) 사이에 실외 작업을 되도록 하지 않았음|실내, 옥외 작업 시 냉방장치를 설치 및 가동 중임|근로자에게 쿨토시, 아이스 조끼 등 냉감용품을 지급함|근로자 중 온열질환 민감군(※ 신규 배치자, 과거 온열질환 경력자, 고령자, 뇌심혈관질환자, 고·저혈압환자, 당뇨질환자, 신장질환자, 음주자, 장애인 등)을 파악하여 관리하고 있음|2인 1조  작업을 통해 근로자 간 상호 건강 상태를 수시로 확인하도록 하고 있음|응급상황 대비 비상연락망을 구축하고, 인근 의료기관 및 구급차 진입로를 사전에 파악하고 있음",해당 사항 없음,해당없음,"섭취 주의사항 확인하였으며, 낱개형태의 식염포도당 혹은 분말형 이온음료 비치함",이해하였으며 관리 중임,이해함,이해함,
2026-05-28 8:46,216,한국증권금융,2026-05-28,꼼꼼히 읽어보았고 해당 내용 확인하였음,24,해당 사항 없음,"현장 내 온습도계를 비치하여 매시간 체감온도를 확인하고 근로자에게 전파하고 있음|금일 온열질환 예방 교육을 실시함 (TBM 혹은 별도 교육)|현장에 <온열질환 예방 수칙 OPS> 게시함|깨끗하고 시원한 물, 이온음료, 식염포도당 등을 작업장 인근에 상시 비치함|햇볕을 차단할 수 있는 그늘막 및 휴게공간을 제공함|체감온도 33℃ 이상이 되는 작업장소에서 폭염작업을 하는 경우 매 2시간 이내 20분 이상의 휴식을 취하도록 함 (1시간마다 10분 이상의 휴식을 부여하는 것도 가능)|무더위 시간대(14~17시) 사이에 실외 작업을 되도록 하지 않았음|실내, 옥외 작업 시 냉방장치를 설치 및 가동 중임|근로자에게 쿨토시, 아이스 조끼 등 냉감용품을 지급함|근로자 중 온열질환 민감군(※ 신규 배치자, 과거 온열질환 경력자, 고령자, 뇌심혈관질환자, 고·저혈압환자, 당뇨질환자, 신장질환자, 음주자, 장애인 등)을 파악하여 관리하고 있음|2인 1조  작업을 통해 근로자 간 상호 건강 상태를 수시로 확인하도록 하고 있음|응급상황 대비 비상연락망을 구축하고, 인근 의료기관 및 구급차 진입로를 사전에 파악하고 있음",해당 사항 없음,해당없음,"섭취 주의사항 확인하였으며, 낱개형태의 식염포도당 혹은 분말형 이온음료 비치함",이해하였으며 관리 중임,이해함,이해함,
2026-05-28 8:48,217,LG사이언스파크_DP3_동측1차부지,2026-05-27,꼼꼼히 읽어보았고 해당 내용 확인하였음,28.9,해당 사항 없음,"현장 내 온습도계를 비치하여 매시간 체감온도를 확인하고 근로자에게 전파하고 있음|금일 온열질환 예방 교육을 실시함 (TBM 혹은 별도 교육)|현장에 <온열질환 예방 수칙 OPS> 게시함|깨끗하고 시원한 물, 이온음료, 식염포도당 등을 작업장 인근에 상시 비치함|햇볕을 차단할 수 있는 그늘막 및 휴게공간을 제공함|체감온도 33℃ 이상이 되는 작업장소에서 폭염작업을 하는 경우 매 2시간 이내 20분 이상의 휴식을 취하도록 함 (1시간마다 10분 이상의 휴식을 부여하는 것도 가능)|무더위 시간대(14~17시) 사이에 실외 작업을 되도록 하지 않았음|실내, 옥외 작업 시 냉방장치를 설치 및 가동 중임|근로자에게 쿨토시, 아이스 조끼 등 냉감용품을 지급함|근로자 중 온열질환 민감군(※ 신규 배치자, 과거 온열질환 경력자, 고령자, 뇌심혈관질환자, 고·저혈압환자, 당뇨질환자, 신장질환자, 음주자, 장애인 등)을 파악하여 관리하고 있음|2인 1조  작업을 통해 근로자 간 상호 건강 상태를 수시로 확인하도록 하고 있음|응급상황 대비 비상연락망을 구축하고, 인근 의료기관 및 구급차 진입로를 사전에 파악하고 있음",해당 사항 없음,해당없음,"섭취 주의사항 확인하였으며, 대용량 식염포도당 비치함",이해하였으며 관리 중임,이해함,이해함,특이사항 없음
2026-05-28 8:49,218,LG사이언스파크_DP3_동측1차부지,2026-05-28,꼼꼼히 읽어보았고 해당 내용 확인하였음,24,해당 사항 없음,"현장 내 온습도계를 비치하여 매시간 체감온도를 확인하고 근로자에게 전파하고 있음|금일 온열질환 예방 교육을 실시함 (TBM 혹은 별도 교육)|현장에 <온열질환 예방 수칙 OPS> 게시함|깨끗하고 시원한 물, 이온음료, 식염포도당 등을 작업장 인근에 상시 비치함|햇볕을 차단할 수 있는 그늘막 및 휴게공간을 제공함|체감온도 33℃ 이상이 되는 작업장소에서 폭염작업을 하는 경우 매 2시간 이내 20분 이상의 휴식을 취하도록 함 (1시간마다 10분 이상의 휴식을 부여하는 것도 가능)|무더위 시간대(14~17시) 사이에 실외 작업을 되도록 하지 않았음|실내, 옥외 작업 시 냉방장치를 설치 및 가동 중임|근로자에게 쿨토시, 아이스 조끼 등 냉감용품을 지급함|근로자 중 온열질환 민감군(※ 신규 배치자, 과거 온열질환 경력자, 고령자, 뇌심혈관질환자, 고·저혈압환자, 당뇨질환자, 신장질환자, 음주자, 장애인 등)을 파악하여 관리하고 있음|2인 1조  작업을 통해 근로자 간 상호 건강 상태를 수시로 확인하도록 하고 있음|응급상황 대비 비상연락망을 구축하고, 인근 의료기관 및 구급차 진입로를 사전에 파악하고 있음",해당 사항 없음,해당없음,"섭취 주의사항 확인하였으며, 대용량 식염포도당 비치함",이해하였으며 관리 중임,이해함,이해함,특이사항 없음
2026-05-28 8:51,219,도산150빌딩,2026-05-28,꼼꼼히 읽어보았고 해당 내용 확인하였음,21.8,해당 사항 없음,현장 내 온습도계를 비치하여 매시간 체감온도를 확인하고 근로자에게 전파하고 있음|금일 온열질환 예방 교육을 실시함 (TBM 혹은 별도 교육)|2인 1조  작업을 통해 근로자 간 상호 건강 상태를 수시로 확인하도록 하고 있음,해당 사항 없음,해당없음,지급하고 있지 않음,이해하였으며 관리 중임,이해함,이해함,
2026-05-28 8:54,220,LG사이언스파크 DP2,2026-05-28,꼼꼼히 읽어보았고 해당 내용 확인하였음,23,해당 사항 없음,"현장 내 온습도계를 비치하여 매시간 체감온도를 확인하고 근로자에게 전파하고 있음|금일 온열질환 예방 교육을 실시함 (TBM 혹은 별도 교육)|현장에 <온열질환 예방 수칙 OPS> 게시함|깨끗하고 시원한 물, 이온음료, 식염포도당 등을 작업장 인근에 상시 비치함|햇볕을 차단할 수 있는 그늘막 및 휴게공간을 제공함|체감온도 33℃ 이상이 되는 작업장소에서 폭염작업을 하는 경우 매 2시간 이내 20분 이상의 휴식을 취하도록 함 (1시간마다 10분 이상의 휴식을 부여하는 것도 가능)|무더위 시간대(14~17시) 사이에 실외 작업을 되도록 하지 않았음|실내, 옥외 작업 시 냉방장치를 설치 및 가동 중임|근로자에게 쿨토시, 아이스 조끼 등 냉감용품을 지급함|근로자 중 온열질환 민감군(※ 신규 배치자, 과거 온열질환 경력자, 고령자, 뇌심혈관질환자, 고·저혈압환자, 당뇨질환자, 신장질환자, 음주자, 장애인 등)을 파악하여 관리하고 있음|2인 1조  작업을 통해 근로자 간 상호 건강 상태를 수시로 확인하도록 하고 있음|응급상황 대비 비상연락망을 구축하고, 인근 의료기관 및 구급차 진입로를 사전에 파악하고 있음",해당 사항 없음,해당없음,"섭취 주의사항 확인하였으며, 낱개형태의 식염포도당 혹은 분말형 이온음료 비치함",이해하였으며 관리 중임,이해함,이해함,각동 관리감독자 매시간 온열질환 관련 예방점검
2026-05-28 9:01,221,상암 디지털큐브,2026-05-28,꼼꼼히 읽어보았고 해당 내용 확인하였음,24.6,해당 사항 없음,"현장 내 온습도계를 비치하여 매시간 체감온도를 확인하고 근로자에게 전파하고 있음|금일 온열질환 예방 교육을 실시함 (TBM 혹은 별도 교육)|현장에 <온열질환 예방 수칙 OPS> 게시함|깨끗하고 시원한 물, 이온음료, 식염포도당 등을 작업장 인근에 상시 비치함|햇볕을 차단할 수 있는 그늘막 및 휴게공간을 제공함|체감온도 33℃ 이상이 되는 작업장소에서 폭염작업을 하는 경우 매 2시간 이내 20분 이상의 휴식을 취하도록 함 (1시간마다 10분 이상의 휴식을 부여하는 것도 가능)|무더위 시간대(14~17시) 사이에 실외 작업을 되도록 하지 않았음|실내, 옥외 작업 시 냉방장치를 설치 및 가동 중임|근로자에게 쿨토시, 아이스 조끼 등 냉감용품을 지급함|근로자 중 온열질환 민감군(※ 신규 배치자, 과거 온열질환 경력자, 고령자, 뇌심혈관질환자, 고·저혈압환자, 당뇨질환자, 신장질환자, 음주자, 장애인 등)을 파악하여 관리하고 있음|2인 1조  작업을 통해 근로자 간 상호 건강 상태를 수시로 확인하도록 하고 있음|응급상황 대비 비상연락망을 구축하고, 인근 의료기관 및 구급차 진입로를 사전에 파악하고 있음",해당 사항 없음,해당없음,"섭취 주의사항 확인하였으며, 낱개형태의 식염포도당 혹은 분말형 이온음료 비치함",이해하였으며 관리 중임,이해함,이해함,
2026-05-28 9:18,222,메리츠화재 부천사옥 송내,2026-05-28,꼼꼼히 읽어보았고 해당 내용 확인하였음,22.5,해당 사항 없음,"현장 내 온습도계를 비치하여 매시간 체감온도를 확인하고 근로자에게 전파하고 있음|금일 온열질환 예방 교육을 실시함 (TBM 혹은 별도 교육)|현장에 <온열질환 예방 수칙 OPS> 게시함|깨끗하고 시원한 물, 이온음료, 식염포도당 등을 작업장 인근에 상시 비치함|햇볕을 차단할 수 있는 그늘막 및 휴게공간을 제공함|체감온도 33℃ 이상이 되는 작업장소에서 폭염작업을 하는 경우 매 2시간 이내 20분 이상의 휴식을 취하도록 함 (1시간마다 10분 이상의 휴식을 부여하는 것도 가능)|무더위 시간대(14~17시) 사이에 실외 작업을 되도록 하지 않았음|실내, 옥외 작업 시 냉방장치를 설치 및 가동 중임|근로자 중 온열질환 민감군(※ 신규 배치자, 과거 온열질환 경력자, 고령자, 뇌심혈관질환자, 고·저혈압환자, 당뇨질환자, 신장질환자, 음주자, 장애인 등)을 파악하여 관리하고 있음|2인 1조  작업을 통해 근로자 간 상호 건강 상태를 수시로 확인하도록 하고 있음|응급상황 대비 비상연락망을 구축하고, 인근 의료기관 및 구급차 진입로를 사전에 파악하고 있음",해당 사항 없음,해당없음,"섭취 주의사항 확인하였으며, 낱개형태의 식염포도당 혹은 분말형 이온음료 비치함",이해하였으며 관리 중임,이해함,이해함,
2026-05-28 9:20,223,인덕원 IT 밸리,2026-05-28,꼼꼼히 읽어보았고 해당 내용 확인하였음,25,해당 사항 없음,"현장 내 온습도계를 비치하여 매시간 체감온도를 확인하고 근로자에게 전파하고 있음|현장에 <온열질환 예방 수칙 OPS> 게시함|깨끗하고 시원한 물, 이온음료, 식염포도당 등을 작업장 인근에 상시 비치함|햇볕을 차단할 수 있는 그늘막 및 휴게공간을 제공함|체감온도 33℃ 이상이 되는 작업장소에서 폭염작업을 하는 경우 매 2시간 이내 20분 이상의 휴식을 취하도록 함 (1시간마다 10분 이상의 휴식을 부여하는 것도 가능)|무더위 시간대(14~17시) 사이에 실외 작업을 되도록 하지 않았음|실내, 옥외 작업 시 냉방장치를 설치 및 가동 중임|근로자 중 온열질환 민감군(※ 신규 배치자, 과거 온열질환 경력자, 고령자, 뇌심혈관질환자, 고·저혈압환자, 당뇨질환자, 신장질환자, 음주자, 장애인 등)을 파악하여 관리하고 있음|2인 1조  작업을 통해 근로자 간 상호 건강 상태를 수시로 확인하도록 하고 있음|응급상황 대비 비상연락망을 구축하고, 인근 의료기관 및 구급차 진입로를 사전에 파악하고 있음",해당 사항 없음,해당없음,지급하고 있지 않음,이해하였으며 관리 중임,이해함,이해함,매일점검
2026-05-28 9:21,224,KB증권 남울산,2026-05-28,꼼꼼히 읽어보았고 해당 내용 확인하였음,29,해당 사항 없음,"현장 내 온습도계를 비치하여 매시간 체감온도를 확인하고 근로자에게 전파하고 있음|금일 온열질환 예방 교육을 실시함 (TBM 혹은 별도 교육)|현장에 <온열질환 예방 수칙 OPS> 게시함|깨끗하고 시원한 물, 이온음료, 식염포도당 등을 작업장 인근에 상시 비치함|햇볕을 차단할 수 있는 그늘막 및 휴게공간을 제공함|체감온도 33℃ 이상이 되는 작업장소에서 폭염작업을 하는 경우 매 2시간 이내 20분 이상의 휴식을 취하도록 함 (1시간마다 10분 이상의 휴식을 부여하는 것도 가능)|무더위 시간대(14~17시) 사이에 실외 작업을 되도록 하지 않았음|실내, 옥외 작업 시 냉방장치를 설치 및 가동 중임|근로자에게 쿨토시, 아이스 조끼 등 냉감용품을 지급함|근로자 중 온열질환 민감군(※ 신규 배치자, 과거 온열질환 경력자, 고령자, 뇌심혈관질환자, 고·저혈압환자, 당뇨질환자, 신장질환자, 음주자, 장애인 등)을 파악하여 관리하고 있음|2인 1조  작업을 통해 근로자 간 상호 건강 상태를 수시로 확인하도록 하고 있음|응급상황 대비 비상연락망을 구축하고, 인근 의료기관 및 구급차 진입로를 사전에 파악하고 있음",해당 사항 없음,해당없음,"소금, 얼음냉수 비치",이해하였으며 관리 중임,이해함,이해함,온열질환 예방 일일체크리스트 작성
2026-05-28 9:24,225,나라키움 대전통합청사,2026-05-28,꼼꼼히 읽어보았고 해당 내용 확인하였음,23.2,해당 사항 없음,"현장에 <온열질환 예방 수칙 OPS> 게시함|깨끗하고 시원한 물, 이온음료, 식염포도당 등을 작업장 인근에 상시 비치함|2인 1조  작업을 통해 근로자 간 상호 건강 상태를 수시로 확인하도록 하고 있음",해당 사항 없음,해당없음,"깨끗한 물을 항상 제공하고 있음, 이외 필요시 추가적으로 구매하여 제공하고 있음",이해하였으며 관리 중임,이해함,이해함,온열질환 발생시에 충분한 휴식시간을 제공하고 있습니다.
2026-05-28 9:29,226,한진 월미도 물류센터,2026-05-28,꼼꼼히 읽어보았고 해당 내용 확인하였음,26.2,해당 사항 없음,"현장 내 온습도계를 비치하여 매시간 체감온도를 확인하고 근로자에게 전파하고 있음|금일 온열질환 예방 교육을 실시함 (TBM 혹은 별도 교육)|현장에 <온열질환 예방 수칙 OPS> 게시함|깨끗하고 시원한 물, 이온음료, 식염포도당 등을 작업장 인근에 상시 비치함|햇볕을 차단할 수 있는 그늘막 및 휴게공간을 제공함|무더위 시간대(14~17시) 사이에 실외 작업을 되도록 하지 않았음|실내, 옥외 작업 시 냉방장치를 설치 및 가동 중임|근로자 중 온열질환 민감군(※ 신규 배치자, 과거 온열질환 경력자, 고령자, 뇌심혈관질환자, 고·저혈압환자, 당뇨질환자, 신장질환자, 음주자, 장애인 등)을 파악하여 관리하고 있음|2인 1조  작업을 통해 근로자 간 상호 건강 상태를 수시로 확인하도록 하고 있음|응급상황 대비 비상연락망을 구축하고, 인근 의료기관 및 구급차 진입로를 사전에 파악하고 있음",해당 사항 없음,해당없음,정수기 냉수,이해하였으며 관리 중임,이해함,이해함,
2026-05-28 9:32,227,한진 인천정비공장,2026-05-28,꼼꼼히 읽어보았고 해당 내용 확인하였음,27.7,해당 사항 없음,"현장 내 온습도계를 비치하여 매시간 체감온도를 확인하고 근로자에게 전파하고 있음|금일 온열질환 예방 교육을 실시함 (TBM 혹은 별도 교육)|현장에 <온열질환 예방 수칙 OPS> 게시함|깨끗하고 시원한 물, 이온음료, 식염포도당 등을 작업장 인근에 상시 비치함|햇볕을 차단할 수 있는 그늘막 및 휴게공간을 제공함|무더위 시간대(14~17시) 사이에 실외 작업을 되도록 하지 않았음|실내, 옥외 작업 시 냉방장치를 설치 및 가동 중임|근로자 중 온열질환 민감군(※ 신규 배치자, 과거 온열질환 경력자, 고령자, 뇌심혈관질환자, 고·저혈압환자, 당뇨질환자, 신장질환자, 음주자, 장애인 등)을 파악하여 관리하고 있음|2인 1조  작업을 통해 근로자 간 상호 건강 상태를 수시로 확인하도록 하고 있음|응급상황 대비 비상연락망을 구축하고, 인근 의료기관 및 구급차 진입로를 사전에 파악하고 있음",해당 사항 없음,해당없음,정수기 냉수,이해하였으며 관리 중임,이해함,이해함,
2026-05-28 9:35,228,성우빌딩,2026-05-28,꼼꼼히 읽어보았고 해당 내용 확인하였음,19.5,해당 사항 없음,"금일 온열질환 예방 교육을 실시함 (TBM 혹은 별도 교육)|현장에 <온열질환 예방 수칙 OPS> 게시함|체감온도 33℃ 이상이 되는 작업장소에서 폭염작업을 하는 경우 매 2시간 이내 20분 이상의 휴식을 취하도록 함 (1시간마다 10분 이상의 휴식을 부여하는 것도 가능)|무더위 시간대(14~17시) 사이에 실외 작업을 되도록 하지 않았음|실내, 옥외 작업 시 냉방장치를 설치 및 가동 중임|근로자 중 온열질환 민감군(※ 신규 배치자, 과거 온열질환 경력자, 고령자, 뇌심혈관질환자, 고·저혈압환자, 당뇨질환자, 신장질환자, 음주자, 장애인 등)을 파악하여 관리하고 있음|2인 1조  작업을 통해 근로자 간 상호 건강 상태를 수시로 확인하도록 하고 있음|응급상황 대비 비상연락망을 구축하고, 인근 의료기관 및 구급차 진입로를 사전에 파악하고 있음",해당 사항 없음,해당없음,지급하고 있지 않음,이해하였으며 관리 중임,이해함,이해함,
2026-05-28 9:58,229,마곡뉴파워프라즈마,2026-05-28,꼼꼼히 읽어보았고 해당 내용 확인하였음,22.5,해당 사항 없음,"금일 온열질환 예방 교육을 실시함 (TBM 혹은 별도 교육)|현장에 <온열질환 예방 수칙 OPS> 게시함|햇볕을 차단할 수 있는 그늘막 및 휴게공간을 제공함|체감온도 33℃ 이상이 되는 작업장소에서 폭염작업을 하는 경우 매 2시간 이내 20분 이상의 휴식을 취하도록 함 (1시간마다 10분 이상의 휴식을 부여하는 것도 가능)|무더위 시간대(14~17시) 사이에 실외 작업을 되도록 하지 않았음|실내, 옥외 작업 시 냉방장치를 설치 및 가동 중임|근로자에게 쿨토시, 아이스 조끼 등 냉감용품을 지급함|근로자 중 온열질환 민감군(※ 신규 배치자, 과거 온열질환 경력자, 고령자, 뇌심혈관질환자, 고·저혈압환자, 당뇨질환자, 신장질환자, 음주자, 장애인 등)을 파악하여 관리하고 있음|응급상황 대비 비상연락망을 구축하고, 인근 의료기관 및 구급차 진입로를 사전에 파악하고 있음",해당 사항 없음,해당없음,6월초내로 구비 및 비치 예정,이해하였으며 관리 중임,이해함,이해함,
2026-05-28 10:17,230,LG시그니처 논현,2026-05-28,꼼꼼히 읽어보았고 해당 내용 확인하였음,22.4,해당 사항 없음,"실내, 옥외 작업 시 냉방장치를 설치 및 가동 중임|2인 1조  작업을 통해 근로자 간 상호 건강 상태를 수시로 확인하도록 하고 있음",해당 사항 없음,해당없음,"정수기가 비치되어 있어, 항시 정수된 깨끗한 물을 섭취하고 있습니다",이해하였으며 관리 중임,이해함,이해함,매일 온열질환 예방 관련 지침을 함께 일하는 직원분과 공유하고 있습니다
2026-05-28 10:39,231,홍익대세종 미화,2026-05-28,꼼꼼히 읽어보았고 해당 내용 확인하였음,23.2,해당 사항 없음,"현장 내 온습도계를 비치하여 매시간 체감온도를 확인하고 근로자에게 전파하고 있음|금일 온열질환 예방 교육을 실시함 (TBM 혹은 별도 교육)|현장에 <온열질환 예방 수칙 OPS> 게시함|깨끗하고 시원한 물, 이온음료, 식염포도당 등을 작업장 인근에 상시 비치함|햇볕을 차단할 수 있는 그늘막 및 휴게공간을 제공함|체감온도 33℃ 이상이 되는 작업장소에서 폭염작업을 하는 경우 매 2시간 이내 20분 이상의 휴식을 취하도록 함 (1시간마다 10분 이상의 휴식을 부여하는 것도 가능)|무더위 시간대(14~17시) 사이에 실외 작업을 되도록 하지 않았음|실내, 옥외 작업 시 냉방장치를 설치 및 가동 중임|근로자 중 온열질환 민감군(※ 신규 배치자, 과거 온열질환 경력자, 고령자, 뇌심혈관질환자, 고·저혈압환자, 당뇨질환자, 신장질환자, 음주자, 장애인 등)을 파악하여 관리하고 있음|2인 1조  작업을 통해 근로자 간 상호 건강 상태를 수시로 확인하도록 하고 있음|응급상황 대비 비상연락망을 구축하고, 인근 의료기관 및 구급차 진입로를 사전에 파악하고 있음",해당 사항 없음,해당없음,지급하고 있지 않음,이해하였으며 관리 중임,이해함,이해함,직원휴게공간 수시점검
2026-05-28 10:42,232,천안환경에너지사업소,2026-05-28,꼼꼼히 읽어보았고 해당 내용 확인하였음,25.1,해당 사항 없음,"현장 내 온습도계를 비치하여 매시간 체감온도를 확인하고 근로자에게 전파하고 있음|금일 온열질환 예방 교육을 실시함 (TBM 혹은 별도 교육)|현장에 <온열질환 예방 수칙 OPS> 게시함|깨끗하고 시원한 물, 이온음료, 식염포도당 등을 작업장 인근에 상시 비치함|햇볕을 차단할 수 있는 그늘막 및 휴게공간을 제공함|체감온도 33℃ 이상이 되는 작업장소에서 폭염작업을 하는 경우 매 2시간 이내 20분 이상의 휴식을 취하도록 함 (1시간마다 10분 이상의 휴식을 부여하는 것도 가능)|무더위 시간대(14~17시) 사이에 실외 작업을 되도록 하지 않았음|실내, 옥외 작업 시 냉방장치를 설치 및 가동 중임|근로자에게 쿨토시, 아이스 조끼 등 냉감용품을 지급함|근로자 중 온열질환 민감군(※ 신규 배치자, 과거 온열질환 경력자, 고령자, 뇌심혈관질환자, 고·저혈압환자, 당뇨질환자, 신장질환자, 음주자, 장애인 등)을 파악하여 관리하고 있음|응급상황 대비 비상연락망을 구축하고, 인근 의료기관 및 구급차 진입로를 사전에 파악하고 있음",해당 사항 없음,해당없음,"섭취 주의사항 확인하였으며, 낱개형태의 식염포도당 혹은 분말형 이온음료 비치함",이해하였으며 관리 중임,이해함,이해함,
2026-05-28 10:44,233,천안환경에너지사업소,2026-05-26,꼼꼼히 읽어보았고 해당 내용 확인하였음,26,해당 사항 없음,"현장 내 온습도계를 비치하여 매시간 체감온도를 확인하고 근로자에게 전파하고 있음|금일 온열질환 예방 교육을 실시함 (TBM 혹은 별도 교육)|현장에 <온열질환 예방 수칙 OPS> 게시함|깨끗하고 시원한 물, 이온음료, 식염포도당 등을 작업장 인근에 상시 비치함|햇볕을 차단할 수 있는 그늘막 및 휴게공간을 제공함|체감온도 33℃ 이상이 되는 작업장소에서 폭염작업을 하는 경우 매 2시간 이내 20분 이상의 휴식을 취하도록 함 (1시간마다 10분 이상의 휴식을 부여하는 것도 가능)|무더위 시간대(14~17시) 사이에 실외 작업을 되도록 하지 않았음|실내, 옥외 작업 시 냉방장치를 설치 및 가동 중임|근로자에게 쿨토시, 아이스 조끼 등 냉감용품을 지급함|근로자 중 온열질환 민감군(※ 신규 배치자, 과거 온열질환 경력자, 고령자, 뇌심혈관질환자, 고·저혈압환자, 당뇨질환자, 신장질환자, 음주자, 장애인 등)을 파악하여 관리하고 있음|응급상황 대비 비상연락망을 구축하고, 인근 의료기관 및 구급차 진입로를 사전에 파악하고 있음",해당 사항 없음,해당없음,"섭취 주의사항 확인하였으며, 낱개형태의 식염포도당 혹은 분말형 이온음료 비치함",이해하였으며 관리 중임,이해함,이해함,
2026-05-28 10:53,234,KB국민은행 대천연수원,2026-05-28,꼼꼼히 읽어보았고 해당 내용 확인하였음,20,해당 사항 없음,"현장 내 온습도계를 비치하여 매시간 체감온도를 확인하고 근로자에게 전파하고 있음|금일 온열질환 예방 교육을 실시함 (TBM 혹은 별도 교육)|현장에 <온열질환 예방 수칙 OPS> 게시함|깨끗하고 시원한 물, 이온음료, 식염포도당 등을 작업장 인근에 상시 비치함|햇볕을 차단할 수 있는 그늘막 및 휴게공간을 제공함|체감온도 33℃ 이상이 되는 작업장소에서 폭염작업을 하는 경우 매 2시간 이내 20분 이상의 휴식을 취하도록 함 (1시간마다 10분 이상의 휴식을 부여하는 것도 가능)|무더위 시간대(14~17시) 사이에 실외 작업을 되도록 하지 않았음|실내, 옥외 작업 시 냉방장치를 설치 및 가동 중임|근로자에게 쿨토시, 아이스 조끼 등 냉감용품을 지급함|근로자 중 온열질환 민감군(※ 신규 배치자, 과거 온열질환 경력자, 고령자, 뇌심혈관질환자, 고·저혈압환자, 당뇨질환자, 신장질환자, 음주자, 장애인 등)을 파악하여 관리하고 있음|2인 1조  작업을 통해 근로자 간 상호 건강 상태를 수시로 확인하도록 하고 있음|응급상황 대비 비상연락망을 구축하고, 인근 의료기관 및 구급차 진입로를 사전에 파악하고 있음",해당 사항 없음,해당없음,"섭취 주의사항 확인하였으며, 대용량 식염포도당 비치함",이해하였으며 관리 중임,이해함,이해함,
2026-05-28 10:55,235,남대문자유상가,2026-05-28,꼼꼼히 읽어보았고 해당 내용 확인하였음,22,해당 사항 없음,"금일 온열질환 예방 교육을 실시함 (TBM 혹은 별도 교육)|현장에 <온열질환 예방 수칙 OPS> 게시함|깨끗하고 시원한 물, 이온음료, 식염포도당 등을 작업장 인근에 상시 비치함|햇볕을 차단할 수 있는 그늘막 및 휴게공간을 제공함|실내, 옥외 작업 시 냉방장치를 설치 및 가동 중임|응급상황 대비 비상연락망을 구축하고, 인근 의료기관 및 구급차 진입로를 사전에 파악하고 있음",해당 사항 없음,해당없음,지급하고 있지 않음,이해하였으며 관리 중임,이해함,이해함,
2026-05-28 10:58,236,풀브라이트빌딩,2026-05-28,꼼꼼히 읽어보았고 해당 내용 확인하였음,27.7,해당 사항 없음,"현장 내 온습도계를 비치하여 매시간 체감온도를 확인하고 근로자에게 전파하고 있음|깨끗하고 시원한 물, 이온음료, 식염포도당 등을 작업장 인근에 상시 비치함|무더위 시간대(14~17시) 사이에 실외 작업을 되도록 하지 않았음|실내, 옥외 작업 시 냉방장치를 설치 및 가동 중임|응급상황 대비 비상연락망을 구축하고, 인근 의료기관 및 구급차 진입로를 사전에 파악하고 있음",해당 사항 없음,해당없음,지급하고 있지 않음,이해하였으며 관리 중임,이해함,이해함,
2026-05-28 10:58,237,경주교원드림센터,2026-05-28,꼼꼼히 읽어보았고 해당 내용 확인하였음,25.6,해당 사항 없음,"현장 내 온습도계를 비치하여 매시간 체감온도를 확인하고 근로자에게 전파하고 있음|금일 온열질환 예방 교육을 실시함 (TBM 혹은 별도 교육)|현장에 <온열질환 예방 수칙 OPS> 게시함|깨끗하고 시원한 물, 이온음료, 식염포도당 등을 작업장 인근에 상시 비치함|햇볕을 차단할 수 있는 그늘막 및 휴게공간을 제공함|체감온도 33℃ 이상이 되는 작업장소에서 폭염작업을 하는 경우 매 2시간 이내 20분 이상의 휴식을 취하도록 함 (1시간마다 10분 이상의 휴식을 부여하는 것도 가능)|무더위 시간대(14~17시) 사이에 실외 작업을 되도록 하지 않았음|실내, 옥외 작업 시 냉방장치를 설치 및 가동 중임|근로자 중 온열질환 민감군(※ 신규 배치자, 과거 온열질환 경력자, 고령자, 뇌심혈관질환자, 고·저혈압환자, 당뇨질환자, 신장질환자, 음주자, 장애인 등)을 파악하여 관리하고 있음|2인 1조  작업을 통해 근로자 간 상호 건강 상태를 수시로 확인하도록 하고 있음|응급상황 대비 비상연락망을 구축하고, 인근 의료기관 및 구급차 진입로를 사전에 파악하고 있음",해당 사항 없음,해당없음,지급하고 있지 않음,이해하였으며 관리 중임,이해함,이해함,
2026-05-28 11:24,238,LG CNS 증미통합이행센터,2026-05-28,꼼꼼히 읽어보았고 해당 내용 확인하였음,23.4,해당 사항 없음,"금일 온열질환 예방 교육을 실시함 (TBM 혹은 별도 교육)|현장에 <온열질환 예방 수칙 OPS> 게시함|깨끗하고 시원한 물, 이온음료, 식염포도당 등을 작업장 인근에 상시 비치함|햇볕을 차단할 수 있는 그늘막 및 휴게공간을 제공함|체감온도 33℃ 이상이 되는 작업장소에서 폭염작업을 하는 경우 매 2시간 이내 20분 이상의 휴식을 취하도록 함 (1시간마다 10분 이상의 휴식을 부여하는 것도 가능)|무더위 시간대(14~17시) 사이에 실외 작업을 되도록 하지 않았음|실내, 옥외 작업 시 냉방장치를 설치 및 가동 중임|근로자 중 온열질환 민감군(※ 신규 배치자, 과거 온열질환 경력자, 고령자, 뇌심혈관질환자, 고·저혈압환자, 당뇨질환자, 신장질환자, 음주자, 장애인 등)을 파악하여 관리하고 있음|응급상황 대비 비상연락망을 구축하고, 인근 의료기관 및 구급차 진입로를 사전에 파악하고 있음",해당 사항 없음,해당없음,지급하고 있지 않음,이해하였으며 관리 중임,이해함,이해함,근무자 이상 증상 발생 여부 확인 / 실내 온도 및 냉방 상태 수시 확인
2026-05-28 12:01,239,부산교원빌딩,2026-05-28,꼼꼼히 읽어보았고 해당 내용 확인하였음,27,해당 사항 없음,"현장 내 온습도계를 비치하여 매시간 체감온도를 확인하고 근로자에게 전파하고 있음|금일 온열질환 예방 교육을 실시함 (TBM 혹은 별도 교육)|현장에 <온열질환 예방 수칙 OPS> 게시함|깨끗하고 시원한 물, 이온음료, 식염포도당 등을 작업장 인근에 상시 비치함|햇볕을 차단할 수 있는 그늘막 및 휴게공간을 제공함|체감온도 33℃ 이상이 되는 작업장소에서 폭염작업을 하는 경우 매 2시간 이내 20분 이상의 휴식을 취하도록 함 (1시간마다 10분 이상의 휴식을 부여하는 것도 가능)|무더위 시간대(14~17시) 사이에 실외 작업을 되도록 하지 않았음|실내, 옥외 작업 시 냉방장치를 설치 및 가동 중임|근로자에게 쿨토시, 아이스 조끼 등 냉감용품을 지급함|근로자 중 온열질환 민감군(※ 신규 배치자, 과거 온열질환 경력자, 고령자, 뇌심혈관질환자, 고·저혈압환자, 당뇨질환자, 신장질환자, 음주자, 장애인 등)을 파악하여 관리하고 있음|2인 1조  작업을 통해 근로자 간 상호 건강 상태를 수시로 확인하도록 하고 있음|응급상황 대비 비상연락망을 구축하고, 인근 의료기관 및 구급차 진입로를 사전에 파악하고 있음",해당 사항 없음,해당없음,"섭취 주의사항 확인하였으며, 대용량 식염포도당 비치함",이해하였으며 관리 중임,이해함,이해함,특이사항없음
2026-05-28 12:07,240,애플타워 사업장,2026-05-28,꼼꼼히 읽어보았고 해당 내용 확인하였음,26.6,해당 사항 없음,"금일 온열질환 예방 교육을 실시함 (TBM 혹은 별도 교육)|현장에 <온열질환 예방 수칙 OPS> 게시함|깨끗하고 시원한 물, 이온음료, 식염포도당 등을 작업장 인근에 상시 비치함|햇볕을 차단할 수 있는 그늘막 및 휴게공간을 제공함|무더위 시간대(14~17시) 사이에 실외 작업을 되도록 하지 않았음|근로자 중 온열질환 민감군(※ 신규 배치자, 과거 온열질환 경력자, 고령자, 뇌심혈관질환자, 고·저혈압환자, 당뇨질환자, 신장질환자, 음주자, 장애인 등)을 파악하여 관리하고 있음|응급상황 대비 비상연락망을 구축하고, 인근 의료기관 및 구급차 진입로를 사전에 파악하고 있음",해당 사항 없음,해당없음,"섭취 주의사항 확인하였으며, 낱개형태의 식염포도당 혹은 분말형 이온음료 비치함",이해하였으며 관리 중임,이해함,이해함,
2026-05-28 12:15,241,안산 사사동물류센터,2026-05-28,꼼꼼히 읽어보았고 해당 내용 확인하였음,24.2,해당 사항 없음,"실내, 옥외 작업 시 냉방장치를 설치 및 가동 중임",해당 사항 없음,해당없음,지급하고 있지 않음,이해하였으며 관리 중임,이해함,이해함,직원교육실시
2026-05-28 12:55,242,"분당퍼스트타워,백상코퍼레이션",2026-05-28,꼼꼼히 읽어보았고 해당 내용 확인하였음,25,해당 사항 없음,"햇볕을 차단할 수 있는 그늘막 및 휴게공간을 제공함|체감온도 33℃ 이상이 되는 작업장소에서 폭염작업을 하는 경우 매 2시간 이내 20분 이상의 휴식을 취하도록 함 (1시간마다 10분 이상의 휴식을 부여하는 것도 가능)|무더위 시간대(14~17시) 사이에 실외 작업을 되도록 하지 않았음|근로자 중 온열질환 민감군(※ 신규 배치자, 과거 온열질환 경력자, 고령자, 뇌심혈관질환자, 고·저혈압환자, 당뇨질환자, 신장질환자, 음주자, 장애인 등)을 파악하여 관리하고 있음|2인 1조  작업을 통해 근로자 간 상호 건강 상태를 수시로 확인하도록 하고 있음|응급상황 대비 비상연락망을 구축하고, 인근 의료기관 및 구급차 진입로를 사전에 파악하고 있음",해당 사항 없음,해당없음,지급하고 있지 않음,이해하였으며 관리 중임,이해함,이해함,
2026-05-28 13:01,243,이폴리스빌딩,2026-05-28,꼼꼼히 읽어보았고 해당 내용 확인하였음,23.5,해당 사항 없음,"현장에 <온열질환 예방 수칙 OPS> 게시함|무더위 시간대(14~17시) 사이에 실외 작업을 되도록 하지 않았음|실내, 옥외 작업 시 냉방장치를 설치 및 가동 중임|근로자 중 온열질환 민감군(※ 신규 배치자, 과거 온열질환 경력자, 고령자, 뇌심혈관질환자, 고·저혈압환자, 당뇨질환자, 신장질환자, 음주자, 장애인 등)을 파악하여 관리하고 있음|응급상황 대비 비상연락망을 구축하고, 인근 의료기관 및 구급차 진입로를 사전에 파악하고 있음",해당 사항 없음,해당없음,지급하고 있지 않음,이해하였으며 관리 중임,이해함,이해함,
2026-05-28 13:03,244,LG에너지솔루션 과천R&D캠퍼스,2026-05-28,꼼꼼히 읽어보았고 해당 내용 확인하였음,23,해당 사항 없음,"현장 내 온습도계를 비치하여 매시간 체감온도를 확인하고 근로자에게 전파하고 있음|금일 온열질환 예방 교육을 실시함 (TBM 혹은 별도 교육)|현장에 <온열질환 예방 수칙 OPS> 게시함|깨끗하고 시원한 물, 이온음료, 식염포도당 등을 작업장 인근에 상시 비치함|햇볕을 차단할 수 있는 그늘막 및 휴게공간을 제공함",해당 사항 없음,해당없음,"섭취 주의사항 확인하였으며, 낱개형태의 식염포도당 혹은 분말형 이온음료 비치함",이해하였으며 관리 중임,이해함,이해함,
2026-05-28 13:05,245,의왕연구소,2026-05-28,꼼꼼히 읽어보았고 해당 내용 확인하였음,22,해당 사항 없음,"현장 내 온습도계를 비치하여 매시간 체감온도를 확인하고 근로자에게 전파하고 있음|현장에 <온열질환 예방 수칙 OPS> 게시함|깨끗하고 시원한 물, 이온음료, 식염포도당 등을 작업장 인근에 상시 비치함|실내, 옥외 작업 시 냉방장치를 설치 및 가동 중임|근로자 중 온열질환 민감군(※ 신규 배치자, 과거 온열질환 경력자, 고령자, 뇌심혈관질환자, 고·저혈압환자, 당뇨질환자, 신장질환자, 음주자, 장애인 등)을 파악하여 관리하고 있음",해당 사항 없음,해당없음,"섭취 주의사항 확인하였으며, 대용량 식염포도당 비치함",이해하였으며 관리 중임,이해함,이해함,
2026-05-28 13:05,246,이대서울병원,2026-05-28,꼼꼼히 읽어보았고 해당 내용 확인하였음,26.3,해당 사항 없음,"현장 내 온습도계를 비치하여 매시간 체감온도를 확인하고 근로자에게 전파하고 있음|깨끗하고 시원한 물, 이온음료, 식염포도당 등을 작업장 인근에 상시 비치함|근로자에게 쿨토시, 아이스 조끼 등 냉감용품을 지급함|2인 1조  작업을 통해 근로자 간 상호 건강 상태를 수시로 확인하도록 하고 있음",해당 사항 없음,해당없음,"섭취 주의사항 확인하였으며, 낱개형태의 식염포도당 혹은 분말형 이온음료 비치함",이해하였으며 관리 중임,이해함,이해함,
2026-05-28 13:15,247,현대자동차 전주보안,2026-05-28,꼼꼼히 읽어보았고 해당 내용 확인하였음,23.8,해당 사항 없음,"현장 내 온습도계를 비치하여 매시간 체감온도를 확인하고 근로자에게 전파하고 있음|현장에 <온열질환 예방 수칙 OPS> 게시함|깨끗하고 시원한 물, 이온음료, 식염포도당 등을 작업장 인근에 상시 비치함|햇볕을 차단할 수 있는 그늘막 및 휴게공간을 제공함",해당 사항 없음,해당없음,"섭취 주의사항 확인하였으며, 대용량 식염포도당 비치함",이해하였으며 관리 중임,이해함,이해함,
2026-05-28 13:18,248,GS타워,2026-05-28,꼼꼼히 읽어보았고 해당 내용 확인하였음,25,해당 사항 없음,"현장 내 온습도계를 비치하여 매시간 체감온도를 확인하고 근로자에게 전파하고 있음|금일 온열질환 예방 교육을 실시함 (TBM 혹은 별도 교육)|깨끗하고 시원한 물, 이온음료, 식염포도당 등을 작업장 인근에 상시 비치함|체감온도 33℃ 이상이 되는 작업장소에서 폭염작업을 하는 경우 매 2시간 이내 20분 이상의 휴식을 취하도록 함 (1시간마다 10분 이상의 휴식을 부여하는 것도 가능)|근로자에게 쿨토시, 아이스 조끼 등 냉감용품을 지급함|근로자 중 온열질환 민감군(※ 신규 배치자, 과거 온열질환 경력자, 고령자, 뇌심혈관질환자, 고·저혈압환자, 당뇨질환자, 신장질환자, 음주자, 장애인 등)을 파악하여 관리하고 있음|2인 1조  작업을 통해 근로자 간 상호 건강 상태를 수시로 확인하도록 하고 있음|응급상황 대비 비상연락망을 구축하고, 인근 의료기관 및 구급차 진입로를 사전에 파악하고 있음",해당 사항 없음,해당없음,"휴계실,사무실에 시원한물 및 음료비치",이해하였으며 관리 중임,이해함,이해함,순찰시 근로자에게 시원한음료 제공 및 충분한 휴식시간을 취하도록 지도.
2026-05-28 13:21,249,삼신봉터널,2026-05-28,꼼꼼히 읽어보았고 해당 내용 확인하였음,27.9,해당 사항 없음,"현장 내 온습도계를 비치하여 매시간 체감온도를 확인하고 근로자에게 전파하고 있음|현장에 <온열질환 예방 수칙 OPS> 게시함|깨끗하고 시원한 물, 이온음료, 식염포도당 등을 작업장 인근에 상시 비치함|햇볕을 차단할 수 있는 그늘막 및 휴게공간을 제공함|체감온도 33℃ 이상이 되는 작업장소에서 폭염작업을 하는 경우 매 2시간 이내 20분 이상의 휴식을 취하도록 함 (1시간마다 10분 이상의 휴식을 부여하는 것도 가능)|무더위 시간대(14~17시) 사이에 실외 작업을 되도록 하지 않았음|실내, 옥외 작업 시 냉방장치를 설치 및 가동 중임|근로자 중 온열질환 민감군(※ 신규 배치자, 과거 온열질환 경력자, 고령자, 뇌심혈관질환자, 고·저혈압환자, 당뇨질환자, 신장질환자, 음주자, 장애인 등)을 파악하여 관리하고 있음|2인 1조  작업을 통해 근로자 간 상호 건강 상태를 수시로 확인하도록 하고 있음|응급상황 대비 비상연락망을 구축하고, 인근 의료기관 및 구급차 진입로를 사전에 파악하고 있음",해당 사항 없음,해당없음,물 비치,이해하였으며 관리 중임,이해함,이해함,"정수기,에어콘,항온항습기 작동 상태 점검"
2026-05-28 13:23,250,GS타워,2026-05-28,꼼꼼히 읽어보았고 해당 내용 확인하였음,25,해당 사항 없음,"현장 내 온습도계를 비치하여 매시간 체감온도를 확인하고 근로자에게 전파하고 있음|금일 온열질환 예방 교육을 실시함 (TBM 혹은 별도 교육)|깨끗하고 시원한 물, 이온음료, 식염포도당 등을 작업장 인근에 상시 비치함|체감온도 33℃ 이상이 되는 작업장소에서 폭염작업을 하는 경우 매 2시간 이내 20분 이상의 휴식을 취하도록 함 (1시간마다 10분 이상의 휴식을 부여하는 것도 가능)|근로자에게 쿨토시, 아이스 조끼 등 냉감용품을 지급함|근로자 중 온열질환 민감군(※ 신규 배치자, 과거 온열질환 경력자, 고령자, 뇌심혈관질환자, 고·저혈압환자, 당뇨질환자, 신장질환자, 음주자, 장애인 등)을 파악하여 관리하고 있음|2인 1조  작업을 통해 근로자 간 상호 건강 상태를 수시로 확인하도록 하고 있음|응급상황 대비 비상연락망을 구축하고, 인근 의료기관 및 구급차 진입로를 사전에 파악하고 있음",해당 사항 없음,해당없음,"휴계실, 사무실에 시원한 물 및 음료 비치",이해하였으며 관리 중임,이해함,이해함,순찰시 근로자들에게 충분한 작업 중간에 충분한 휴식을 취하도록 지도.
2026-05-28 13:31,251,여수 세이지우드,2026-05-28,꼼꼼히 읽어보았고 해당 내용 확인하였음,26.2,해당 사항 없음,"현장 내 온습도계를 비치하여 매시간 체감온도를 확인하고 근로자에게 전파하고 있음|금일 온열질환 예방 교육을 실시함 (TBM 혹은 별도 교육)|현장에 <온열질환 예방 수칙 OPS> 게시함|깨끗하고 시원한 물, 이온음료, 식염포도당 등을 작업장 인근에 상시 비치함|햇볕을 차단할 수 있는 그늘막 및 휴게공간을 제공함|체감온도 33℃ 이상이 되는 작업장소에서 폭염작업을 하는 경우 매 2시간 이내 20분 이상의 휴식을 취하도록 함 (1시간마다 10분 이상의 휴식을 부여하는 것도 가능)|무더위 시간대(14~17시) 사이에 실외 작업을 되도록 하지 않았음|실내, 옥외 작업 시 냉방장치를 설치 및 가동 중임|근로자에게 쿨토시, 아이스 조끼 등 냉감용품을 지급함|근로자 중 온열질환 민감군(※ 신규 배치자, 과거 온열질환 경력자, 고령자, 뇌심혈관질환자, 고·저혈압환자, 당뇨질환자, 신장질환자, 음주자, 장애인 등)을 파악하여 관리하고 있음|2인 1조  작업을 통해 근로자 간 상호 건강 상태를 수시로 확인하도록 하고 있음|응급상황 대비 비상연락망을 구축하고, 인근 의료기관 및 구급차 진입로를 사전에 파악하고 있음",해당 사항 없음,해당없음,"섭취 주의사항 확인하였으며, 대용량 식염포도당 비치함",이해하였으며 관리 중임,이해함,이해함,
2026-05-28 13:36,252,파크원 LG에너지솔루션,2026-05-28,꼼꼼히 읽어보았고 해당 내용 확인하였음,25.9,해당 사항 없음,"현장 내 온습도계를 비치하여 매시간 체감온도를 확인하고 근로자에게 전파하고 있음|금일 온열질환 예방 교육을 실시함 (TBM 혹은 별도 교육)|현장에 <온열질환 예방 수칙 OPS> 게시함|깨끗하고 시원한 물, 이온음료, 식염포도당 등을 작업장 인근에 상시 비치함|응급상황 대비 비상연락망을 구축하고, 인근 의료기관 및 구급차 진입로를 사전에 파악하고 있음",해당 사항 없음,해당없음,"주문완료, 다음주 비치 예정",이해하였으며 관리 중임,이해함,이해함,
2026-05-28 13:38,253,동탄lh스마트주차장,2026-05-28,꼼꼼히 읽어보았고 해당 내용 확인하였음,25,해당 사항 없음,"금일 온열질환 예방 교육을 실시함 (TBM 혹은 별도 교육)|현장에 <온열질환 예방 수칙 OPS> 게시함|깨끗하고 시원한 물, 이온음료, 식염포도당 등을 작업장 인근에 상시 비치함",해당 사항 없음,해당없음,지급하고 있지 않음,이해하였으며 관리 중임,이해함,이해함,
2026-05-28 13:42,254,한진인천국제물류센터,2026-05-28,꼼꼼히 읽어보았고 해당 내용 확인하였음,24.8,해당 사항 없음,"현장 내 온습도계를 비치하여 매시간 체감온도를 확인하고 근로자에게 전파하고 있음|깨끗하고 시원한 물, 이온음료, 식염포도당 등을 작업장 인근에 상시 비치함|체감온도 33℃ 이상이 되는 작업장소에서 폭염작업을 하는 경우 매 2시간 이내 20분 이상의 휴식을 취하도록 함 (1시간마다 10분 이상의 휴식을 부여하는 것도 가능)|무더위 시간대(14~17시) 사이에 실외 작업을 되도록 하지 않았음|실내, 옥외 작업 시 냉방장치를 설치 및 가동 중임|근로자 중 온열질환 민감군(※ 신규 배치자, 과거 온열질환 경력자, 고령자, 뇌심혈관질환자, 고·저혈압환자, 당뇨질환자, 신장질환자, 음주자, 장애인 등)을 파악하여 관리하고 있음|2인 1조  작업을 통해 근로자 간 상호 건강 상태를 수시로 확인하도록 하고 있음|응급상황 대비 비상연락망을 구축하고, 인근 의료기관 및 구급차 진입로를 사전에 파악하고 있음",해당 사항 없음,해당없음,"섭취 주의사항 확인하였으며, 낱개형태의 식염포도당 혹은 분말형 이온음료 비치함",이해하였으며 관리 중임,이해함,이해함,
2026-05-28 13:55,255,천경 을지로 운영센터,2026-05-28,꼼꼼히 읽어보았고 해당 내용 확인하였음,26,해당 사항 없음,"금일 온열질환 예방 교육을 실시함 (TBM 혹은 별도 교육)|현장에 <온열질환 예방 수칙 OPS> 게시함|깨끗하고 시원한 물, 이온음료, 식염포도당 등을 작업장 인근에 상시 비치함|햇볕을 차단할 수 있는 그늘막 및 휴게공간을 제공함|체감온도 33℃ 이상이 되는 작업장소에서 폭염작업을 하는 경우 매 2시간 이내 20분 이상의 휴식을 취하도록 함 (1시간마다 10분 이상의 휴식을 부여하는 것도 가능)|무더위 시간대(14~17시) 사이에 실외 작업을 되도록 하지 않았음|실내, 옥외 작업 시 냉방장치를 설치 및 가동 중임|근로자에게 쿨토시, 아이스 조끼 등 냉감용품을 지급함|근로자 중 온열질환 민감군(※ 신규 배치자, 과거 온열질환 경력자, 고령자, 뇌심혈관질환자, 고·저혈압환자, 당뇨질환자, 신장질환자, 음주자, 장애인 등)을 파악하여 관리하고 있음|2인 1조  작업을 통해 근로자 간 상호 건강 상태를 수시로 확인하도록 하고 있음|응급상황 대비 비상연락망을 구축하고, 인근 의료기관 및 구급차 진입로를 사전에 파악하고 있음",해당 사항 없음,해당없음,"섭취 주의사항 확인하였으며, 낱개형태의 식염포도당 혹은 분말형 이온음료 비치함",이해하였으며 관리 중임,이해함,이해함,지하 2층 분리장에서 분리 작업 시 더우면 분리장 옆 사무실에서 에어컨을 틀어놓고 쉬었다가 하라고 교육했습니다.
2026-05-28 13:56,256,현대차 전주공장 미화팀,2026-05-28,꼼꼼히 읽어보았고 해당 내용 확인하였음,23.5,해당 사항 없음,"현장 내 온습도계를 비치하여 매시간 체감온도를 확인하고 근로자에게 전파하고 있음|실내, 옥외 작업 시 냉방장치를 설치 및 가동 중임",해당 사항 없음,해당없음,"섭취 주의사항 확인하였으며, 대용량 식염포도당 비치함",이해하였으며 관리 중임,이해함,이해함,
2026-05-28 13:59,257,교원 파주물류센타,2026-05-28,꼼꼼히 읽어보았고 해당 내용 확인하였음,26,해당 사항 없음,현장 내 온습도계를 비치하여 매시간 체감온도를 확인하고 근로자에게 전파하고 있음|2인 1조  작업을 통해 근로자 간 상호 건강 상태를 수시로 확인하도록 하고 있음,해당 사항 없음,해당없음,지급하고 있지 않음,이해하였으며 관리 중임,이해함,이해함,
2026-05-28 14:07,258,교원대구빌딩,2026-05-28,꼼꼼히 읽어보았고 해당 내용 확인하였음,27.1,해당 사항 없음,"현장 내 온습도계를 비치하여 매시간 체감온도를 확인하고 근로자에게 전파하고 있음|현장에 <온열질환 예방 수칙 OPS> 게시함|깨끗하고 시원한 물, 이온음료, 식염포도당 등을 작업장 인근에 상시 비치함|햇볕을 차단할 수 있는 그늘막 및 휴게공간을 제공함|근로자 중 온열질환 민감군(※ 신규 배치자, 과거 온열질환 경력자, 고령자, 뇌심혈관질환자, 고·저혈압환자, 당뇨질환자, 신장질환자, 음주자, 장애인 등)을 파악하여 관리하고 있음|응급상황 대비 비상연락망을 구축하고, 인근 의료기관 및 구급차 진입로를 사전에 파악하고 있음",해당 사항 없음,해당없음,지급하고 있지 않음,이해하였으며 관리 중임,이해함,이해함,
2026-05-28 14:10,259,백상엘리츠1차 오피스텔,2026-05-28,꼼꼼히 읽어보았고 해당 내용 확인하였음,26.2,해당 사항 없음,"현장 내 온습도계를 비치하여 매시간 체감온도를 확인하고 근로자에게 전파하고 있음|금일 온열질환 예방 교육을 실시함 (TBM 혹은 별도 교육)|현장에 <온열질환 예방 수칙 OPS> 게시함|깨끗하고 시원한 물, 이온음료, 식염포도당 등을 작업장 인근에 상시 비치함|햇볕을 차단할 수 있는 그늘막 및 휴게공간을 제공함|무더위 시간대(14~17시) 사이에 실외 작업을 되도록 하지 않았음|근로자 중 온열질환 민감군(※ 신규 배치자, 과거 온열질환 경력자, 고령자, 뇌심혈관질환자, 고·저혈압환자, 당뇨질환자, 신장질환자, 음주자, 장애인 등)을 파악하여 관리하고 있음|2인 1조  작업을 통해 근로자 간 상호 건강 상태를 수시로 확인하도록 하고 있음|응급상황 대비 비상연락망을 구축하고, 인근 의료기관 및 구급차 진입로를 사전에 파악하고 있음",해당 사항 없음,해당없음,"섭취 주의사항 확인하였으며, 낱개형태의 식염포도당 혹은 분말형 이온음료 비치함",이해하였으며 관리 중임,이해함,이해함,
2026-05-28 14:12,260,서울예대 기숙사,2026-05-28,꼼꼼히 읽어보았고 해당 내용 확인하였음,26.6,해당 사항 없음,"현장 내 온습도계를 비치하여 매시간 체감온도를 확인하고 근로자에게 전파하고 있음|금일 온열질환 예방 교육을 실시함 (TBM 혹은 별도 교육)|깨끗하고 시원한 물, 이온음료, 식염포도당 등을 작업장 인근에 상시 비치함|응급상황 대비 비상연락망을 구축하고, 인근 의료기관 및 구급차 진입로를 사전에 파악하고 있음",해당 사항 없음,해당없음,지급하고 있지 않음,이해하였으며 관리 중임,이해함,이해함,실내작업자도 1시간 일하고 10분휴식 원칙으로 하고있음
2026-05-28 14:14,261,교원명동빌딩,2026-05-28,꼼꼼히 읽어보았고 해당 내용 확인하였음,25.6,해당 사항 없음,"현장에 <온열질환 예방 수칙 OPS> 게시함|깨끗하고 시원한 물, 이온음료, 식염포도당 등을 작업장 인근에 상시 비치함|2인 1조  작업을 통해 근로자 간 상호 건강 상태를 수시로 확인하도록 하고 있음",해당 사항 없음,해당없음,지급하고 있지 않음,이해하였으며 관리 중임,이해함,이해함,
2026-05-28 14:15,262,GS칼텍스 죽전,2026-05-28,꼼꼼히 읽어보았고 해당 내용 확인하였음,25.7,해당 사항 없음,"현장 내 온습도계를 비치하여 매시간 체감온도를 확인하고 근로자에게 전파하고 있음|깨끗하고 시원한 물, 이온음료, 식염포도당 등을 작업장 인근에 상시 비치함",해당 사항 없음,해당없음,"섭취 주의사항 확인하였으며, 낱개형태의 식염포도당 혹은 분말형 이온음료 비치함",이해하였으며 관리 중임,이해함,이해함,특이사항 없음
2026-05-28 14:19,263,쿠팡 부천1FC,2026-05-28,꼼꼼히 읽어보았고 해당 내용 확인하였음,28.2,해당 사항 없음,"현장 내 온습도계를 비치하여 매시간 체감온도를 확인하고 근로자에게 전파하고 있음|금일 온열질환 예방 교육을 실시함 (TBM 혹은 별도 교육)|현장에 <온열질환 예방 수칙 OPS> 게시함|깨끗하고 시원한 물, 이온음료, 식염포도당 등을 작업장 인근에 상시 비치함|체감온도 33℃ 이상이 되는 작업장소에서 폭염작업을 하는 경우 매 2시간 이내 20분 이상의 휴식을 취하도록 함 (1시간마다 10분 이상의 휴식을 부여하는 것도 가능)|실내, 옥외 작업 시 냉방장치를 설치 및 가동 중임|근로자 중 온열질환 민감군(※ 신규 배치자, 과거 온열질환 경력자, 고령자, 뇌심혈관질환자, 고·저혈압환자, 당뇨질환자, 신장질환자, 음주자, 장애인 등)을 파악하여 관리하고 있음|응급상황 대비 비상연락망을 구축하고, 인근 의료기관 및 구급차 진입로를 사전에 파악하고 있음",해당 사항 없음,해당없음,"섭취 주의사항 확인하였으며, 대용량 식염포도당 비치함",이해하였으며 관리 중임,이해함,이해함,"전조증상(마비,어지럼증,구토,두통 등) 여부 확인"
2026-05-28 14:19,264,"쿠팡 대구 1,2,6센터",2026-05-28,꼼꼼히 읽어보았고 해당 내용 확인하였음,26.8,해당 사항 없음,"현장에 <온열질환 예방 수칙 OPS> 게시함|근로자 중 온열질환 민감군(※ 신규 배치자, 과거 온열질환 경력자, 고령자, 뇌심혈관질환자, 고·저혈압환자, 당뇨질환자, 신장질환자, 음주자, 장애인 등)을 파악하여 관리하고 있음|응급상황 대비 비상연락망을 구축하고, 인근 의료기관 및 구급차 진입로를 사전에 파악하고 있음",해당 사항 없음,해당없음,지급하고 있지 않음,이해하였으며 관리 중임,이해함,이해함,
2026-05-28 14:20,265,GS칼텍스 내곡,2026-05-28,꼼꼼히 읽어보았고 해당 내용 확인하였음,26.1,해당 사항 없음,"현장 내 온습도계를 비치하여 매시간 체감온도를 확인하고 근로자에게 전파하고 있음|금일 온열질환 예방 교육을 실시함 (TBM 혹은 별도 교육)|현장에 <온열질환 예방 수칙 OPS> 게시함|깨끗하고 시원한 물, 이온음료, 식염포도당 등을 작업장 인근에 상시 비치함|햇볕을 차단할 수 있는 그늘막 및 휴게공간을 제공함|체감온도 33℃ 이상이 되는 작업장소에서 폭염작업을 하는 경우 매 2시간 이내 20분 이상의 휴식을 취하도록 함 (1시간마다 10분 이상의 휴식을 부여하는 것도 가능)|무더위 시간대(14~17시) 사이에 실외 작업을 되도록 하지 않았음|실내, 옥외 작업 시 냉방장치를 설치 및 가동 중임|근로자에게 쿨토시, 아이스 조끼 등 냉감용품을 지급함|근로자 중 온열질환 민감군(※ 신규 배치자, 과거 온열질환 경력자, 고령자, 뇌심혈관질환자, 고·저혈압환자, 당뇨질환자, 신장질환자, 음주자, 장애인 등)을 파악하여 관리하고 있음|2인 1조  작업을 통해 근로자 간 상호 건강 상태를 수시로 확인하도록 하고 있음|응급상황 대비 비상연락망을 구축하고, 인근 의료기관 및 구급차 진입로를 사전에 파악하고 있음",해당 사항 없음,해당없음,"섭취 주의사항 확인하였으며, 대용량 식염포도당 비치함",이해하였으며 관리 중임,이해함,이해함,
2026-05-28 14:22,266,아일렉스상가,2026-05-28,꼼꼼히 읽어보았고 해당 내용 확인하였음,31,해당 사항 없음,현장 내 온습도계를 비치하여 매시간 체감온도를 확인하고 근로자에게 전파하고 있음|현장에 <온열질환 예방 수칙 OPS> 게시함|햇볕을 차단할 수 있는 그늘막 및 휴게공간을 제공함|무더위 시간대(14~17시) 사이에 실외 작업을 되도록 하지 않았음,해당 사항 없음,해당없음,지급하고 있지 않음,이해하였으며 관리 중임,이해함,이해함,한낮 외부 작업을 피하고 물 자주 섭취하도록 공지
2026-05-28 14:27,267,공덕빌딩,2026-05-28,꼼꼼히 읽어보았고 해당 내용 확인하였음,26.2,해당 사항 없음,"현장 내 온습도계를 비치하여 매시간 체감온도를 확인하고 근로자에게 전파하고 있음|금일 온열질환 예방 교육을 실시함 (TBM 혹은 별도 교육)|현장에 <온열질환 예방 수칙 OPS> 게시함|깨끗하고 시원한 물, 이온음료, 식염포도당 등을 작업장 인근에 상시 비치함|햇볕을 차단할 수 있는 그늘막 및 휴게공간을 제공함|체감온도 33℃ 이상이 되는 작업장소에서 폭염작업을 하는 경우 매 2시간 이내 20분 이상의 휴식을 취하도록 함 (1시간마다 10분 이상의 휴식을 부여하는 것도 가능)|무더위 시간대(14~17시) 사이에 실외 작업을 되도록 하지 않았음|실내, 옥외 작업 시 냉방장치를 설치 및 가동 중임|근로자에게 쿨토시, 아이스 조끼 등 냉감용품을 지급함|근로자 중 온열질환 민감군(※ 신규 배치자, 과거 온열질환 경력자, 고령자, 뇌심혈관질환자, 고·저혈압환자, 당뇨질환자, 신장질환자, 음주자, 장애인 등)을 파악하여 관리하고 있음|2인 1조  작업을 통해 근로자 간 상호 건강 상태를 수시로 확인하도록 하고 있음|응급상황 대비 비상연락망을 구축하고, 인근 의료기관 및 구급차 진입로를 사전에 파악하고 있음",해당 사항 없음,해당없음,"섭취 주의사항 확인하였으며, 대용량 식염포도당 비치함",이해하였으며 관리 중임,이해함,이해함,없음
2026-05-28 14:32,268,파인디지털,2026-05-28,꼼꼼히 읽어보았고 해당 내용 확인하였음,26.1,해당 사항 없음,"현장에 <온열질환 예방 수칙 OPS> 게시함|깨끗하고 시원한 물, 이온음료, 식염포도당 등을 작업장 인근에 상시 비치함|햇볕을 차단할 수 있는 그늘막 및 휴게공간을 제공함|실내, 옥외 작업 시 냉방장치를 설치 및 가동 중임|근로자 중 온열질환 민감군(※ 신규 배치자, 과거 온열질환 경력자, 고령자, 뇌심혈관질환자, 고·저혈압환자, 당뇨질환자, 신장질환자, 음주자, 장애인 등)을 파악하여 관리하고 있음|2인 1조  작업을 통해 근로자 간 상호 건강 상태를 수시로 확인하도록 하고 있음|응급상황 대비 비상연락망을 구축하고, 인근 의료기관 및 구급차 진입로를 사전에 파악하고 있음",해당 사항 없음,해당없음,"섭취 주의사항 확인하였으며, 낱개형태의 식염포도당 혹은 분말형 이온음료 비치함",이해하였으며 관리 중임,이해함,이해함,
2026-05-28 14:48,269,인하대병원 정석타운,2026-05-28,꼼꼼히 읽어보았고 해당 내용 확인하였음,24.2,해당 사항 없음,현장에 <온열질환 예방 수칙 OPS> 게시함|2인 1조  작업을 통해 근로자 간 상호 건강 상태를 수시로 확인하도록 하고 있음,해당 사항 없음,해당없음,지급하고 있지 않음,이해하였으며 관리 중임,이해함,이해함,시간별 외부 온도 체크
2026-05-28 14:53,270,현대자동차 광주하이테크센터,2026-05-28,꼼꼼히 읽어보았고 해당 내용 확인하였음,24.6,해당 사항 없음,"깨끗하고 시원한 물, 이온음료, 식염포도당 등을 작업장 인근에 상시 비치함|햇볕을 차단할 수 있는 그늘막 및 휴게공간을 제공함",해당 사항 없음,해당없음,"섭취 주의사항 확인하였으며, 대용량 식염포도당 비치함",이해하였으며 관리 중임,이해함,이해함,
2026-05-28 15:02,271,KB증권대구,2026-05-28,꼼꼼히 읽어보았고 해당 내용 확인하였음,27.9,해당 사항 없음,현장에 <온열질환 예방 수칙 OPS> 게시함|무더위 시간대(14~17시) 사이에 실외 작업을 되도록 하지 않았음,해당 사항 없음,해당없음,지급하고 있지 않음,이해하였으며 관리 중임,이해함,이해함,
2026-05-28 15:06,272,인하대병원,2026-05-28,꼼꼼히 읽어보았고 해당 내용 확인하였음,24,해당 사항 없음,"현장 내 온습도계를 비치하여 매시간 체감온도를 확인하고 근로자에게 전파하고 있음|금일 온열질환 예방 교육을 실시함 (TBM 혹은 별도 교육)|현장에 <온열질환 예방 수칙 OPS> 게시함|깨끗하고 시원한 물, 이온음료, 식염포도당 등을 작업장 인근에 상시 비치함|햇볕을 차단할 수 있는 그늘막 및 휴게공간을 제공함|무더위 시간대(14~17시) 사이에 실외 작업을 되도록 하지 않았음|실내, 옥외 작업 시 냉방장치를 설치 및 가동 중임|근로자에게 쿨토시, 아이스 조끼 등 냉감용품을 지급함|근로자 중 온열질환 민감군(※ 신규 배치자, 과거 온열질환 경력자, 고령자, 뇌심혈관질환자, 고·저혈압환자, 당뇨질환자, 신장질환자, 음주자, 장애인 등)을 파악하여 관리하고 있음|2인 1조  작업을 통해 근로자 간 상호 건강 상태를 수시로 확인하도록 하고 있음|응급상황 대비 비상연락망을 구축하고, 인근 의료기관 및 구급차 진입로를 사전에 파악하고 있음",해당 사항 없음,해당없음,지급하고 있지 않음,이해하였으며 관리 중임,이해함,이해함,이상없음
2026-05-28 15:09,273,사이언스파크DP3(안전환경),2026-05-28,꼼꼼히 읽어보았고 해당 내용 확인하였음,25.9,해당 사항 없음,"현장 내 온습도계를 비치하여 매시간 체감온도를 확인하고 근로자에게 전파하고 있음|현장에 <온열질환 예방 수칙 OPS> 게시함|깨끗하고 시원한 물, 이온음료, 식염포도당 등을 작업장 인근에 상시 비치함|실내, 옥외 작업 시 냉방장치를 설치 및 가동 중임|2인 1조  작업을 통해 근로자 간 상호 건강 상태를 수시로 확인하도록 하고 있음|응급상황 대비 비상연락망을 구축하고, 인근 의료기관 및 구급차 진입로를 사전에 파악하고 있음",해당 사항 없음,해당없음,지급하고 있지 않음,이해하였으며 관리 중임,이해함,이해함,현장 순회점검 및 빙과류 제공
2026-05-28 15:10,274,교직원공제회 인천회관,2026-05-28,꼼꼼히 읽어보았고 해당 내용 확인하였음,25.2,해당 사항 없음,"현장 내 온습도계를 비치하여 매시간 체감온도를 확인하고 근로자에게 전파하고 있음|금일 온열질환 예방 교육을 실시함 (TBM 혹은 별도 교육)|현장에 <온열질환 예방 수칙 OPS> 게시함|깨끗하고 시원한 물, 이온음료, 식염포도당 등을 작업장 인근에 상시 비치함|햇볕을 차단할 수 있는 그늘막 및 휴게공간을 제공함|체감온도 33℃ 이상이 되는 작업장소에서 폭염작업을 하는 경우 매 2시간 이내 20분 이상의 휴식을 취하도록 함 (1시간마다 10분 이상의 휴식을 부여하는 것도 가능)|무더위 시간대(14~17시) 사이에 실외 작업을 되도록 하지 않았음|실내, 옥외 작업 시 냉방장치를 설치 및 가동 중임|근로자에게 쿨토시, 아이스 조끼 등 냉감용품을 지급함|근로자 중 온열질환 민감군(※ 신규 배치자, 과거 온열질환 경력자, 고령자, 뇌심혈관질환자, 고·저혈압환자, 당뇨질환자, 신장질환자, 음주자, 장애인 등)을 파악하여 관리하고 있음|2인 1조  작업을 통해 근로자 간 상호 건강 상태를 수시로 확인하도록 하고 있음|응급상황 대비 비상연락망을 구축하고, 인근 의료기관 및 구급차 진입로를 사전에 파악하고 있음",해당 사항 없음,해당없음,"섭취 주의사항 확인하였으며, 낱개형태의 식염포도당 혹은 분말형 이온음료 비치함",이해하였으며 관리 중임,이해함,이해함,
2026-05-28 15:10,275,교원인천공장,2026-05-28,꼼꼼히 읽어보았고 해당 내용 확인하였음,25,해당 사항 없음,"현장에 <온열질환 예방 수칙 OPS> 게시함|깨끗하고 시원한 물, 이온음료, 식염포도당 등을 작업장 인근에 상시 비치함|햇볕을 차단할 수 있는 그늘막 및 휴게공간을 제공함|체감온도 33℃ 이상이 되는 작업장소에서 폭염작업을 하는 경우 매 2시간 이내 20분 이상의 휴식을 취하도록 함 (1시간마다 10분 이상의 휴식을 부여하는 것도 가능)|무더위 시간대(14~17시) 사이에 실외 작업을 되도록 하지 않았음|실내, 옥외 작업 시 냉방장치를 설치 및 가동 중임|근로자 중 온열질환 민감군(※ 신규 배치자, 과거 온열질환 경력자, 고령자, 뇌심혈관질환자, 고·저혈압환자, 당뇨질환자, 신장질환자, 음주자, 장애인 등)을 파악하여 관리하고 있음|2인 1조  작업을 통해 근로자 간 상호 건강 상태를 수시로 확인하도록 하고 있음|응급상황 대비 비상연락망을 구축하고, 인근 의료기관 및 구급차 진입로를 사전에 파악하고 있음",해당 사항 없음,해당없음,지급하고 있지 않음,이해하였으며 관리 중임,이해함,이해함,
2026-05-28 15:13,276,잠실타워730,2026-05-28,꼼꼼히 읽어보았고 해당 내용 확인하였음,28,해당 사항 없음,"현장 내 온습도계를 비치하여 매시간 체감온도를 확인하고 근로자에게 전파하고 있음|현장에 <온열질환 예방 수칙 OPS> 게시함|깨끗하고 시원한 물, 이온음료, 식염포도당 등을 작업장 인근에 상시 비치함|무더위 시간대(14~17시) 사이에 실외 작업을 되도록 하지 않았음|근로자 중 온열질환 민감군(※ 신규 배치자, 과거 온열질환 경력자, 고령자, 뇌심혈관질환자, 고·저혈압환자, 당뇨질환자, 신장질환자, 음주자, 장애인 등)을 파악하여 관리하고 있음",해당 사항 없음,해당없음,"섭취 주의사항 확인하였으며, 낱개형태의 식염포도당 혹은 분말형 이온음료 비치함",이해하였으며 관리 중임,이해함,이해함,잘관리 하겠습니다...
2026-05-28 15:20,277,한국교직원공제회강원회관,2026-05-28,꼼꼼히 읽어보았고 해당 내용 확인하였음,27,해당 사항 없음,"현장 내 온습도계를 비치하여 매시간 체감온도를 확인하고 근로자에게 전파하고 있음|금일 온열질환 예방 교육을 실시함 (TBM 혹은 별도 교육)|현장에 <온열질환 예방 수칙 OPS> 게시함|깨끗하고 시원한 물, 이온음료, 식염포도당 등을 작업장 인근에 상시 비치함|햇볕을 차단할 수 있는 그늘막 및 휴게공간을 제공함|체감온도 33℃ 이상이 되는 작업장소에서 폭염작업을 하는 경우 매 2시간 이내 20분 이상의 휴식을 취하도록 함 (1시간마다 10분 이상의 휴식을 부여하는 것도 가능)|무더위 시간대(14~17시) 사이에 실외 작업을 되도록 하지 않았음|실내, 옥외 작업 시 냉방장치를 설치 및 가동 중임|근로자에게 쿨토시, 아이스 조끼 등 냉감용품을 지급함|근로자 중 온열질환 민감군(※ 신규 배치자, 과거 온열질환 경력자, 고령자, 뇌심혈관질환자, 고·저혈압환자, 당뇨질환자, 신장질환자, 음주자, 장애인 등)을 파악하여 관리하고 있음|2인 1조  작업을 통해 근로자 간 상호 건강 상태를 수시로 확인하도록 하고 있음|응급상황 대비 비상연락망을 구축하고, 인근 의료기관 및 구급차 진입로를 사전에 파악하고 있음",해당 사항 없음,해당없음,지급하고 있지 않음,이해하였으며 관리 중임,이해함,이해함,
2026-05-28 15:27,278,쿠팡 인천5센타,2026-05-28,꼼꼼히 읽어보았고 해당 내용 확인하였음,25.1,해당 사항 없음,"현장 내 온습도계를 비치하여 매시간 체감온도를 확인하고 근로자에게 전파하고 있음|금일 온열질환 예방 교육을 실시함 (TBM 혹은 별도 교육)|현장에 <온열질환 예방 수칙 OPS> 게시함|깨끗하고 시원한 물, 이온음료, 식염포도당 등을 작업장 인근에 상시 비치함|햇볕을 차단할 수 있는 그늘막 및 휴게공간을 제공함|체감온도 33℃ 이상이 되는 작업장소에서 폭염작업을 하는 경우 매 2시간 이내 20분 이상의 휴식을 취하도록 함 (1시간마다 10분 이상의 휴식을 부여하는 것도 가능)|근로자 중 온열질환 민감군(※ 신규 배치자, 과거 온열질환 경력자, 고령자, 뇌심혈관질환자, 고·저혈압환자, 당뇨질환자, 신장질환자, 음주자, 장애인 등)을 파악하여 관리하고 있음|2인 1조  작업을 통해 근로자 간 상호 건강 상태를 수시로 확인하도록 하고 있음|응급상황 대비 비상연락망을 구축하고, 인근 의료기관 및 구급차 진입로를 사전에 파악하고 있음",해당 사항 없음,해당없음,지급하고 있지 않음,이해하였으며 관리 중임,이해함,이해함,
2026-05-28 15:33,279,용산 LG U+,2026-05-28,꼼꼼히 읽어보았고 해당 내용 확인하였음,26.7,해당 사항 없음,"금일 온열질환 예방 교육을 실시함 (TBM 혹은 별도 교육)|현장에 <온열질환 예방 수칙 OPS> 게시함|깨끗하고 시원한 물, 이온음료, 식염포도당 등을 작업장 인근에 상시 비치함|햇볕을 차단할 수 있는 그늘막 및 휴게공간을 제공함|체감온도 33℃ 이상이 되는 작업장소에서 폭염작업을 하는 경우 매 2시간 이내 20분 이상의 휴식을 취하도록 함 (1시간마다 10분 이상의 휴식을 부여하는 것도 가능)|무더위 시간대(14~17시) 사이에 실외 작업을 되도록 하지 않았음|실내, 옥외 작업 시 냉방장치를 설치 및 가동 중임|근로자에게 쿨토시, 아이스 조끼 등 냉감용품을 지급함|근로자 중 온열질환 민감군(※ 신규 배치자, 과거 온열질환 경력자, 고령자, 뇌심혈관질환자, 고·저혈압환자, 당뇨질환자, 신장질환자, 음주자, 장애인 등)을 파악하여 관리하고 있음|2인 1조  작업을 통해 근로자 간 상호 건강 상태를 수시로 확인하도록 하고 있음|응급상황 대비 비상연락망을 구축하고, 인근 의료기관 및 구급차 진입로를 사전에 파악하고 있음","매시간 15분씩 그늘(휴식공간)에서 휴식 제공|온열질환 민감군, 작업강도가 높은 작업자에게는 휴식시간 추가 배정|무더위 시간대(14~17시)에는 불가피한 경우를 제외하고는 옥외작업 중지|불가피한 옥외작업 시 휴식시간 충분히 부여|업무담당자 지정 혹은 2인 1조 근무하도록 하여 근로자의 건강상태 상호 확인","재난 및 안전관리 등에 필요한 긴급조치 작업 외 옥외작업 중지|긴급작업을 할 경우에는 휴식시간 충분히 부여|온열질환 민감군, 작업강도가 높은 작업자에게는 휴식시간 추가 배정|열사병 등 온열질환 민감군에 대하여 옥외작업 제한|업무담당자 지정 혹은 2인 1조 근무하도록 하여 근로자의 건강상태 상호 확인","섭취 주의사항 확인하였으며, 낱개형태의 식염포도당 혹은 분말형 이온음료 비치함",이해하였으며 관리 중임,이해함,이해함,"매일 교육및 점검, 식염포도당 배치완료"
2026-05-28 15:56,280,서울 한남동 청암빌딩,2026-05-28,꼼꼼히 읽어보았고 해당 내용 확인하였음,27,해당 사항 없음,"현장 내 온습도계를 비치하여 매시간 체감온도를 확인하고 근로자에게 전파하고 있음|깨끗하고 시원한 물, 이온음료, 식염포도당 등을 작업장 인근에 상시 비치함|응급상황 대비 비상연락망을 구축하고, 인근 의료기관 및 구급차 진입로를 사전에 파악하고 있음",해당 사항 없음,해당없음,정수기의 깨끗한물 비치,이해하였으며 관리 중임,이해함,이해함,
2026-05-28 15:56,281,세탁사업소,2026-05-28,꼼꼼히 읽어보았고 해당 내용 확인하였음,27.4,해당 사항 없음,현장 내 온습도계를 비치하여 매시간 체감온도를 확인하고 근로자에게 전파하고 있음|현장에 <온열질환 예방 수칙 OPS> 게시함,해당 사항 없음,해당없음,"섭취 주의사항 확인하였으며, 대용량 식염포도당 비치함",이해하였으며 관리 중임,이해함,이해함,
2026-05-28 16:14,282,페덱스공항물류센터,2026-05-29,꼼꼼히 읽어보았고 해당 내용 확인하였음,25,해당 사항 없음,"금일 온열질환 예방 교육을 실시함 (TBM 혹은 별도 교육)|현장에 <온열질환 예방 수칙 OPS> 게시함|깨끗하고 시원한 물, 이온음료, 식염포도당 등을 작업장 인근에 상시 비치함",해당 사항 없음,해당없음,지급하고 있지 않음,이해하였으며 관리 중임,이해함,이해함,파라솔를 최대한 빨리 구매하여 보내주시기 부탁드림니마
2026-05-28 16:16,283,서우빌딩,2026-05-28,꼼꼼히 읽어보았고 해당 내용 확인하였음,25,해당 사항 없음,"현장 내 온습도계를 비치하여 매시간 체감온도를 확인하고 근로자에게 전파하고 있음|금일 온열질환 예방 교육을 실시함 (TBM 혹은 별도 교육)|현장에 <온열질환 예방 수칙 OPS> 게시함|깨끗하고 시원한 물, 이온음료, 식염포도당 등을 작업장 인근에 상시 비치함|체감온도 33℃ 이상이 되는 작업장소에서 폭염작업을 하는 경우 매 2시간 이내 20분 이상의 휴식을 취하도록 함 (1시간마다 10분 이상의 휴식을 부여하는 것도 가능)|근로자 중 온열질환 민감군(※ 신규 배치자, 과거 온열질환 경력자, 고령자, 뇌심혈관질환자, 고·저혈압환자, 당뇨질환자, 신장질환자, 음주자, 장애인 등)을 파악하여 관리하고 있음",해당 사항 없음,해당없음,지급하고 있지 않음,이해하였으며 관리 중임,이해함,이해함,
2026-05-28 16:40,284,부산데상트연구소,2026-05-28,꼼꼼히 읽어보았고 해당 내용 확인하였음,29.8,해당 사항 없음,"현장에 <온열질환 예방 수칙 OPS> 게시함|깨끗하고 시원한 물, 이온음료, 식염포도당 등을 작업장 인근에 상시 비치함|햇볕을 차단할 수 있는 그늘막 및 휴게공간을 제공함|근로자 중 온열질환 민감군(※ 신규 배치자, 과거 온열질환 경력자, 고령자, 뇌심혈관질환자, 고·저혈압환자, 당뇨질환자, 신장질환자, 음주자, 장애인 등)을 파악하여 관리하고 있음|응급상황 대비 비상연락망을 구축하고, 인근 의료기관 및 구급차 진입로를 사전에 파악하고 있음",해당 사항 없음,해당없음,"섭취 주의사항 확인하였으며, 낱개형태의 식염포도당 혹은 분말형 이온음료 비치함",이해하였으며 관리 중임,이해함,이해함,
2026-05-28 16:41,285,쿠팡대구3센터,2026-05-28,꼼꼼히 읽어보았고 해당 내용 확인하였음,29.6,해당 사항 없음,"현장 내 온습도계를 비치하여 매시간 체감온도를 확인하고 근로자에게 전파하고 있음|금일 온열질환 예방 교육을 실시함 (TBM 혹은 별도 교육)|현장에 <온열질환 예방 수칙 OPS> 게시함|깨끗하고 시원한 물, 이온음료, 식염포도당 등을 작업장 인근에 상시 비치함|햇볕을 차단할 수 있는 그늘막 및 휴게공간을 제공함|체감온도 33℃ 이상이 되는 작업장소에서 폭염작업을 하는 경우 매 2시간 이내 20분 이상의 휴식을 취하도록 함 (1시간마다 10분 이상의 휴식을 부여하는 것도 가능)|실내, 옥외 작업 시 냉방장치를 설치 및 가동 중임|근로자 중 온열질환 민감군(※ 신규 배치자, 과거 온열질환 경력자, 고령자, 뇌심혈관질환자, 고·저혈압환자, 당뇨질환자, 신장질환자, 음주자, 장애인 등)을 파악하여 관리하고 있음|응급상황 대비 비상연락망을 구축하고, 인근 의료기관 및 구급차 진입로를 사전에 파악하고 있음",해당 사항 없음,해당없음,"섭취 주의사항 확인하였으며, 낱개형태의 식염포도당 혹은 분말형 이온음료 비치함",이해하였으며 관리 중임,이해함,이해함,고혈압관련자 예방교육실시
2026-05-28 16:52,286,현대자동차 군산하이테크센터,2026-05-28,꼼꼼히 읽어보았고 해당 내용 확인하였음,21.3,해당 사항 없음,"현장 내 온습도계를 비치하여 매시간 체감온도를 확인하고 근로자에게 전파하고 있음|현장에 <온열질환 예방 수칙 OPS> 게시함|깨끗하고 시원한 물, 이온음료, 식염포도당 등을 작업장 인근에 상시 비치함|햇볕을 차단할 수 있는 그늘막 및 휴게공간을 제공함|무더위 시간대(14~17시) 사이에 실외 작업을 되도록 하지 않았음|실내, 옥외 작업 시 냉방장치를 설치 및 가동 중임|근로자 중 온열질환 민감군(※ 신규 배치자, 과거 온열질환 경력자, 고령자, 뇌심혈관질환자, 고·저혈압환자, 당뇨질환자, 신장질환자, 음주자, 장애인 등)을 파악하여 관리하고 있음|2인 1조  작업을 통해 근로자 간 상호 건강 상태를 수시로 확인하도록 하고 있음|응급상황 대비 비상연락망을 구축하고, 인근 의료기관 및 구급차 진입로를 사전에 파악하고 있음",해당 사항 없음,해당없음,지급하고 있지 않음,이해하였으며 관리 중임,이해함,이해함,"현재 현장에 식염포도당이나 이온음료는 비치되어있지 않으나, 각 근무파트별 냉난방시설과 냉온정수기가 구비된 휴게시설이 근무장소 인근에 있고, 근무 중 필요 시 즉시 휴게할 수 있도록 하고 있습니다."
2026-05-28 16:53,287,쿠팡인천30fc,2026-05-28,꼼꼼히 읽어보았고 해당 내용 확인하였음,23.1,해당 사항 없음,"금일 온열질환 예방 교육을 실시함 (TBM 혹은 별도 교육)|현장에 <온열질환 예방 수칙 OPS> 게시함|깨끗하고 시원한 물, 이온음료, 식염포도당 등을 작업장 인근에 상시 비치함|햇볕을 차단할 수 있는 그늘막 및 휴게공간을 제공함|무더위 시간대(14~17시) 사이에 실외 작업을 되도록 하지 않았음|실내, 옥외 작업 시 냉방장치를 설치 및 가동 중임|근로자 중 온열질환 민감군(※ 신규 배치자, 과거 온열질환 경력자, 고령자, 뇌심혈관질환자, 고·저혈압환자, 당뇨질환자, 신장질환자, 음주자, 장애인 등)을 파악하여 관리하고 있음|응급상황 대비 비상연락망을 구축하고, 인근 의료기관 및 구급차 진입로를 사전에 파악하고 있음",해당 사항 없음,해당없음,지급하고 있지 않음,이해하였으며 관리 중임,이해함,이해함,
2026-05-28 16:55,288,교원성수빌딩,2026-05-28,꼼꼼히 읽어보았고 해당 내용 확인하였음,27.5,해당 사항 없음,"현장 내 온습도계를 비치하여 매시간 체감온도를 확인하고 근로자에게 전파하고 있음|현장에 <온열질환 예방 수칙 OPS> 게시함|깨끗하고 시원한 물, 이온음료, 식염포도당 등을 작업장 인근에 상시 비치함|무더위 시간대(14~17시) 사이에 실외 작업을 되도록 하지 않았음|실내, 옥외 작업 시 냉방장치를 설치 및 가동 중임|근로자 중 온열질환 민감군(※ 신규 배치자, 과거 온열질환 경력자, 고령자, 뇌심혈관질환자, 고·저혈압환자, 당뇨질환자, 신장질환자, 음주자, 장애인 등)을 파악하여 관리하고 있음|응급상황 대비 비상연락망을 구축하고, 인근 의료기관 및 구급차 진입로를 사전에 파악하고 있음",해당 사항 없음,해당없음,지급하고 있지 않음,이해하였으며 관리 중임,이해함,이해함,
2026-05-28 17:07,289,인천Tw1,2026-05-28,꼼꼼히 읽어보았고 해당 내용 확인하였음,25.6,해당 사항 없음,"금일 온열질환 예방 교육을 실시함 (TBM 혹은 별도 교육)|현장에 <온열질환 예방 수칙 OPS> 게시함|깨끗하고 시원한 물, 이온음료, 식염포도당 등을 작업장 인근에 상시 비치함|햇볕을 차단할 수 있는 그늘막 및 휴게공간을 제공함|체감온도 33℃ 이상이 되는 작업장소에서 폭염작업을 하는 경우 매 2시간 이내 20분 이상의 휴식을 취하도록 함 (1시간마다 10분 이상의 휴식을 부여하는 것도 가능)|무더위 시간대(14~17시) 사이에 실외 작업을 되도록 하지 않았음|실내, 옥외 작업 시 냉방장치를 설치 및 가동 중임|근로자 중 온열질환 민감군(※ 신규 배치자, 과거 온열질환 경력자, 고령자, 뇌심혈관질환자, 고·저혈압환자, 당뇨질환자, 신장질환자, 음주자, 장애인 등)을 파악하여 관리하고 있음|2인 1조  작업을 통해 근로자 간 상호 건강 상태를 수시로 확인하도록 하고 있음|응급상황 대비 비상연락망을 구축하고, 인근 의료기관 및 구급차 진입로를 사전에 파악하고 있음",해당 사항 없음,해당없음,"섭취 주의사항 확인하였으며, 대용량 식염포도당 비치함",이해하였으며 관리 중임,이해함,이해함,
2026-05-28 17:08,290,송암빌딩,2026-05-28,꼼꼼히 읽어보았고 해당 내용 확인하였음,26,해당 사항 없음,"현장 내 온습도계를 비치하여 매시간 체감온도를 확인하고 근로자에게 전파하고 있음|금일 온열질환 예방 교육을 실시함 (TBM 혹은 별도 교육)|현장에 <온열질환 예방 수칙 OPS> 게시함|깨끗하고 시원한 물, 이온음료, 식염포도당 등을 작업장 인근에 상시 비치함|햇볕을 차단할 수 있는 그늘막 및 휴게공간을 제공함|체감온도 33℃ 이상이 되는 작업장소에서 폭염작업을 하는 경우 매 2시간 이내 20분 이상의 휴식을 취하도록 함 (1시간마다 10분 이상의 휴식을 부여하는 것도 가능)|무더위 시간대(14~17시) 사이에 실외 작업을 되도록 하지 않았음|실내, 옥외 작업 시 냉방장치를 설치 및 가동 중임|근로자에게 쿨토시, 아이스 조끼 등 냉감용품을 지급함|근로자 중 온열질환 민감군(※ 신규 배치자, 과거 온열질환 경력자, 고령자, 뇌심혈관질환자, 고·저혈압환자, 당뇨질환자, 신장질환자, 음주자, 장애인 등)을 파악하여 관리하고 있음|2인 1조  작업을 통해 근로자 간 상호 건강 상태를 수시로 확인하도록 하고 있음|응급상황 대비 비상연락망을 구축하고, 인근 의료기관 및 구급차 진입로를 사전에 파악하고 있음",해당 사항 없음,해당없음,"섭취 주의사항 확인하였으며, 낱개형태의 식염포도당 혹은 분말형 이온음료 비치함",이해하였으며 관리 중임,이해함,이해함,
2026-05-28 17:40,291,성지하이츠1,2026-05-28,꼼꼼히 읽어보았고 해당 내용 확인하였음,25.7,해당 사항 없음,"현장에 <온열질환 예방 수칙 OPS> 게시함|햇볕을 차단할 수 있는 그늘막 및 휴게공간을 제공함|무더위 시간대(14~17시) 사이에 실외 작업을 되도록 하지 않았음|실내, 옥외 작업 시 냉방장치를 설치 및 가동 중임",해당 사항 없음,해당없음,지급하고 있지 않음,이해하였으며 관리 중임,이해함,이해함,
2026-05-28 19:44,292,한진빌딩,2026-05-28,꼼꼼히 읽어보았고 해당 내용 확인하였음,28,해당 사항 없음,현장 내 온습도계를 비치하여 매시간 체감온도를 확인하고 근로자에게 전파하고 있음,해당 사항 없음,재난 및 안전관리 등에 필요한 긴급조치 작업 외 옥외작업 중지,"섭취 주의사항 확인하였으며, 낱개형태의 식염포도당 혹은 분말형 이온음료 비치함",이해하였으며 관리 중임,이해함,이해함,
2026-05-28 21:36,293,서울보증,2026-05-28,꼼꼼히 읽어보았고 해당 내용 확인하였음,23,해당 사항 없음,"현장 내 온습도계를 비치하여 매시간 체감온도를 확인하고 근로자에게 전파하고 있음|금일 온열질환 예방 교육을 실시함 (TBM 혹은 별도 교육)|현장에 <온열질환 예방 수칙 OPS> 게시함|깨끗하고 시원한 물, 이온음료, 식염포도당 등을 작업장 인근에 상시 비치함|햇볕을 차단할 수 있는 그늘막 및 휴게공간을 제공함|체감온도 33℃ 이상이 되는 작업장소에서 폭염작업을 하는 경우 매 2시간 이내 20분 이상의 휴식을 취하도록 함 (1시간마다 10분 이상의 휴식을 부여하는 것도 가능)|무더위 시간대(14~17시) 사이에 실외 작업을 되도록 하지 않았음|실내, 옥외 작업 시 냉방장치를 설치 및 가동 중임|근로자에게 쿨토시, 아이스 조끼 등 냉감용품을 지급함|근로자 중 온열질환 민감군(※ 신규 배치자, 과거 온열질환 경력자, 고령자, 뇌심혈관질환자, 고·저혈압환자, 당뇨질환자, 신장질환자, 음주자, 장애인 등)을 파악하여 관리하고 있음|2인 1조  작업을 통해 근로자 간 상호 건강 상태를 수시로 확인하도록 하고 있음|응급상황 대비 비상연락망을 구축하고, 인근 의료기관 및 구급차 진입로를 사전에 파악하고 있음",해당 사항 없음,해당없음,지급하고 있지 않음,이해하였으며 관리 중임,이해함,이해함,
2026-05-29 7:27,294,K스퀘어,2026-05-28,꼼꼼히 읽어보았고 해당 내용 확인하였음,28,해당 사항 없음,현장에 <온열질환 예방 수칙 OPS> 게시함|2인 1조  작업을 통해 근로자 간 상호 건강 상태를 수시로 확인하도록 하고 있음,해당 사항 없음,해당없음,지급하고 있지 않음,이해하였으며 관리 중임,이해함,이해함,
2026-05-29 8:11,295,KB국민은행 대천연수원,2026-05-29,꼼꼼히 읽어보았고 해당 내용 확인하였음,20,해당 사항 없음,"현장 내 온습도계를 비치하여 매시간 체감온도를 확인하고 근로자에게 전파하고 있음|금일 온열질환 예방 교육을 실시함 (TBM 혹은 별도 교육)|현장에 <온열질환 예방 수칙 OPS> 게시함|깨끗하고 시원한 물, 이온음료, 식염포도당 등을 작업장 인근에 상시 비치함|햇볕을 차단할 수 있는 그늘막 및 휴게공간을 제공함|체감온도 33℃ 이상이 되는 작업장소에서 폭염작업을 하는 경우 매 2시간 이내 20분 이상의 휴식을 취하도록 함 (1시간마다 10분 이상의 휴식을 부여하는 것도 가능)|무더위 시간대(14~17시) 사이에 실외 작업을 되도록 하지 않았음|실내, 옥외 작업 시 냉방장치를 설치 및 가동 중임|근로자에게 쿨토시, 아이스 조끼 등 냉감용품을 지급함|근로자 중 온열질환 민감군(※ 신규 배치자, 과거 온열질환 경력자, 고령자, 뇌심혈관질환자, 고·저혈압환자, 당뇨질환자, 신장질환자, 음주자, 장애인 등)을 파악하여 관리하고 있음|2인 1조  작업을 통해 근로자 간 상호 건강 상태를 수시로 확인하도록 하고 있음|응급상황 대비 비상연락망을 구축하고, 인근 의료기관 및 구급차 진입로를 사전에 파악하고 있음",해당 사항 없음,해당없음,"섭취 주의사항 확인하였으며, 대용량 식염포도당 비치함",이해하였으며 관리 중임,이해함,이해함,
2026-05-29 8:15,296,국민은행 일산연수원,2026-05-29,꼼꼼히 읽어보았고 해당 내용 확인하였음,22,해당 사항 없음,현장에 <온열질환 예방 수칙 OPS> 게시함|햇볕을 차단할 수 있는 그늘막 및 휴게공간을 제공함|체감온도 33℃ 이상이 되는 작업장소에서 폭염작업을 하는 경우 매 2시간 이내 20분 이상의 휴식을 취하도록 함 (1시간마다 10분 이상의 휴식을 부여하는 것도 가능)|2인 1조  작업을 통해 근로자 간 상호 건강 상태를 수시로 확인하도록 하고 있음,해당 사항 없음,해당없음,지급하고 있지 않음,이해하였으며 관리 중임,이해함,이해함,금일 해당사항 없음 .
2026-05-29 8:23,297,슈피겐 인천물류센터,2026-05-29,꼼꼼히 읽어보았고 해당 내용 확인하였음,29,해당 사항 없음,"금일 온열질환 예방 교육을 실시함 (TBM 혹은 별도 교육)|깨끗하고 시원한 물, 이온음료, 식염포도당 등을 작업장 인근에 상시 비치함|무더위 시간대(14~17시) 사이에 실외 작업을 되도록 하지 않았음|근로자에게 쿨토시, 아이스 조끼 등 냉감용품을 지급함|응급상황 대비 비상연락망을 구축하고, 인근 의료기관 및 구급차 진입로를 사전에 파악하고 있음",해당 사항 없음,해당없음,식염포도당 및 이온분말 구입예정,이해하였으며 관리 중임,이해함,이해함,
2026-05-29 8:33,298,"분당퍼스트타워, 백상코퍼레이션",2026-05-29,꼼꼼히 읽어보았고 해당 내용 확인하였음,22,해당 사항 없음,"햇볕을 차단할 수 있는 그늘막 및 휴게공간을 제공함|체감온도 33℃ 이상이 되는 작업장소에서 폭염작업을 하는 경우 매 2시간 이내 20분 이상의 휴식을 취하도록 함 (1시간마다 10분 이상의 휴식을 부여하는 것도 가능)|무더위 시간대(14~17시) 사이에 실외 작업을 되도록 하지 않았음|근로자 중 온열질환 민감군(※ 신규 배치자, 과거 온열질환 경력자, 고령자, 뇌심혈관질환자, 고·저혈압환자, 당뇨질환자, 신장질환자, 음주자, 장애인 등)을 파악하여 관리하고 있음|2인 1조  작업을 통해 근로자 간 상호 건강 상태를 수시로 확인하도록 하고 있음|응급상황 대비 비상연락망을 구축하고, 인근 의료기관 및 구급차 진입로를 사전에 파악하고 있음",해당 사항 없음,해당없음,지급하고 있지 않음,이해하였으며 관리 중임,이해함,이해함,
2026-05-29 8:37,299,한국증권금융,2026-05-29,꼼꼼히 읽어보았고 해당 내용 확인하였음,24,해당 사항 없음,"현장 내 온습도계를 비치하여 매시간 체감온도를 확인하고 근로자에게 전파하고 있음|금일 온열질환 예방 교육을 실시함 (TBM 혹은 별도 교육)|현장에 <온열질환 예방 수칙 OPS> 게시함|깨끗하고 시원한 물, 이온음료, 식염포도당 등을 작업장 인근에 상시 비치함|햇볕을 차단할 수 있는 그늘막 및 휴게공간을 제공함|체감온도 33℃ 이상이 되는 작업장소에서 폭염작업을 하는 경우 매 2시간 이내 20분 이상의 휴식을 취하도록 함 (1시간마다 10분 이상의 휴식을 부여하는 것도 가능)|무더위 시간대(14~17시) 사이에 실외 작업을 되도록 하지 않았음|실내, 옥외 작업 시 냉방장치를 설치 및 가동 중임|근로자에게 쿨토시, 아이스 조끼 등 냉감용품을 지급함|근로자 중 온열질환 민감군(※ 신규 배치자, 과거 온열질환 경력자, 고령자, 뇌심혈관질환자, 고·저혈압환자, 당뇨질환자, 신장질환자, 음주자, 장애인 등)을 파악하여 관리하고 있음|2인 1조  작업을 통해 근로자 간 상호 건강 상태를 수시로 확인하도록 하고 있음|응급상황 대비 비상연락망을 구축하고, 인근 의료기관 및 구급차 진입로를 사전에 파악하고 있음",해당 사항 없음,해당없음,"섭취 주의사항 확인하였으며, 낱개형태의 식염포도당 혹은 분말형 이온음료 비치함",이해하였으며 관리 중임,이해함,이해함,
2026-05-29 8:40,300,페럼타워,2026-05-28,꼼꼼히 읽어보았고 해당 내용 확인하였음,30,해당 사항 없음,"현장 내 온습도계를 비치하여 매시간 체감온도를 확인하고 근로자에게 전파하고 있음|금일 온열질환 예방 교육을 실시함 (TBM 혹은 별도 교육)|현장에 <온열질환 예방 수칙 OPS> 게시함|깨끗하고 시원한 물, 이온음료, 식염포도당 등을 작업장 인근에 상시 비치함|햇볕을 차단할 수 있는 그늘막 및 휴게공간을 제공함|체감온도 33℃ 이상이 되는 작업장소에서 폭염작업을 하는 경우 매 2시간 이내 20분 이상의 휴식을 취하도록 함 (1시간마다 10분 이상의 휴식을 부여하는 것도 가능)|무더위 시간대(14~17시) 사이에 실외 작업을 되도록 하지 않았음|실내, 옥외 작업 시 냉방장치를 설치 및 가동 중임|2인 1조  작업을 통해 근로자 간 상호 건강 상태를 수시로 확인하도록 하고 있음|응급상황 대비 비상연락망을 구축하고, 인근 의료기관 및 구급차 진입로를 사전에 파악하고 있음",해당 사항 없음,해당없음,"섭취 주의사항 확인하였으며, 대용량 식염포도당 비치함",이해하였으며 관리 중임,이해함,이해함,
2026-05-29 8:45,301,나라키움 대전통합청사,2026-05-29,꼼꼼히 읽어보았고 해당 내용 확인하였음,21.4,해당 사항 없음,"현장에 <온열질환 예방 수칙 OPS> 게시함|깨끗하고 시원한 물, 이온음료, 식염포도당 등을 작업장 인근에 상시 비치함|2인 1조  작업을 통해 근로자 간 상호 건강 상태를 수시로 확인하도록 하고 있음",해당 사항 없음,해당없음,"깨끗한 물을 항상 제공하고 있음, 이외 필요시 추가적으로 구매하여 제공하고 있음",이해하였으며 관리 중임,이해함,이해함,온열질환 발생시에 충분한 휴식시간을 제공하고 있습니다.
2026-05-29 8:55,302,백상코퍼레이션 KB국민은행천안연수원,2026-05-26,꼼꼼히 읽어보았고 해당 내용 확인하였음,27.3,해당 사항 없음,"현장 내 온습도계를 비치하여 매시간 체감온도를 확인하고 근로자에게 전파하고 있음|현장에 <온열질환 예방 수칙 OPS> 게시함|깨끗하고 시원한 물, 이온음료, 식염포도당 등을 작업장 인근에 상시 비치함",해당 사항 없음,해당없음,"섭취 주의사항 확인하였으며, 낱개형태의 식염포도당 혹은 분말형 이온음료 비치함",이해하였으며 관리 중임,이해함,이해함,네
2026-05-29 8:55,303,국민은행 속초연수원,2026-05-29,꼼꼼히 읽어보았고 해당 내용 확인하였음,21.5,해당 사항 없음,"현장 내 온습도계를 비치하여 매시간 체감온도를 확인하고 근로자에게 전파하고 있음|금일 온열질환 예방 교육을 실시함 (TBM 혹은 별도 교육)|현장에 <온열질환 예방 수칙 OPS> 게시함|깨끗하고 시원한 물, 이온음료, 식염포도당 등을 작업장 인근에 상시 비치함|햇볕을 차단할 수 있는 그늘막 및 휴게공간을 제공함|체감온도 33℃ 이상이 되는 작업장소에서 폭염작업을 하는 경우 매 2시간 이내 20분 이상의 휴식을 취하도록 함 (1시간마다 10분 이상의 휴식을 부여하는 것도 가능)|실내, 옥외 작업 시 냉방장치를 설치 및 가동 중임|근로자 중 온열질환 민감군(※ 신규 배치자, 과거 온열질환 경력자, 고령자, 뇌심혈관질환자, 고·저혈압환자, 당뇨질환자, 신장질환자, 음주자, 장애인 등)을 파악하여 관리하고 있음|2인 1조  작업을 통해 근로자 간 상호 건강 상태를 수시로 확인하도록 하고 있음|응급상황 대비 비상연락망을 구축하고, 인근 의료기관 및 구급차 진입로를 사전에 파악하고 있음",해당 사항 없음,해당없음,"섭취 주의사항 확인하였으며, 낱개형태의 식염포도당 혹은 분말형 이온음료 비치함",이해하였으며 관리 중임,이해함,이해함,
2026-05-29 8:55,304,국민은행천안,2026-05-29,꼼꼼히 읽어보았고 해당 내용 확인하였음,19,해당 사항 없음,"현장 내 온습도계를 비치하여 매시간 체감온도를 확인하고 근로자에게 전파하고 있음|금일 온열질환 예방 교육을 실시함 (TBM 혹은 별도 교육)|현장에 <온열질환 예방 수칙 OPS> 게시함|깨끗하고 시원한 물, 이온음료, 식염포도당 등을 작업장 인근에 상시 비치함|무더위 시간대(14~17시) 사이에 실외 작업을 되도록 하지 않았음|근로자 중 온열질환 민감군(※ 신규 배치자, 과거 온열질환 경력자, 고령자, 뇌심혈관질환자, 고·저혈압환자, 당뇨질환자, 신장질환자, 음주자, 장애인 등)을 파악하여 관리하고 있음|2인 1조  작업을 통해 근로자 간 상호 건강 상태를 수시로 확인하도록 하고 있음|응급상황 대비 비상연락망을 구축하고, 인근 의료기관 및 구급차 진입로를 사전에 파악하고 있음",해당 사항 없음,해당없음,"섭취 주의사항 확인하였으며, 대용량 식염포도당 비치함",이해하였으며 관리 중임,이해함,이해함,
2026-05-29 8:58,305,KB국민은행연수원천안,2026-05-27,꼼꼼히 읽어보았고 해당 내용 확인하였음,27.3,해당 사항 없음,현장에 <온열질환 예방 수칙 OPS> 게시함|무더위 시간대(14~17시) 사이에 실외 작업을 되도록 하지 않았음,해당 사항 없음,해당없음,"섭취 주의사항 확인하였으며, 낱개형태의 식염포도당 혹은 분말형 이온음료 비치함",이해하였으며 관리 중임,이해함,이해함,네
2026-05-29 9:06,306,사이언스파크2차부지,2026-05-29,꼼꼼히 읽어보았고 해당 내용 확인하였음,26,해당 사항 없음,"현장 내 온습도계를 비치하여 매시간 체감온도를 확인하고 근로자에게 전파하고 있음|금일 온열질환 예방 교육을 실시함 (TBM 혹은 별도 교육)|현장에 <온열질환 예방 수칙 OPS> 게시함|깨끗하고 시원한 물, 이온음료, 식염포도당 등을 작업장 인근에 상시 비치함|체감온도 33℃ 이상이 되는 작업장소에서 폭염작업을 하는 경우 매 2시간 이내 20분 이상의 휴식을 취하도록 함 (1시간마다 10분 이상의 휴식을 부여하는 것도 가능)|무더위 시간대(14~17시) 사이에 실외 작업을 되도록 하지 않았음|근로자 중 온열질환 민감군(※ 신규 배치자, 과거 온열질환 경력자, 고령자, 뇌심혈관질환자, 고·저혈압환자, 당뇨질환자, 신장질환자, 음주자, 장애인 등)을 파악하여 관리하고 있음|2인 1조  작업을 통해 근로자 간 상호 건강 상태를 수시로 확인하도록 하고 있음|응급상황 대비 비상연락망을 구축하고, 인근 의료기관 및 구급차 진입로를 사전에 파악하고 있음",해당 사항 없음,해당없음,"섭취 주의사항 확인하였으며, 낱개형태의 식염포도당 혹은 분말형 이온음료 비치함",이해하였으며 관리 중임,이해함,이해함,체감온도 상시체크
2026-05-29 9:20,307,홍익대세종미화,2026-05-29,꼼꼼히 읽어보았고 해당 내용 확인하였음,21.7,해당 사항 없음,"현장 내 온습도계를 비치하여 매시간 체감온도를 확인하고 근로자에게 전파하고 있음|금일 온열질환 예방 교육을 실시함 (TBM 혹은 별도 교육)|현장에 <온열질환 예방 수칙 OPS> 게시함|깨끗하고 시원한 물, 이온음료, 식염포도당 등을 작업장 인근에 상시 비치함|햇볕을 차단할 수 있는 그늘막 및 휴게공간을 제공함|체감온도 33℃ 이상이 되는 작업장소에서 폭염작업을 하는 경우 매 2시간 이내 20분 이상의 휴식을 취하도록 함 (1시간마다 10분 이상의 휴식을 부여하는 것도 가능)|무더위 시간대(14~17시) 사이에 실외 작업을 되도록 하지 않았음|실내, 옥외 작업 시 냉방장치를 설치 및 가동 중임|근로자 중 온열질환 민감군(※ 신규 배치자, 과거 온열질환 경력자, 고령자, 뇌심혈관질환자, 고·저혈압환자, 당뇨질환자, 신장질환자, 음주자, 장애인 등)을 파악하여 관리하고 있음|2인 1조  작업을 통해 근로자 간 상호 건강 상태를 수시로 확인하도록 하고 있음|응급상황 대비 비상연락망을 구축하고, 인근 의료기관 및 구급차 진입로를 사전에 파악하고 있음",해당 사항 없음,해당없음,지급하고 있지 않음,이해하였으며 관리 중임,이해함,이해함,수시점검중
2026-05-29 9:23,308,마곡뉴파워프라즈마,2026-05-29,꼼꼼히 읽어보았고 해당 내용 확인하였음,23.4,해당 사항 없음,"금일 온열질환 예방 교육을 실시함 (TBM 혹은 별도 교육)|현장에 <온열질환 예방 수칙 OPS> 게시함|햇볕을 차단할 수 있는 그늘막 및 휴게공간을 제공함|체감온도 33℃ 이상이 되는 작업장소에서 폭염작업을 하는 경우 매 2시간 이내 20분 이상의 휴식을 취하도록 함 (1시간마다 10분 이상의 휴식을 부여하는 것도 가능)|무더위 시간대(14~17시) 사이에 실외 작업을 되도록 하지 않았음|실내, 옥외 작업 시 냉방장치를 설치 및 가동 중임|근로자에게 쿨토시, 아이스 조끼 등 냉감용품을 지급함|근로자 중 온열질환 민감군(※ 신규 배치자, 과거 온열질환 경력자, 고령자, 뇌심혈관질환자, 고·저혈압환자, 당뇨질환자, 신장질환자, 음주자, 장애인 등)을 파악하여 관리하고 있음|응급상황 대비 비상연락망을 구축하고, 인근 의료기관 및 구급차 진입로를 사전에 파악하고 있음",해당 사항 없음,해당없음,지급하고 있지 않음,이해하였으며 관리 중임,이해함,이해함,
2026-05-29 9:29,309,한경빌딩,2026-05-29,꼼꼼히 읽어보았고 해당 내용 확인하였음,21.3,해당 사항 없음,"현장 내 온습도계를 비치하여 매시간 체감온도를 확인하고 근로자에게 전파하고 있음|햇볕을 차단할 수 있는 그늘막 및 휴게공간을 제공함|체감온도 33℃ 이상이 되는 작업장소에서 폭염작업을 하는 경우 매 2시간 이내 20분 이상의 휴식을 취하도록 함 (1시간마다 10분 이상의 휴식을 부여하는 것도 가능)|무더위 시간대(14~17시) 사이에 실외 작업을 되도록 하지 않았음|실내, 옥외 작업 시 냉방장치를 설치 및 가동 중임|응급상황 대비 비상연락망을 구축하고, 인근 의료기관 및 구급차 진입로를 사전에 파악하고 있음",해당 사항 없음,해당없음,지급하고 있지 않음,이해하였으며 관리 중임,이해함,이해함,
2026-05-29 9:43,310,백상 코퍼레이션 메리츠화재 부천사옥,2026-05-29,꼼꼼히 읽어보았고 해당 내용 확인하였음,23.3,해당 사항 없음,"현장 내 온습도계를 비치하여 매시간 체감온도를 확인하고 근로자에게 전파하고 있음|금일 온열질환 예방 교육을 실시함 (TBM 혹은 별도 교육)|현장에 <온열질환 예방 수칙 OPS> 게시함|깨끗하고 시원한 물, 이온음료, 식염포도당 등을 작업장 인근에 상시 비치함|햇볕을 차단할 수 있는 그늘막 및 휴게공간을 제공함|체감온도 33℃ 이상이 되는 작업장소에서 폭염작업을 하는 경우 매 2시간 이내 20분 이상의 휴식을 취하도록 함 (1시간마다 10분 이상의 휴식을 부여하는 것도 가능)|무더위 시간대(14~17시) 사이에 실외 작업을 되도록 하지 않았음|실내, 옥외 작업 시 냉방장치를 설치 및 가동 중임|근로자 중 온열질환 민감군(※ 신규 배치자, 과거 온열질환 경력자, 고령자, 뇌심혈관질환자, 고·저혈압환자, 당뇨질환자, 신장질환자, 음주자, 장애인 등)을 파악하여 관리하고 있음|2인 1조  작업을 통해 근로자 간 상호 건강 상태를 수시로 확인하도록 하고 있음|응급상황 대비 비상연락망을 구축하고, 인근 의료기관 및 구급차 진입로를 사전에 파악하고 있음",해당 사항 없음,해당없음,"섭취 주의사항 확인하였으며, 낱개형태의 식염포도당 혹은 분말형 이온음료 비치함",이해하였으며 관리 중임,이해함,이해함,
2026-05-29 9:51,311,KB증권 남울산,2026-05-29,꼼꼼히 읽어보았고 해당 내용 확인하였음,25,해당 사항 없음,"현장 내 온습도계를 비치하여 매시간 체감온도를 확인하고 근로자에게 전파하고 있음|금일 온열질환 예방 교육을 실시함 (TBM 혹은 별도 교육)|현장에 <온열질환 예방 수칙 OPS> 게시함|깨끗하고 시원한 물, 이온음료, 식염포도당 등을 작업장 인근에 상시 비치함|햇볕을 차단할 수 있는 그늘막 및 휴게공간을 제공함|체감온도 33℃ 이상이 되는 작업장소에서 폭염작업을 하는 경우 매 2시간 이내 20분 이상의 휴식을 취하도록 함 (1시간마다 10분 이상의 휴식을 부여하는 것도 가능)|무더위 시간대(14~17시) 사이에 실외 작업을 되도록 하지 않았음|실내, 옥외 작업 시 냉방장치를 설치 및 가동 중임|근로자에게 쿨토시, 아이스 조끼 등 냉감용품을 지급함|근로자 중 온열질환 민감군(※ 신규 배치자, 과거 온열질환 경력자, 고령자, 뇌심혈관질환자, 고·저혈압환자, 당뇨질환자, 신장질환자, 음주자, 장애인 등)을 파악하여 관리하고 있음|2인 1조  작업을 통해 근로자 간 상호 건강 상태를 수시로 확인하도록 하고 있음|응급상황 대비 비상연락망을 구축하고, 인근 의료기관 및 구급차 진입로를 사전에 파악하고 있음",해당 사항 없음,해당없음,"소금,얼음물",이해하였으며 관리 중임,이해함,이해함,온열질환 예방 일일체크리스트 작성
2026-05-29 9:57,312,한국에너지기술연구원,2026-05-29,꼼꼼히 읽어보았고 해당 내용 확인하였음,24.5,해당 사항 없음,"현장 내 온습도계를 비치하여 매시간 체감온도를 확인하고 근로자에게 전파하고 있음|깨끗하고 시원한 물, 이온음료, 식염포도당 등을 작업장 인근에 상시 비치함|무더위 시간대(14~17시) 사이에 실외 작업을 되도록 하지 않았음|2인 1조  작업을 통해 근로자 간 상호 건강 상태를 수시로 확인하도록 하고 있음|응급상황 대비 비상연락망을 구축하고, 인근 의료기관 및 구급차 진입로를 사전에 파악하고 있음",해당 사항 없음,해당없음,"섭취 주의사항 확인하였으며, 대용량 식염포도당 비치함",이해하였으며 관리 중임,이해함,이해함,
2026-05-29 9:59,313,한진 월미도 물류센터,2026-05-29,꼼꼼히 읽어보았고 해당 내용 확인하였음,27.5,해당 사항 없음,"현장 내 온습도계를 비치하여 매시간 체감온도를 확인하고 근로자에게 전파하고 있음|금일 온열질환 예방 교육을 실시함 (TBM 혹은 별도 교육)|현장에 <온열질환 예방 수칙 OPS> 게시함|깨끗하고 시원한 물, 이온음료, 식염포도당 등을 작업장 인근에 상시 비치함|햇볕을 차단할 수 있는 그늘막 및 휴게공간을 제공함|무더위 시간대(14~17시) 사이에 실외 작업을 되도록 하지 않았음|실내, 옥외 작업 시 냉방장치를 설치 및 가동 중임|근로자 중 온열질환 민감군(※ 신규 배치자, 과거 온열질환 경력자, 고령자, 뇌심혈관질환자, 고·저혈압환자, 당뇨질환자, 신장질환자, 음주자, 장애인 등)을 파악하여 관리하고 있음|2인 1조  작업을 통해 근로자 간 상호 건강 상태를 수시로 확인하도록 하고 있음|응급상황 대비 비상연락망을 구축하고, 인근 의료기관 및 구급차 진입로를 사전에 파악하고 있음",해당 사항 없음,해당없음,정수기 냉수,이해하였으며 관리 중임,이해함,이해함,냉방기 정상 가동상태 확인
2026-05-29 10:00,314,화성동탄 인큐베이팅센터 관리사무소,2026-05-29,꼼꼼히 읽어보았고 해당 내용 확인하였음,23,해당 사항 없음,"금일 온열질환 예방 교육을 실시함 (TBM 혹은 별도 교육)|현장에 <온열질환 예방 수칙 OPS> 게시함|깨끗하고 시원한 물, 이온음료, 식염포도당 등을 작업장 인근에 상시 비치함|햇볕을 차단할 수 있는 그늘막 및 휴게공간을 제공함|체감온도 33℃ 이상이 되는 작업장소에서 폭염작업을 하는 경우 매 2시간 이내 20분 이상의 휴식을 취하도록 함 (1시간마다 10분 이상의 휴식을 부여하는 것도 가능)|무더위 시간대(14~17시) 사이에 실외 작업을 되도록 하지 않았음|실내, 옥외 작업 시 냉방장치를 설치 및 가동 중임|근로자 중 온열질환 민감군(※ 신규 배치자, 과거 온열질환 경력자, 고령자, 뇌심혈관질환자, 고·저혈압환자, 당뇨질환자, 신장질환자, 음주자, 장애인 등)을 파악하여 관리하고 있음|2인 1조  작업을 통해 근로자 간 상호 건강 상태를 수시로 확인하도록 하고 있음|응급상황 대비 비상연락망을 구축하고, 인근 의료기관 및 구급차 진입로를 사전에 파악하고 있음",해당 사항 없음,해당없음,지급하고 있지 않음,이해하였으며 관리 중임,이해함,이해함,
2026-05-29 10:01,315,LG사이언스파크_DP3_동측1차부지,2026-05-29,꼼꼼히 읽어보았고 해당 내용 확인하였음,30.6,해당 사항 없음,"현장 내 온습도계를 비치하여 매시간 체감온도를 확인하고 근로자에게 전파하고 있음|금일 온열질환 예방 교육을 실시함 (TBM 혹은 별도 교육)|현장에 <온열질환 예방 수칙 OPS> 게시함|깨끗하고 시원한 물, 이온음료, 식염포도당 등을 작업장 인근에 상시 비치함|햇볕을 차단할 수 있는 그늘막 및 휴게공간을 제공함|체감온도 33℃ 이상이 되는 작업장소에서 폭염작업을 하는 경우 매 2시간 이내 20분 이상의 휴식을 취하도록 함 (1시간마다 10분 이상의 휴식을 부여하는 것도 가능)|무더위 시간대(14~17시) 사이에 실외 작업을 되도록 하지 않았음|실내, 옥외 작업 시 냉방장치를 설치 및 가동 중임|근로자에게 쿨토시, 아이스 조끼 등 냉감용품을 지급함|근로자 중 온열질환 민감군(※ 신규 배치자, 과거 온열질환 경력자, 고령자, 뇌심혈관질환자, 고·저혈압환자, 당뇨질환자, 신장질환자, 음주자, 장애인 등)을 파악하여 관리하고 있음|2인 1조  작업을 통해 근로자 간 상호 건강 상태를 수시로 확인하도록 하고 있음|응급상황 대비 비상연락망을 구축하고, 인근 의료기관 및 구급차 진입로를 사전에 파악하고 있음",해당 사항 없음,해당없음,"섭취 주의사항 확인하였으며, 낱개형태의 식염포도당 혹은 분말형 이온음료 비치함",이해하였으며 관리 중임,이해함,이해함,특이사항 없음
2026-05-29 10:02,316,상암 디지털큐브,2026-05-29,꼼꼼히 읽어보았고 해당 내용 확인하였음,23.2,해당 사항 없음,"현장 내 온습도계를 비치하여 매시간 체감온도를 확인하고 근로자에게 전파하고 있음|금일 온열질환 예방 교육을 실시함 (TBM 혹은 별도 교육)|현장에 <온열질환 예방 수칙 OPS> 게시함|깨끗하고 시원한 물, 이온음료, 식염포도당 등을 작업장 인근에 상시 비치함|햇볕을 차단할 수 있는 그늘막 및 휴게공간을 제공함|체감온도 33℃ 이상이 되는 작업장소에서 폭염작업을 하는 경우 매 2시간 이내 20분 이상의 휴식을 취하도록 함 (1시간마다 10분 이상의 휴식을 부여하는 것도 가능)|무더위 시간대(14~17시) 사이에 실외 작업을 되도록 하지 않았음|실내, 옥외 작업 시 냉방장치를 설치 및 가동 중임|근로자에게 쿨토시, 아이스 조끼 등 냉감용품을 지급함|근로자 중 온열질환 민감군(※ 신규 배치자, 과거 온열질환 경력자, 고령자, 뇌심혈관질환자, 고·저혈압환자, 당뇨질환자, 신장질환자, 음주자, 장애인 등)을 파악하여 관리하고 있음|2인 1조  작업을 통해 근로자 간 상호 건강 상태를 수시로 확인하도록 하고 있음|응급상황 대비 비상연락망을 구축하고, 인근 의료기관 및 구급차 진입로를 사전에 파악하고 있음",해당 사항 없음,해당없음,"섭취 주의사항 확인하였으며, 낱개형태의 식염포도당 혹은 분말형 이온음료 비치함",이해하였으며 관리 중임,이해함,이해함,
2026-05-29 10:02,317,한진 인천 정비공장,2026-05-29,꼼꼼히 읽어보았고 해당 내용 확인하였음,28.9,해당 사항 없음,"현장 내 온습도계를 비치하여 매시간 체감온도를 확인하고 근로자에게 전파하고 있음|금일 온열질환 예방 교육을 실시함 (TBM 혹은 별도 교육)|현장에 <온열질환 예방 수칙 OPS> 게시함|깨끗하고 시원한 물, 이온음료, 식염포도당 등을 작업장 인근에 상시 비치함|햇볕을 차단할 수 있는 그늘막 및 휴게공간을 제공함|무더위 시간대(14~17시) 사이에 실외 작업을 되도록 하지 않았음|실내, 옥외 작업 시 냉방장치를 설치 및 가동 중임|근로자 중 온열질환 민감군(※ 신규 배치자, 과거 온열질환 경력자, 고령자, 뇌심혈관질환자, 고·저혈압환자, 당뇨질환자, 신장질환자, 음주자, 장애인 등)을 파악하여 관리하고 있음|2인 1조  작업을 통해 근로자 간 상호 건강 상태를 수시로 확인하도록 하고 있음|응급상황 대비 비상연락망을 구축하고, 인근 의료기관 및 구급차 진입로를 사전에 파악하고 있음",해당 사항 없음,해당없음,정수기 냉수,이해하였으며 관리 중임,이해함,이해함,냉방기 정상 가동상태 확인
2026-05-29 10:04,318,상암 디지털큐브,2026-05-28,꼼꼼히 읽어보았고 해당 내용 확인하였음,24.6,해당 사항 없음,"현장 내 온습도계를 비치하여 매시간 체감온도를 확인하고 근로자에게 전파하고 있음|금일 온열질환 예방 교육을 실시함 (TBM 혹은 별도 교육)|현장에 <온열질환 예방 수칙 OPS> 게시함|깨끗하고 시원한 물, 이온음료, 식염포도당 등을 작업장 인근에 상시 비치함|햇볕을 차단할 수 있는 그늘막 및 휴게공간을 제공함|체감온도 33℃ 이상이 되는 작업장소에서 폭염작업을 하는 경우 매 2시간 이내 20분 이상의 휴식을 취하도록 함 (1시간마다 10분 이상의 휴식을 부여하는 것도 가능)|무더위 시간대(14~17시) 사이에 실외 작업을 되도록 하지 않았음|실내, 옥외 작업 시 냉방장치를 설치 및 가동 중임|근로자에게 쿨토시, 아이스 조끼 등 냉감용품을 지급함|근로자 중 온열질환 민감군(※ 신규 배치자, 과거 온열질환 경력자, 고령자, 뇌심혈관질환자, 고·저혈압환자, 당뇨질환자, 신장질환자, 음주자, 장애인 등)을 파악하여 관리하고 있음|2인 1조  작업을 통해 근로자 간 상호 건강 상태를 수시로 확인하도록 하고 있음|응급상황 대비 비상연락망을 구축하고, 인근 의료기관 및 구급차 진입로를 사전에 파악하고 있음",해당 사항 없음,해당없음,"섭취 주의사항 확인하였으며, 낱개형태의 식염포도당 혹은 분말형 이온음료 비치함",이해하였으며 관리 중임,이해함,이해함,
2026-05-29 10:10,319,KB국민은행연수원천안,2026-05-26,꼼꼼히 읽어보았고 해당 내용 확인하였음,27.3,해당 사항 없음,현장 내 온습도계를 비치하여 매시간 체감온도를 확인하고 근로자에게 전파하고 있음|현장에 <온열질환 예방 수칙 OPS> 게시함,해당 사항 없음,해당없음,"섭취 주의사항 확인하였으며, 낱개형태의 식염포도당 혹은 분말형 이온음료 비치함",이해하였으며 관리 중임,이해함,이해함,네
2026-05-29 10:11,320,KB국민은행연수원천안,2026-05-27,꼼꼼히 읽어보았고 해당 내용 확인하였음,27.3,해당 사항 없음,"현장에 <온열질환 예방 수칙 OPS> 게시함|깨끗하고 시원한 물, 이온음료, 식염포도당 등을 작업장 인근에 상시 비치함",해당 사항 없음,해당없음,"섭취 주의사항 확인하였으며, 낱개형태의 식염포도당 혹은 분말형 이온음료 비치함",이해하였으며 관리 중임,이해함,이해함,네
2026-05-29 10:12,321,KB국민은행연수원천안,2026-05-28,꼼꼼히 읽어보았고 해당 내용 확인하였음,27.3,해당 사항 없음,"현장에 <온열질환 예방 수칙 OPS> 게시함|깨끗하고 시원한 물, 이온음료, 식염포도당 등을 작업장 인근에 상시 비치함|무더위 시간대(14~17시) 사이에 실외 작업을 되도록 하지 않았음",해당 사항 없음,해당없음,"섭취 주의사항 확인하였으며, 낱개형태의 식염포도당 혹은 분말형 이온음료 비치함",이해하였으며 관리 중임,이해함,이해함,네
2026-05-29 10:24,322,페럼클럽,2026-05-29,꼼꼼히 읽어보았고 해당 내용 확인하였음,28,해당 사항 없음,"현장 내 온습도계를 비치하여 매시간 체감온도를 확인하고 근로자에게 전파하고 있음|금일 온열질환 예방 교육을 실시함 (TBM 혹은 별도 교육)|현장에 <온열질환 예방 수칙 OPS> 게시함|깨끗하고 시원한 물, 이온음료, 식염포도당 등을 작업장 인근에 상시 비치함|햇볕을 차단할 수 있는 그늘막 및 휴게공간을 제공함|2인 1조  작업을 통해 근로자 간 상호 건강 상태를 수시로 확인하도록 하고 있음|응급상황 대비 비상연락망을 구축하고, 인근 의료기관 및 구급차 진입로를 사전에 파악하고 있음",해당 사항 없음,해당없음,"섭취 주의사항 확인하였으며, 대용량 식염포도당 비치함",이해하였으며 관리 중임,이해함,이해함,
2026-05-29 10:37,323,메리츠 화재 연수원,2026-05-29,꼼꼼히 읽어보았고 해당 내용 확인하였음,24,해당 사항 없음,"현장 내 온습도계를 비치하여 매시간 체감온도를 확인하고 근로자에게 전파하고 있음|금일 온열질환 예방 교육을 실시함 (TBM 혹은 별도 교육)|현장에 <온열질환 예방 수칙 OPS> 게시함|깨끗하고 시원한 물, 이온음료, 식염포도당 등을 작업장 인근에 상시 비치함|햇볕을 차단할 수 있는 그늘막 및 휴게공간을 제공함|실내, 옥외 작업 시 냉방장치를 설치 및 가동 중임|근로자 중 온열질환 민감군(※ 신규 배치자, 과거 온열질환 경력자, 고령자, 뇌심혈관질환자, 고·저혈압환자, 당뇨질환자, 신장질환자, 음주자, 장애인 등)을 파악하여 관리하고 있음|2인 1조  작업을 통해 근로자 간 상호 건강 상태를 수시로 확인하도록 하고 있음|응급상황 대비 비상연락망을 구축하고, 인근 의료기관 및 구급차 진입로를 사전에 파악하고 있음",해당 사항 없음,해당없음,"섭취 주의사항 확인하였으며, 낱개형태의 식염포도당 혹은 분말형 이온음료 비치함",이해하였으며 관리 중임,이해함,이해함,
2026-05-29 10:40,324,쿠팡대구3센터,2026-05-29,꼼꼼히 읽어보았고 해당 내용 확인하였음,25.2,해당 사항 없음,"금일 온열질환 예방 교육을 실시함 (TBM 혹은 별도 교육)|현장에 <온열질환 예방 수칙 OPS> 게시함|깨끗하고 시원한 물, 이온음료, 식염포도당 등을 작업장 인근에 상시 비치함|햇볕을 차단할 수 있는 그늘막 및 휴게공간을 제공함|체감온도 33℃ 이상이 되는 작업장소에서 폭염작업을 하는 경우 매 2시간 이내 20분 이상의 휴식을 취하도록 함 (1시간마다 10분 이상의 휴식을 부여하는 것도 가능)|무더위 시간대(14~17시) 사이에 실외 작업을 되도록 하지 않았음|실내, 옥외 작업 시 냉방장치를 설치 및 가동 중임|근로자 중 온열질환 민감군(※ 신규 배치자, 과거 온열질환 경력자, 고령자, 뇌심혈관질환자, 고·저혈압환자, 당뇨질환자, 신장질환자, 음주자, 장애인 등)을 파악하여 관리하고 있음|응급상황 대비 비상연락망을 구축하고, 인근 의료기관 및 구급차 진입로를 사전에 파악하고 있음",해당 사항 없음,해당없음,"섭취 주의사항 확인하였으며, 낱개형태의 식염포도당 혹은 분말형 이온음료 비치함",이해하였으며 관리 중임,이해함,이해함,당뇨에관한 교육실시
2026-05-29 10:48,325,홍익대(서울),2026-05-29,꼼꼼히 읽어보았고 해당 내용 확인하였음,24,해당 사항 없음,2인 1조  작업을 통해 근로자 간 상호 건강 상태를 수시로 확인하도록 하고 있음|온열질환 주의 전파,해당 사항 없음,해당없음,"섭취 주의사항 확인하였으며, 낱개형태의 식염포도당 혹은 분말형 이온음료 비치함",이해하였으며 관리 중임,이해함,이해함,온열질환 주의사항 전파
2026-05-29 11:04,326,교원인천 김동배소장,2026-05-29,꼼꼼히 읽어보았고 해당 내용 확인하였음,23,해당 사항 없음,"현장 내 온습도계를 비치하여 매시간 체감온도를 확인하고 근로자에게 전파하고 있음|현장에 <온열질환 예방 수칙 OPS> 게시함|깨끗하고 시원한 물, 이온음료, 식염포도당 등을 작업장 인근에 상시 비치함|햇볕을 차단할 수 있는 그늘막 및 휴게공간을 제공함|체감온도 33℃ 이상이 되는 작업장소에서 폭염작업을 하는 경우 매 2시간 이내 20분 이상의 휴식을 취하도록 함 (1시간마다 10분 이상의 휴식을 부여하는 것도 가능)|무더위 시간대(14~17시) 사이에 실외 작업을 되도록 하지 않았음|실내, 옥외 작업 시 냉방장치를 설치 및 가동 중임|근로자 중 온열질환 민감군(※ 신규 배치자, 과거 온열질환 경력자, 고령자, 뇌심혈관질환자, 고·저혈압환자, 당뇨질환자, 신장질환자, 음주자, 장애인 등)을 파악하여 관리하고 있음|2인 1조  작업을 통해 근로자 간 상호 건강 상태를 수시로 확인하도록 하고 있음|응급상황 대비 비상연락망을 구축하고, 인근 의료기관 및 구급차 진입로를 사전에 파악하고 있음",해당 사항 없음,해당없음,지급하고 있지 않음,이해하였으며 관리 중임,이해함,이해함,
2026-05-29 11:06,327,한석타워,2026-05-29,꼼꼼히 읽어보았고 해당 내용 확인하였음,25,해당 사항 없음,금일 온열질환 예방 교육을 실시함 (TBM 혹은 별도 교육),해당 사항 없음,해당없음,"섭취 주의사항 확인하였으며, 낱개형태의 식염포도당 혹은 분말형 이온음료 비치함",이해하였으며 관리 중임,이해함,이해함,
2026-05-29 11:20,328,현대자동차금정지점,2026-05-29,꼼꼼히 읽어보았고 해당 내용 확인하였음,25,해당 사항 없음,"현장 내 온습도계를 비치하여 매시간 체감온도를 확인하고 근로자에게 전파하고 있음|금일 온열질환 예방 교육을 실시함 (TBM 혹은 별도 교육)|현장에 <온열질환 예방 수칙 OPS> 게시함|깨끗하고 시원한 물, 이온음료, 식염포도당 등을 작업장 인근에 상시 비치함|햇볕을 차단할 수 있는 그늘막 및 휴게공간을 제공함|체감온도 33℃ 이상이 되는 작업장소에서 폭염작업을 하는 경우 매 2시간 이내 20분 이상의 휴식을 취하도록 함 (1시간마다 10분 이상의 휴식을 부여하는 것도 가능)|무더위 시간대(14~17시) 사이에 실외 작업을 되도록 하지 않았음|실내, 옥외 작업 시 냉방장치를 설치 및 가동 중임|근로자 중 온열질환 민감군(※ 신규 배치자, 과거 온열질환 경력자, 고령자, 뇌심혈관질환자, 고·저혈압환자, 당뇨질환자, 신장질환자, 음주자, 장애인 등)을 파악하여 관리하고 있음|응급상황 대비 비상연락망을 구축하고, 인근 의료기관 및 구급차 진입로를 사전에 파악하고 있음",해당 사항 없음,해당없음,"섭취 주의사항 확인하였으며, 대용량 식염포도당 비치함",이해하였으며 관리 중임,이해함,이해함,
2026-05-29 11:21,329,교원인천 김동배 소장,2026-05-29,꼼꼼히 읽어보았고 해당 내용 확인하였음,23,해당 사항 없음,"현장 내 온습도계를 비치하여 매시간 체감온도를 확인하고 근로자에게 전파하고 있음|현장에 <온열질환 예방 수칙 OPS> 게시함|깨끗하고 시원한 물, 이온음료, 식염포도당 등을 작업장 인근에 상시 비치함|햇볕을 차단할 수 있는 그늘막 및 휴게공간을 제공함|체감온도 33℃ 이상이 되는 작업장소에서 폭염작업을 하는 경우 매 2시간 이내 20분 이상의 휴식을 취하도록 함 (1시간마다 10분 이상의 휴식을 부여하는 것도 가능)|무더위 시간대(14~17시) 사이에 실외 작업을 되도록 하지 않았음|실내, 옥외 작업 시 냉방장치를 설치 및 가동 중임|근로자 중 온열질환 민감군(※ 신규 배치자, 과거 온열질환 경력자, 고령자, 뇌심혈관질환자, 고·저혈압환자, 당뇨질환자, 신장질환자, 음주자, 장애인 등)을 파악하여 관리하고 있음|2인 1조  작업을 통해 근로자 간 상호 건강 상태를 수시로 확인하도록 하고 있음|응급상황 대비 비상연락망을 구축하고, 인근 의료기관 및 구급차 진입로를 사전에 파악하고 있음",해당 사항 없음,해당없음,지급하고 있지 않음,이해하였으며 관리 중임,이해함,이해함,
2026-05-29 11:27,330,잠실 타워730,2026-05-29,꼼꼼히 읽어보았고 해당 내용 확인하였음,26,해당 사항 없음,"현장에 <온열질환 예방 수칙 OPS> 게시함|깨끗하고 시원한 물, 이온음료, 식염포도당 등을 작업장 인근에 상시 비치함|2인 1조  작업을 통해 근로자 간 상호 건강 상태를 수시로 확인하도록 하고 있음",해당 사항 없음,해당없음,"섭취 주의사항 확인하였으며, 대용량 식염포도당 비치함",이해하였으며 관리 중임,이해함,이해함,"수시로 기온상습 확인
특히 재뢀용장 부근 실외기 가동에 따른 근무자 피햬예방에 힘쓰겠습니다."
2026-05-29 11:35,331,교원성수빌딩,2026-05-29,꼼꼼히 읽어보았고 해당 내용 확인하였음,27.1,해당 사항 없음,"현장 내 온습도계를 비치하여 매시간 체감온도를 확인하고 근로자에게 전파하고 있음|현장에 <온열질환 예방 수칙 OPS> 게시함|깨끗하고 시원한 물, 이온음료, 식염포도당 등을 작업장 인근에 상시 비치함|체감온도 33℃ 이상이 되는 작업장소에서 폭염작업을 하는 경우 매 2시간 이내 20분 이상의 휴식을 취하도록 함 (1시간마다 10분 이상의 휴식을 부여하는 것도 가능)|무더위 시간대(14~17시) 사이에 실외 작업을 되도록 하지 않았음|실내, 옥외 작업 시 냉방장치를 설치 및 가동 중임|근로자 중 온열질환 민감군(※ 신규 배치자, 과거 온열질환 경력자, 고령자, 뇌심혈관질환자, 고·저혈압환자, 당뇨질환자, 신장질환자, 음주자, 장애인 등)을 파악하여 관리하고 있음|응급상황 대비 비상연락망을 구축하고, 인근 의료기관 및 구급차 진입로를 사전에 파악하고 있음",해당 사항 없음,해당없음,지급하고 있지 않음,이해하였으며 관리 중임,이해함,이해함,폭염주위발영시 휴게시간 실시및 야외작업 금지
2026-05-29 11:35,332,LG사이언스파크 DP2,2026-05-29,꼼꼼히 읽어보았고 해당 내용 확인하였음,29,해당 사항 없음,"현장 내 온습도계를 비치하여 매시간 체감온도를 확인하고 근로자에게 전파하고 있음|금일 온열질환 예방 교육을 실시함 (TBM 혹은 별도 교육)|현장에 <온열질환 예방 수칙 OPS> 게시함|깨끗하고 시원한 물, 이온음료, 식염포도당 등을 작업장 인근에 상시 비치함|햇볕을 차단할 수 있는 그늘막 및 휴게공간을 제공함|체감온도 33℃ 이상이 되는 작업장소에서 폭염작업을 하는 경우 매 2시간 이내 20분 이상의 휴식을 취하도록 함 (1시간마다 10분 이상의 휴식을 부여하는 것도 가능)|무더위 시간대(14~17시) 사이에 실외 작업을 되도록 하지 않았음|실내, 옥외 작업 시 냉방장치를 설치 및 가동 중임|근로자에게 쿨토시, 아이스 조끼 등 냉감용품을 지급함|근로자 중 온열질환 민감군(※ 신규 배치자, 과거 온열질환 경력자, 고령자, 뇌심혈관질환자, 고·저혈압환자, 당뇨질환자, 신장질환자, 음주자, 장애인 등)을 파악하여 관리하고 있음|2인 1조  작업을 통해 근로자 간 상호 건강 상태를 수시로 확인하도록 하고 있음|응급상황 대비 비상연락망을 구축하고, 인근 의료기관 및 구급차 진입로를 사전에 파악하고 있음",해당 사항 없음,해당없음,"섭취 주의사항 확인하였으며, 낱개형태의 식염포도당 혹은 분말형 이온음료 비치함",이해하였으며 관리 중임,이해함,이해함,"관리감독자, 각동 기준층 근무자 및 외부 근무자 온열질환 관련 점검, 매시간 체크"
2026-05-29 11:39,333,안성물류센터,2026-05-29,꼼꼼히 읽어보았고 해당 내용 확인하였음,25,해당 사항 없음,"현장 내 온습도계를 비치하여 매시간 체감온도를 확인하고 근로자에게 전파하고 있음|금일 온열질환 예방 교육을 실시함 (TBM 혹은 별도 교육)|현장에 <온열질환 예방 수칙 OPS> 게시함|깨끗하고 시원한 물, 이온음료, 식염포도당 등을 작업장 인근에 상시 비치함|햇볕을 차단할 수 있는 그늘막 및 휴게공간을 제공함|체감온도 33℃ 이상이 되는 작업장소에서 폭염작업을 하는 경우 매 2시간 이내 20분 이상의 휴식을 취하도록 함 (1시간마다 10분 이상의 휴식을 부여하는 것도 가능)|무더위 시간대(14~17시) 사이에 실외 작업을 되도록 하지 않았음|실내, 옥외 작업 시 냉방장치를 설치 및 가동 중임|근로자 중 온열질환 민감군(※ 신규 배치자, 과거 온열질환 경력자, 고령자, 뇌심혈관질환자, 고·저혈압환자, 당뇨질환자, 신장질환자, 음주자, 장애인 등)을 파악하여 관리하고 있음|응급상황 대비 비상연락망을 구축하고, 인근 의료기관 및 구급차 진입로를 사전에 파악하고 있음",해당 사항 없음,해당없음,"섭취 주의사항 확인하였으며, 낱개형태의 식염포도당 혹은 분말형 이온음료 비치함",이해하였으며 관리 중임,이해함,이해함,
2026-05-29 11:46,334,슈피겐HQ빌딩,2026-05-29,꼼꼼히 읽어보았고 해당 내용 확인하였음,24.1,해당 사항 없음,"현장 내 온습도계를 비치하여 매시간 체감온도를 확인하고 근로자에게 전파하고 있음|실내, 옥외 작업 시 냉방장치를 설치 및 가동 중임|2인 1조  작업을 통해 근로자 간 상호 건강 상태를 수시로 확인하도록 하고 있음",해당 사항 없음,해당없음,지급하고 있지 않음,이해하였으며 관리 중임,이해함,이해함,
2026-05-29 11:54,335,서울보증,2026-05-29,꼼꼼히 읽어보았고 해당 내용 확인하였음,24,해당 사항 없음,"현장 내 온습도계를 비치하여 매시간 체감온도를 확인하고 근로자에게 전파하고 있음|금일 온열질환 예방 교육을 실시함 (TBM 혹은 별도 교육)|현장에 <온열질환 예방 수칙 OPS> 게시함|깨끗하고 시원한 물, 이온음료, 식염포도당 등을 작업장 인근에 상시 비치함|햇볕을 차단할 수 있는 그늘막 및 휴게공간을 제공함|체감온도 33℃ 이상이 되는 작업장소에서 폭염작업을 하는 경우 매 2시간 이내 20분 이상의 휴식을 취하도록 함 (1시간마다 10분 이상의 휴식을 부여하는 것도 가능)|무더위 시간대(14~17시) 사이에 실외 작업을 되도록 하지 않았음|실내, 옥외 작업 시 냉방장치를 설치 및 가동 중임|근로자에게 쿨토시, 아이스 조끼 등 냉감용품을 지급함|근로자 중 온열질환 민감군(※ 신규 배치자, 과거 온열질환 경력자, 고령자, 뇌심혈관질환자, 고·저혈압환자, 당뇨질환자, 신장질환자, 음주자, 장애인 등)을 파악하여 관리하고 있음|2인 1조  작업을 통해 근로자 간 상호 건강 상태를 수시로 확인하도록 하고 있음|응급상황 대비 비상연락망을 구축하고, 인근 의료기관 및 구급차 진입로를 사전에 파악하고 있음",해당 사항 없음,해당없음,지급하고 있지 않음,이해하였으며 관리 중임,이해함,이해함,
2026-05-29 12:17,336,이마트 경산 물류센터,2026-05-29,꼼꼼히 읽어보았고 해당 내용 확인하였음,26.4,해당 사항 없음,"현장 내 온습도계를 비치하여 매시간 체감온도를 확인하고 근로자에게 전파하고 있음|금일 온열질환 예방 교육을 실시함 (TBM 혹은 별도 교육)|현장에 <온열질환 예방 수칙 OPS> 게시함|깨끗하고 시원한 물, 이온음료, 식염포도당 등을 작업장 인근에 상시 비치함|햇볕을 차단할 수 있는 그늘막 및 휴게공간을 제공함|체감온도 33℃ 이상이 되는 작업장소에서 폭염작업을 하는 경우 매 2시간 이내 20분 이상의 휴식을 취하도록 함 (1시간마다 10분 이상의 휴식을 부여하는 것도 가능)|무더위 시간대(14~17시) 사이에 실외 작업을 되도록 하지 않았음|실내, 옥외 작업 시 냉방장치를 설치 및 가동 중임|근로자 중 온열질환 민감군(※ 신규 배치자, 과거 온열질환 경력자, 고령자, 뇌심혈관질환자, 고·저혈압환자, 당뇨질환자, 신장질환자, 음주자, 장애인 등)을 파악하여 관리하고 있음|응급상황 대비 비상연락망을 구축하고, 인근 의료기관 및 구급차 진입로를 사전에 파악하고 있음",해당 사항 없음,해당없음,생수 비치,이해하였으며 관리 중임,이해함,이해함,
2026-05-29 12:24,337,천안환경에너지사업소,2026-05-29,꼼꼼히 읽어보았고 해당 내용 확인하였음,26,해당 사항 없음,"현장 내 온습도계를 비치하여 매시간 체감온도를 확인하고 근로자에게 전파하고 있음|금일 온열질환 예방 교육을 실시함 (TBM 혹은 별도 교육)|현장에 <온열질환 예방 수칙 OPS> 게시함|깨끗하고 시원한 물, 이온음료, 식염포도당 등을 작업장 인근에 상시 비치함|햇볕을 차단할 수 있는 그늘막 및 휴게공간을 제공함|체감온도 33℃ 이상이 되는 작업장소에서 폭염작업을 하는 경우 매 2시간 이내 20분 이상의 휴식을 취하도록 함 (1시간마다 10분 이상의 휴식을 부여하는 것도 가능)|무더위 시간대(14~17시) 사이에 실외 작업을 되도록 하지 않았음|실내, 옥외 작업 시 냉방장치를 설치 및 가동 중임|근로자에게 쿨토시, 아이스 조끼 등 냉감용품을 지급함|근로자 중 온열질환 민감군(※ 신규 배치자, 과거 온열질환 경력자, 고령자, 뇌심혈관질환자, 고·저혈압환자, 당뇨질환자, 신장질환자, 음주자, 장애인 등)을 파악하여 관리하고 있음|응급상황 대비 비상연락망을 구축하고, 인근 의료기관 및 구급차 진입로를 사전에 파악하고 있음",해당 사항 없음,해당없음,"섭취 주의사항 확인하였으며, 낱개형태의 식염포도당 혹은 분말형 이온음료 비치함",이해하였으며 관리 중임,이해함,이해함,
2026-05-29 12:28,338,이마트 경산 물류센터,2026-05-28,꼼꼼히 읽어보았고 해당 내용 확인하였음,28.3,해당 사항 없음,"현장 내 온습도계를 비치하여 매시간 체감온도를 확인하고 근로자에게 전파하고 있음|금일 온열질환 예방 교육을 실시함 (TBM 혹은 별도 교육)|현장에 <온열질환 예방 수칙 OPS> 게시함|깨끗하고 시원한 물, 이온음료, 식염포도당 등을 작업장 인근에 상시 비치함|햇볕을 차단할 수 있는 그늘막 및 휴게공간을 제공함|체감온도 33℃ 이상이 되는 작업장소에서 폭염작업을 하는 경우 매 2시간 이내 20분 이상의 휴식을 취하도록 함 (1시간마다 10분 이상의 휴식을 부여하는 것도 가능)|무더위 시간대(14~17시) 사이에 실외 작업을 되도록 하지 않았음|실내, 옥외 작업 시 냉방장치를 설치 및 가동 중임|근로자 중 온열질환 민감군(※ 신규 배치자, 과거 온열질환 경력자, 고령자, 뇌심혈관질환자, 고·저혈압환자, 당뇨질환자, 신장질환자, 음주자, 장애인 등)을 파악하여 관리하고 있음|응급상황 대비 비상연락망을 구축하고, 인근 의료기관 및 구급차 진입로를 사전에 파악하고 있음",해당 사항 없음,해당없음,생수 비치,이해하였으며 관리 중임,이해함,이해함,
2026-05-29 12:31,339,애플타워 사업장,2026-05-29,꼼꼼히 읽어보았고 해당 내용 확인하였음,25.4,해당 사항 없음,"금일 온열질환 예방 교육을 실시함 (TBM 혹은 별도 교육)|현장에 <온열질환 예방 수칙 OPS> 게시함|무더위 시간대(14~17시) 사이에 실외 작업을 되도록 하지 않았음|실내, 옥외 작업 시 냉방장치를 설치 및 가동 중임|근로자 중 온열질환 민감군(※ 신규 배치자, 과거 온열질환 경력자, 고령자, 뇌심혈관질환자, 고·저혈압환자, 당뇨질환자, 신장질환자, 음주자, 장애인 등)을 파악하여 관리하고 있음|응급상황 대비 비상연락망을 구축하고, 인근 의료기관 및 구급차 진입로를 사전에 파악하고 있음",해당 사항 없음,해당없음,"섭취 주의사항 확인하였으며, 낱개형태의 식염포도당 혹은 분말형 이온음료 비치함",이해하였으며 관리 중임,이해함,이해함,"TBM 교육 시 온열예방 관련교육
- 상비약품 및 이온음료 보관위치 교육"
2026-05-29 12:31,340,이마트 경산 물류 센터,2026-05-27,꼼꼼히 읽어보았고 해당 내용 확인하였음,22,해당 사항 없음,"현장 내 온습도계를 비치하여 매시간 체감온도를 확인하고 근로자에게 전파하고 있음|금일 온열질환 예방 교육을 실시함 (TBM 혹은 별도 교육)|현장에 <온열질환 예방 수칙 OPS> 게시함|깨끗하고 시원한 물, 이온음료, 식염포도당 등을 작업장 인근에 상시 비치함|햇볕을 차단할 수 있는 그늘막 및 휴게공간을 제공함|체감온도 33℃ 이상이 되는 작업장소에서 폭염작업을 하는 경우 매 2시간 이내 20분 이상의 휴식을 취하도록 함 (1시간마다 10분 이상의 휴식을 부여하는 것도 가능)|무더위 시간대(14~17시) 사이에 실외 작업을 되도록 하지 않았음|실내, 옥외 작업 시 냉방장치를 설치 및 가동 중임|근로자 중 온열질환 민감군(※ 신규 배치자, 과거 온열질환 경력자, 고령자, 뇌심혈관질환자, 고·저혈압환자, 당뇨질환자, 신장질환자, 음주자, 장애인 등)을 파악하여 관리하고 있음|응급상황 대비 비상연락망을 구축하고, 인근 의료기관 및 구급차 진입로를 사전에 파악하고 있음",해당 사항 없음,해당없음,생수 비치,이해하였으며 관리 중임,이해함,이해함,
2026-05-29 12:33,341,이마트 경산 물류센터,2026-05-26,꼼꼼히 읽어보았고 해당 내용 확인하였음,27,해당 사항 없음,"현장 내 온습도계를 비치하여 매시간 체감온도를 확인하고 근로자에게 전파하고 있음|금일 온열질환 예방 교육을 실시함 (TBM 혹은 별도 교육)|현장에 <온열질환 예방 수칙 OPS> 게시함|깨끗하고 시원한 물, 이온음료, 식염포도당 등을 작업장 인근에 상시 비치함|햇볕을 차단할 수 있는 그늘막 및 휴게공간을 제공함|체감온도 33℃ 이상이 되는 작업장소에서 폭염작업을 하는 경우 매 2시간 이내 20분 이상의 휴식을 취하도록 함 (1시간마다 10분 이상의 휴식을 부여하는 것도 가능)|무더위 시간대(14~17시) 사이에 실외 작업을 되도록 하지 않았음|실내, 옥외 작업 시 냉방장치를 설치 및 가동 중임|근로자 중 온열질환 민감군(※ 신규 배치자, 과거 온열질환 경력자, 고령자, 뇌심혈관질환자, 고·저혈압환자, 당뇨질환자, 신장질환자, 음주자, 장애인 등)을 파악하여 관리하고 있음|응급상황 대비 비상연락망을 구축하고, 인근 의료기관 및 구급차 진입로를 사전에 파악하고 있음",해당 사항 없음,해당없음,생수 비치,이해하였으며 관리 중임,이해함,이해함,
2026-05-29 12:58,342,교원명동빌딩,2026-05-29,꼼꼼히 읽어보았고 해당 내용 확인하였음,24.2,해당 사항 없음,"현장에 <온열질환 예방 수칙 OPS> 게시함|깨끗하고 시원한 물, 이온음료, 식염포도당 등을 작업장 인근에 상시 비치함|응급상황 대비 비상연락망을 구축하고, 인근 의료기관 및 구급차 진입로를 사전에 파악하고 있음",해당 사항 없음,해당없음,지급하고 있지 않음,이해하였으며 관리 중임,이해함,이해함,
2026-05-29 12:59,343,부산교원빌딩,2026-05-29,꼼꼼히 읽어보았고 해당 내용 확인하였음,23.8,해당 사항 없음,"현장 내 온습도계를 비치하여 매시간 체감온도를 확인하고 근로자에게 전파하고 있음|금일 온열질환 예방 교육을 실시함 (TBM 혹은 별도 교육)|현장에 <온열질환 예방 수칙 OPS> 게시함|깨끗하고 시원한 물, 이온음료, 식염포도당 등을 작업장 인근에 상시 비치함|햇볕을 차단할 수 있는 그늘막 및 휴게공간을 제공함|체감온도 33℃ 이상이 되는 작업장소에서 폭염작업을 하는 경우 매 2시간 이내 20분 이상의 휴식을 취하도록 함 (1시간마다 10분 이상의 휴식을 부여하는 것도 가능)|무더위 시간대(14~17시) 사이에 실외 작업을 되도록 하지 않았음|실내, 옥외 작업 시 냉방장치를 설치 및 가동 중임|근로자에게 쿨토시, 아이스 조끼 등 냉감용품을 지급함|근로자 중 온열질환 민감군(※ 신규 배치자, 과거 온열질환 경력자, 고령자, 뇌심혈관질환자, 고·저혈압환자, 당뇨질환자, 신장질환자, 음주자, 장애인 등)을 파악하여 관리하고 있음|2인 1조  작업을 통해 근로자 간 상호 건강 상태를 수시로 확인하도록 하고 있음|응급상황 대비 비상연락망을 구축하고, 인근 의료기관 및 구급차 진입로를 사전에 파악하고 있음",해당 사항 없음,해당없음,"섭취 주의사항 확인하였으며, 대용량 식염포도당 비치함",이해하였으며 관리 중임,이해함,이해함,
2026-05-29 12:59,344,한양대학교,2026-05-29,꼼꼼히 읽어보았고 해당 내용 확인하였음,24.9,해당 사항 없음,"현장 내 온습도계를 비치하여 매시간 체감온도를 확인하고 근로자에게 전파하고 있음|금일 온열질환 예방 교육을 실시함 (TBM 혹은 별도 교육)|현장에 <온열질환 예방 수칙 OPS> 게시함|깨끗하고 시원한 물, 이온음료, 식염포도당 등을 작업장 인근에 상시 비치함|햇볕을 차단할 수 있는 그늘막 및 휴게공간을 제공함|체감온도 33℃ 이상이 되는 작업장소에서 폭염작업을 하는 경우 매 2시간 이내 20분 이상의 휴식을 취하도록 함 (1시간마다 10분 이상의 휴식을 부여하는 것도 가능)|무더위 시간대(14~17시) 사이에 실외 작업을 되도록 하지 않았음|실내, 옥외 작업 시 냉방장치를 설치 및 가동 중임|근로자에게 쿨토시, 아이스 조끼 등 냉감용품을 지급함|근로자 중 온열질환 민감군(※ 신규 배치자, 과거 온열질환 경력자, 고령자, 뇌심혈관질환자, 고·저혈압환자, 당뇨질환자, 신장질환자, 음주자, 장애인 등)을 파악하여 관리하고 있음|2인 1조  작업을 통해 근로자 간 상호 건강 상태를 수시로 확인하도록 하고 있음|응급상황 대비 비상연락망을 구축하고, 인근 의료기관 및 구급차 진입로를 사전에 파악하고 있음",해당 사항 없음,해당없음,지급하고 있지 않음,이해하였으며 관리 중임,이해함,이해함,순회 점검을 통해 건강 상태 확인하고 있음.
2026-05-29 13:04,345,용산 LG U+,2026-05-29,꼼꼼히 읽어보았고 해당 내용 확인하였음,24.8,해당 사항 없음,"금일 온열질환 예방 교육을 실시함 (TBM 혹은 별도 교육)|현장에 <온열질환 예방 수칙 OPS> 게시함|깨끗하고 시원한 물, 이온음료, 식염포도당 등을 작업장 인근에 상시 비치함|햇볕을 차단할 수 있는 그늘막 및 휴게공간을 제공함|체감온도 33℃ 이상이 되는 작업장소에서 폭염작업을 하는 경우 매 2시간 이내 20분 이상의 휴식을 취하도록 함 (1시간마다 10분 이상의 휴식을 부여하는 것도 가능)|무더위 시간대(14~17시) 사이에 실외 작업을 되도록 하지 않았음|실내, 옥외 작업 시 냉방장치를 설치 및 가동 중임|근로자에게 쿨토시, 아이스 조끼 등 냉감용품을 지급함|근로자 중 온열질환 민감군(※ 신규 배치자, 과거 온열질환 경력자, 고령자, 뇌심혈관질환자, 고·저혈압환자, 당뇨질환자, 신장질환자, 음주자, 장애인 등)을 파악하여 관리하고 있음|2인 1조  작업을 통해 근로자 간 상호 건강 상태를 수시로 확인하도록 하고 있음|응급상황 대비 비상연락망을 구축하고, 인근 의료기관 및 구급차 진입로를 사전에 파악하고 있음",해당 사항 없음,해당없음,"섭취 주의사항 확인하였으며, 낱개형태의 식염포도당 혹은 분말형 이온음료 비치함",이해하였으며 관리 중임,이해함,이해함,"온열질훈 교육및 점검, 식염포도당 배치외 특이사항 없습니다."
2026-05-29 13:04,346,현대자동차 부산하이테크센터,2026-05-29,꼼꼼히 읽어보았고 해당 내용 확인하였음,30,해당 사항 없음,"현장에 <온열질환 예방 수칙 OPS> 게시함|깨끗하고 시원한 물, 이온음료, 식염포도당 등을 작업장 인근에 상시 비치함|햇볕을 차단할 수 있는 그늘막 및 휴게공간을 제공함|실내, 옥외 작업 시 냉방장치를 설치 및 가동 중임",해당 사항 없음,해당없음,지급하고 있지 않음,모르겠음,이해함,이해함,
2026-05-29 13:04,347,현대자동차 군산하이테크센터,2026-05-29,꼼꼼히 읽어보았고 해당 내용 확인하였음,24.6,해당 사항 없음,"현장 내 온습도계를 비치하여 매시간 체감온도를 확인하고 근로자에게 전파하고 있음|현장에 <온열질환 예방 수칙 OPS> 게시함|깨끗하고 시원한 물, 이온음료, 식염포도당 등을 작업장 인근에 상시 비치함|햇볕을 차단할 수 있는 그늘막 및 휴게공간을 제공함|무더위 시간대(14~17시) 사이에 실외 작업을 되도록 하지 않았음|실내, 옥외 작업 시 냉방장치를 설치 및 가동 중임|근로자 중 온열질환 민감군(※ 신규 배치자, 과거 온열질환 경력자, 고령자, 뇌심혈관질환자, 고·저혈압환자, 당뇨질환자, 신장질환자, 음주자, 장애인 등)을 파악하여 관리하고 있음|2인 1조  작업을 통해 근로자 간 상호 건강 상태를 수시로 확인하도록 하고 있음|응급상황 대비 비상연락망을 구축하고, 인근 의료기관 및 구급차 진입로를 사전에 파악하고 있음",해당 사항 없음,해당없음,지급하고 있지 않음,이해하였으며 관리 중임,이해함,이해함,
2026-05-29 13:04,348,홍익대세종미화 박성환소장,2026-05-29,꼼꼼히 읽어보았고 해당 내용 확인하였음,21.7,해당 사항 없음,"현장 내 온습도계를 비치하여 매시간 체감온도를 확인하고 근로자에게 전파하고 있음|금일 온열질환 예방 교육을 실시함 (TBM 혹은 별도 교육)|현장에 <온열질환 예방 수칙 OPS> 게시함|깨끗하고 시원한 물, 이온음료, 식염포도당 등을 작업장 인근에 상시 비치함|햇볕을 차단할 수 있는 그늘막 및 휴게공간을 제공함|체감온도 33℃ 이상이 되는 작업장소에서 폭염작업을 하는 경우 매 2시간 이내 20분 이상의 휴식을 취하도록 함 (1시간마다 10분 이상의 휴식을 부여하는 것도 가능)|무더위 시간대(14~17시) 사이에 실외 작업을 되도록 하지 않았음|실내, 옥외 작업 시 냉방장치를 설치 및 가동 중임|근로자 중 온열질환 민감군(※ 신규 배치자, 과거 온열질환 경력자, 고령자, 뇌심혈관질환자, 고·저혈압환자, 당뇨질환자, 신장질환자, 음주자, 장애인 등)을 파악하여 관리하고 있음|2인 1조  작업을 통해 근로자 간 상호 건강 상태를 수시로 확인하도록 하고 있음|응급상황 대비 비상연락망을 구축하고, 인근 의료기관 및 구급차 진입로를 사전에 파악하고 있음",해당 사항 없음,해당없음,지급하고 있지 않음,이해하였으며 관리 중임,이해함,이해함,수시점검중
2026-05-29 13:06,349,이대서울병원,2026-05-29,꼼꼼히 읽어보았고 해당 내용 확인하였음,25.3,해당 사항 없음,"현장 내 온습도계를 비치하여 매시간 체감온도를 확인하고 근로자에게 전파하고 있음|현장에 <온열질환 예방 수칙 OPS> 게시함|깨끗하고 시원한 물, 이온음료, 식염포도당 등을 작업장 인근에 상시 비치함|근로자에게 쿨토시, 아이스 조끼 등 냉감용품을 지급함",해당 사항 없음,해당없음,"섭취 주의사항 확인하였으며, 낱개형태의 식염포도당 혹은 분말형 이온음료 비치함",이해하였으며 관리 중임,이해함,이해함,
2026-05-29 13:06,350,이폴리스빌딩,2026-05-29,꼼꼼히 읽어보았고 해당 내용 확인하였음,25.1,해당 사항 없음,"금일 온열질환 예방 교육을 실시함 (TBM 혹은 별도 교육)|현장에 <온열질환 예방 수칙 OPS> 게시함|실내, 옥외 작업 시 냉방장치를 설치 및 가동 중임|근로자 중 온열질환 민감군(※ 신규 배치자, 과거 온열질환 경력자, 고령자, 뇌심혈관질환자, 고·저혈압환자, 당뇨질환자, 신장질환자, 음주자, 장애인 등)을 파악하여 관리하고 있음|응급상황 대비 비상연락망을 구축하고, 인근 의료기관 및 구급차 진입로를 사전에 파악하고 있음",해당 사항 없음,해당없음,지급하고 있지 않음,이해하였으며 관리 중임,이해함,이해함,
2026-05-29 13:11,351,동탄lh스마트주차장,2026-05-29,꼼꼼히 읽어보았고 해당 내용 확인하였음,26,해당 사항 없음,"금일 온열질환 예방 교육을 실시함 (TBM 혹은 별도 교육)|현장에 <온열질환 예방 수칙 OPS> 게시함|깨끗하고 시원한 물, 이온음료, 식염포도당 등을 작업장 인근에 상시 비치함",해당 사항 없음,해당없음,지급하고 있지 않음,이해하였으며 관리 중임,이해함,이해함,
2026-05-29 13:11,352,남대문 자유상가,2026-05-29,꼼꼼히 읽어보았고 해당 내용 확인하였음,25,해당 사항 없음,"현장에 <온열질환 예방 수칙 OPS> 게시함|깨끗하고 시원한 물, 이온음료, 식염포도당 등을 작업장 인근에 상시 비치함|햇볕을 차단할 수 있는 그늘막 및 휴게공간을 제공함|체감온도 33℃ 이상이 되는 작업장소에서 폭염작업을 하는 경우 매 2시간 이내 20분 이상의 휴식을 취하도록 함 (1시간마다 10분 이상의 휴식을 부여하는 것도 가능)|무더위 시간대(14~17시) 사이에 실외 작업을 되도록 하지 않았음|실내, 옥외 작업 시 냉방장치를 설치 및 가동 중임|근로자 중 온열질환 민감군(※ 신규 배치자, 과거 온열질환 경력자, 고령자, 뇌심혈관질환자, 고·저혈압환자, 당뇨질환자, 신장질환자, 음주자, 장애인 등)을 파악하여 관리하고 있음|2인 1조  작업을 통해 근로자 간 상호 건강 상태를 수시로 확인하도록 하고 있음|응급상황 대비 비상연락망을 구축하고, 인근 의료기관 및 구급차 진입로를 사전에 파악하고 있음",해당 사항 없음,해당없음,지급하고 있지 않음,이해하였으며 관리 중임,이해함,이해함,
2026-05-29 13:15,353,제주대 BTL생활관,2026-05-29,꼼꼼히 읽어보았고 해당 내용 확인하였음,22,해당 사항 없음,"현장 내 온습도계를 비치하여 매시간 체감온도를 확인하고 근로자에게 전파하고 있음|금일 온열질환 예방 교육을 실시함 (TBM 혹은 별도 교육)|현장에 <온열질환 예방 수칙 OPS> 게시함|깨끗하고 시원한 물, 이온음료, 식염포도당 등을 작업장 인근에 상시 비치함|햇볕을 차단할 수 있는 그늘막 및 휴게공간을 제공함|체감온도 33℃ 이상이 되는 작업장소에서 폭염작업을 하는 경우 매 2시간 이내 20분 이상의 휴식을 취하도록 함 (1시간마다 10분 이상의 휴식을 부여하는 것도 가능)|무더위 시간대(14~17시) 사이에 실외 작업을 되도록 하지 않았음|실내, 옥외 작업 시 냉방장치를 설치 및 가동 중임|근로자에게 쿨토시, 아이스 조끼 등 냉감용품을 지급함|근로자 중 온열질환 민감군(※ 신규 배치자, 과거 온열질환 경력자, 고령자, 뇌심혈관질환자, 고·저혈압환자, 당뇨질환자, 신장질환자, 음주자, 장애인 등)을 파악하여 관리하고 있음|2인 1조  작업을 통해 근로자 간 상호 건강 상태를 수시로 확인하도록 하고 있음|응급상황 대비 비상연락망을 구축하고, 인근 의료기관 및 구급차 진입로를 사전에 파악하고 있음",해당 사항 없음,해당없음,"섭취 주의사항 확인하였으며, 낱개형태의 식염포도당 혹은 분말형 이온음료 비치함",이해하였으며 관리 중임,이해함,이해함,
2026-05-29 13:16,354,GS칼텍스 내곡,2026-05-29,꼼꼼히 읽어보았고 해당 내용 확인하였음,23.6,해당 사항 없음,"현장 내 온습도계를 비치하여 매시간 체감온도를 확인하고 근로자에게 전파하고 있음|금일 온열질환 예방 교육을 실시함 (TBM 혹은 별도 교육)|현장에 <온열질환 예방 수칙 OPS> 게시함|깨끗하고 시원한 물, 이온음료, 식염포도당 등을 작업장 인근에 상시 비치함|햇볕을 차단할 수 있는 그늘막 및 휴게공간을 제공함|체감온도 33℃ 이상이 되는 작업장소에서 폭염작업을 하는 경우 매 2시간 이내 20분 이상의 휴식을 취하도록 함 (1시간마다 10분 이상의 휴식을 부여하는 것도 가능)|무더위 시간대(14~17시) 사이에 실외 작업을 되도록 하지 않았음|실내, 옥외 작업 시 냉방장치를 설치 및 가동 중임|근로자에게 쿨토시, 아이스 조끼 등 냉감용품을 지급함|근로자 중 온열질환 민감군(※ 신규 배치자, 과거 온열질환 경력자, 고령자, 뇌심혈관질환자, 고·저혈압환자, 당뇨질환자, 신장질환자, 음주자, 장애인 등)을 파악하여 관리하고 있음|2인 1조  작업을 통해 근로자 간 상호 건강 상태를 수시로 확인하도록 하고 있음|응급상황 대비 비상연락망을 구축하고, 인근 의료기관 및 구급차 진입로를 사전에 파악하고 있음",해당 사항 없음,해당없음,"섭취 주의사항 확인하였으며, 대용량 식염포도당 비치함",이해하였으며 관리 중임,이해함,이해함,
2026-05-29 13:17,355,한진인천국제물류센터,2026-05-29,꼼꼼히 읽어보았고 해당 내용 확인하였음,24.6,해당 사항 없음,"현장 내 온습도계를 비치하여 매시간 체감온도를 확인하고 근로자에게 전파하고 있음|깨끗하고 시원한 물, 이온음료, 식염포도당 등을 작업장 인근에 상시 비치함|체감온도 33℃ 이상이 되는 작업장소에서 폭염작업을 하는 경우 매 2시간 이내 20분 이상의 휴식을 취하도록 함 (1시간마다 10분 이상의 휴식을 부여하는 것도 가능)|무더위 시간대(14~17시) 사이에 실외 작업을 되도록 하지 않았음|실내, 옥외 작업 시 냉방장치를 설치 및 가동 중임|근로자 중 온열질환 민감군(※ 신규 배치자, 과거 온열질환 경력자, 고령자, 뇌심혈관질환자, 고·저혈압환자, 당뇨질환자, 신장질환자, 음주자, 장애인 등)을 파악하여 관리하고 있음|2인 1조  작업을 통해 근로자 간 상호 건강 상태를 수시로 확인하도록 하고 있음|응급상황 대비 비상연락망을 구축하고, 인근 의료기관 및 구급차 진입로를 사전에 파악하고 있음",해당 사항 없음,해당없음,"섭취 주의사항 확인하였으며, 낱개형태의 식염포도당 혹은 분말형 이온음료 비치함",이해하였으며 관리 중임,이해함,이해함,
2026-05-29 13:20,356,교원 파주 물류센타,2026-05-29,꼼꼼히 읽어보았고 해당 내용 확인하였음,29,해당 사항 없음,"현장 내 온습도계를 비치하여 매시간 체감온도를 확인하고 근로자에게 전파하고 있음|깨끗하고 시원한 물, 이온음료, 식염포도당 등을 작업장 인근에 상시 비치함",해당 사항 없음,해당없음,지급하고 있지 않음,이해하였으며 관리 중임,이해함,이해함,
2026-05-29 13:21,357,마곡 건와빌딩,2026-05-29,꼼꼼히 읽어보았고 해당 내용 확인하였음,24.2,해당 사항 없음,"현장에 <온열질환 예방 수칙 OPS> 게시함|깨끗하고 시원한 물, 이온음료, 식염포도당 등을 작업장 인근에 상시 비치함|햇볕을 차단할 수 있는 그늘막 및 휴게공간을 제공함|실내, 옥외 작업 시 냉방장치를 설치 및 가동 중임|2인 1조  작업을 통해 근로자 간 상호 건강 상태를 수시로 확인하도록 하고 있음",해당 사항 없음,해당없음,지급하고 있지 않음,이해하였으며 관리 중임,이해함,이해함,내일 체크하여 제출 하도록 하겠습니다.
2026-05-29 13:27,358,파인디지털,2026-05-29,꼼꼼히 읽어보았고 해당 내용 확인하였음,25.5,해당 사항 없음,"현장에 <온열질환 예방 수칙 OPS> 게시함|깨끗하고 시원한 물, 이온음료, 식염포도당 등을 작업장 인근에 상시 비치함|햇볕을 차단할 수 있는 그늘막 및 휴게공간을 제공함|무더위 시간대(14~17시) 사이에 실외 작업을 되도록 하지 않았음|실내, 옥외 작업 시 냉방장치를 설치 및 가동 중임|근로자 중 온열질환 민감군(※ 신규 배치자, 과거 온열질환 경력자, 고령자, 뇌심혈관질환자, 고·저혈압환자, 당뇨질환자, 신장질환자, 음주자, 장애인 등)을 파악하여 관리하고 있음|2인 1조  작업을 통해 근로자 간 상호 건강 상태를 수시로 확인하도록 하고 있음|응급상황 대비 비상연락망을 구축하고, 인근 의료기관 및 구급차 진입로를 사전에 파악하고 있음",해당 사항 없음,해당없음,"섭취 주의사항 확인하였으며, 낱개형태의 식염포도당 혹은 분말형 이온음료 비치함",이해하였으며 관리 중임,이해함,이해함,
2026-05-29 13:27,359,파크원 LG에너지솔루션,2026-05-29,꼼꼼히 읽어보았고 해당 내용 확인하였음,24.6,해당 사항 없음,"현장 내 온습도계를 비치하여 매시간 체감온도를 확인하고 근로자에게 전파하고 있음|금일 온열질환 예방 교육을 실시함 (TBM 혹은 별도 교육)|현장에 <온열질환 예방 수칙 OPS> 게시함|깨끗하고 시원한 물, 이온음료, 식염포도당 등을 작업장 인근에 상시 비치함|응급상황 대비 비상연락망을 구축하고, 인근 의료기관 및 구급차 진입로를 사전에 파악하고 있음",해당 사항 없음,해당없음,"섭취 주의사항 확인하였으며, 낱개형태의 식염포도당 혹은 분말형 이온음료 비치함",이해하였으며 관리 중임,이해함,이해함,
2026-05-29 13:29,360,GS타워,2026-05-29,꼼꼼히 읽어보았고 해당 내용 확인하였음,25,해당 사항 없음,"현장 내 온습도계를 비치하여 매시간 체감온도를 확인하고 근로자에게 전파하고 있음|금일 온열질환 예방 교육을 실시함 (TBM 혹은 별도 교육)|깨끗하고 시원한 물, 이온음료, 식염포도당 등을 작업장 인근에 상시 비치함|체감온도 33℃ 이상이 되는 작업장소에서 폭염작업을 하는 경우 매 2시간 이내 20분 이상의 휴식을 취하도록 함 (1시간마다 10분 이상의 휴식을 부여하는 것도 가능)|근로자에게 쿨토시, 아이스 조끼 등 냉감용품을 지급함|근로자 중 온열질환 민감군(※ 신규 배치자, 과거 온열질환 경력자, 고령자, 뇌심혈관질환자, 고·저혈압환자, 당뇨질환자, 신장질환자, 음주자, 장애인 등)을 파악하여 관리하고 있음|2인 1조  작업을 통해 근로자 간 상호 건강 상태를 수시로 확인하도록 하고 있음|응급상황 대비 비상연락망을 구축하고, 인근 의료기관 및 구급차 진입로를 사전에 파악하고 있음",해당 사항 없음,해당없음,지급하고 있지 않음,이해하였으며 관리 중임,이해함,이해함,점검 순찰시 근로자들에게 충분한 휴식을 취하도록 지도.
2026-05-29 13:32,361,현대자동차 전주공장 미화팀,2026-05-29,꼼꼼히 읽어보았고 해당 내용 확인하였음,26.5,해당 사항 없음,"실내, 옥외 작업 시 냉방장치를 설치 및 가동 중임",해당 사항 없음,해당없음,"섭취 주의사항 확인하였으며, 대용량 식염포도당 비치함",이해하였으며 관리 중임,이해함,이해함,
2026-05-29 13:38,362,LG CNS 증미통합이행센터,2026-05-29,꼼꼼히 읽어보았고 해당 내용 확인하였음,26,해당 사항 없음,"금일 온열질환 예방 교육을 실시함 (TBM 혹은 별도 교육)|현장에 <온열질환 예방 수칙 OPS> 게시함|깨끗하고 시원한 물, 이온음료, 식염포도당 등을 작업장 인근에 상시 비치함|햇볕을 차단할 수 있는 그늘막 및 휴게공간을 제공함|체감온도 33℃ 이상이 되는 작업장소에서 폭염작업을 하는 경우 매 2시간 이내 20분 이상의 휴식을 취하도록 함 (1시간마다 10분 이상의 휴식을 부여하는 것도 가능)|무더위 시간대(14~17시) 사이에 실외 작업을 되도록 하지 않았음|실내, 옥외 작업 시 냉방장치를 설치 및 가동 중임|근로자 중 온열질환 민감군(※ 신규 배치자, 과거 온열질환 경력자, 고령자, 뇌심혈관질환자, 고·저혈압환자, 당뇨질환자, 신장질환자, 음주자, 장애인 등)을 파악하여 관리하고 있음|2인 1조  작업을 통해 근로자 간 상호 건강 상태를 수시로 확인하도록 하고 있음|응급상황 대비 비상연락망을 구축하고, 인근 의료기관 및 구급차 진입로를 사전에 파악하고 있음",해당 사항 없음,해당없음,지급하고 있지 않음,이해하였으며 관리 중임,이해함,이해함,실내 온도 및 냉방 상태 수시 확인/ 근무자 이상 증상 발생 여부 확인
2026-05-29 13:49,363,국립소방병원,2026-05-29,꼼꼼히 읽어보았고 해당 내용 확인하였음,25.2,해당 사항 없음,"깨끗하고 시원한 물, 이온음료, 식염포도당 등을 작업장 인근에 상시 비치함|실내, 옥외 작업 시 냉방장치를 설치 및 가동 중임|근로자 중 온열질환 민감군(※ 신규 배치자, 과거 온열질환 경력자, 고령자, 뇌심혈관질환자, 고·저혈압환자, 당뇨질환자, 신장질환자, 음주자, 장애인 등)을 파악하여 관리하고 있음|2인 1조  작업을 통해 근로자 간 상호 건강 상태를 수시로 확인하도록 하고 있음|응급상황 대비 비상연락망을 구축하고, 인근 의료기관 및 구급차 진입로를 사전에 파악하고 있음",해당 사항 없음,해당없음,냉장고에 포카리스웨트 등 이온음료 비치하고 있음,이해하였으며 관리 중임,이해함,이해함,"작업장 내 냉방설비 및 선풍기 정상 작동 여부 확인.
근로자에게 충분한 식수 및 전해질 음료 비치 완료."
2026-05-29 13:55,364,"쿠팡 대구 1,2,6센터",2026-05-29,꼼꼼히 읽어보았고 해당 내용 확인하였음,26.8,해당 사항 없음,"현장 내 온습도계를 비치하여 매시간 체감온도를 확인하고 근로자에게 전파하고 있음|현장에 <온열질환 예방 수칙 OPS> 게시함|근로자 중 온열질환 민감군(※ 신규 배치자, 과거 온열질환 경력자, 고령자, 뇌심혈관질환자, 고·저혈압환자, 당뇨질환자, 신장질환자, 음주자, 장애인 등)을 파악하여 관리하고 있음|응급상황 대비 비상연락망을 구축하고, 인근 의료기관 및 구급차 진입로를 사전에 파악하고 있음",해당 사항 없음,해당없음,지급하고 있지 않음,이해하였으며 관리 중임,이해함,이해함,"식염포도당, 쿨스카프 구매 진행"
2026-05-29 13:56,365,가든파이브웍스,2026-05-29,꼼꼼히 읽어보았고 해당 내용 확인하였음,29,해당 사항 없음,"근로자에게 쿨토시, 아이스 조끼 등 냉감용품을 지급함",해당 사항 없음,해당없음,지급하고 있지 않음,이해하였으며 관리 중임,이해함,이해함,
2026-05-29 14:01,366,공덕빌딩,2026-05-29,꼼꼼히 읽어보았고 해당 내용 확인하였음,26.2,해당 사항 없음,"현장 내 온습도계를 비치하여 매시간 체감온도를 확인하고 근로자에게 전파하고 있음|금일 온열질환 예방 교육을 실시함 (TBM 혹은 별도 교육)|현장에 <온열질환 예방 수칙 OPS> 게시함|깨끗하고 시원한 물, 이온음료, 식염포도당 등을 작업장 인근에 상시 비치함|햇볕을 차단할 수 있는 그늘막 및 휴게공간을 제공함|체감온도 33℃ 이상이 되는 작업장소에서 폭염작업을 하는 경우 매 2시간 이내 20분 이상의 휴식을 취하도록 함 (1시간마다 10분 이상의 휴식을 부여하는 것도 가능)|무더위 시간대(14~17시) 사이에 실외 작업을 되도록 하지 않았음|실내, 옥외 작업 시 냉방장치를 설치 및 가동 중임|근로자에게 쿨토시, 아이스 조끼 등 냉감용품을 지급함|근로자 중 온열질환 민감군(※ 신규 배치자, 과거 온열질환 경력자, 고령자, 뇌심혈관질환자, 고·저혈압환자, 당뇨질환자, 신장질환자, 음주자, 장애인 등)을 파악하여 관리하고 있음|2인 1조  작업을 통해 근로자 간 상호 건강 상태를 수시로 확인하도록 하고 있음|응급상황 대비 비상연락망을 구축하고, 인근 의료기관 및 구급차 진입로를 사전에 파악하고 있음",해당 사항 없음,해당없음,"섭취 주의사항 확인하였으며, 낱개형태의 식염포도당 혹은 분말형 이온음료 비치함",이해하였으며 관리 중임,이해함,이해함,없음
2026-05-29 14:04,367,송암빌딩,2026-05-29,꼼꼼히 읽어보았고 해당 내용 확인하였음,25.9,해당 사항 없음,"현장 내 온습도계를 비치하여 매시간 체감온도를 확인하고 근로자에게 전파하고 있음|금일 온열질환 예방 교육을 실시함 (TBM 혹은 별도 교육)|현장에 <온열질환 예방 수칙 OPS> 게시함|깨끗하고 시원한 물, 이온음료, 식염포도당 등을 작업장 인근에 상시 비치함|햇볕을 차단할 수 있는 그늘막 및 휴게공간을 제공함|체감온도 33℃ 이상이 되는 작업장소에서 폭염작업을 하는 경우 매 2시간 이내 20분 이상의 휴식을 취하도록 함 (1시간마다 10분 이상의 휴식을 부여하는 것도 가능)|무더위 시간대(14~17시) 사이에 실외 작업을 되도록 하지 않았음|실내, 옥외 작업 시 냉방장치를 설치 및 가동 중임|근로자에게 쿨토시, 아이스 조끼 등 냉감용품을 지급함|근로자 중 온열질환 민감군(※ 신규 배치자, 과거 온열질환 경력자, 고령자, 뇌심혈관질환자, 고·저혈압환자, 당뇨질환자, 신장질환자, 음주자, 장애인 등)을 파악하여 관리하고 있음|2인 1조  작업을 통해 근로자 간 상호 건강 상태를 수시로 확인하도록 하고 있음|응급상황 대비 비상연락망을 구축하고, 인근 의료기관 및 구급차 진입로를 사전에 파악하고 있음",해당 사항 없음,해당없음,"섭취 주의사항 확인하였으며, 낱개형태의 식염포도당 혹은 분말형 이온음료 비치함",이해하였으며 관리 중임,이해함,이해함,
2026-05-29 14:10,368,KB증권대구,2026-05-29,꼼꼼히 읽어보았고 해당 내용 확인하였음,27.2,해당 사항 없음,현장에 <온열질환 예방 수칙 OPS> 게시함|무더위 시간대(14~17시) 사이에 실외 작업을 되도록 하지 않았음,해당 사항 없음,해당없음,지급하고 있지 않음,이해하였으며 관리 중임,이해함,이해함,
2026-05-29 14:19,369,교원대구빌딩,2026-05-29,꼼꼼히 읽어보았고 해당 내용 확인하였음,26.6,해당 사항 없음,"현장 내 온습도계를 비치하여 매시간 체감온도를 확인하고 근로자에게 전파하고 있음|현장에 <온열질환 예방 수칙 OPS> 게시함|깨끗하고 시원한 물, 이온음료, 식염포도당 등을 작업장 인근에 상시 비치함|햇볕을 차단할 수 있는 그늘막 및 휴게공간을 제공함|근로자 중 온열질환 민감군(※ 신규 배치자, 과거 온열질환 경력자, 고령자, 뇌심혈관질환자, 고·저혈압환자, 당뇨질환자, 신장질환자, 음주자, 장애인 등)을 파악하여 관리하고 있음|응급상황 대비 비상연락망을 구축하고, 인근 의료기관 및 구급차 진입로를 사전에 파악하고 있음",해당 사항 없음,해당없음,지급하고 있지 않음,이해하였으며 관리 중임,이해함,이해함,
2026-05-29 14:19,370,쿠팡 부천1FC,2026-05-29,꼼꼼히 읽어보았고 해당 내용 확인하였음,29.7,해당 사항 없음,"현장 내 온습도계를 비치하여 매시간 체감온도를 확인하고 근로자에게 전파하고 있음|금일 온열질환 예방 교육을 실시함 (TBM 혹은 별도 교육)|현장에 <온열질환 예방 수칙 OPS> 게시함|깨끗하고 시원한 물, 이온음료, 식염포도당 등을 작업장 인근에 상시 비치함|체감온도 33℃ 이상이 되는 작업장소에서 폭염작업을 하는 경우 매 2시간 이내 20분 이상의 휴식을 취하도록 함 (1시간마다 10분 이상의 휴식을 부여하는 것도 가능)|실내, 옥외 작업 시 냉방장치를 설치 및 가동 중임|근로자 중 온열질환 민감군(※ 신규 배치자, 과거 온열질환 경력자, 고령자, 뇌심혈관질환자, 고·저혈압환자, 당뇨질환자, 신장질환자, 음주자, 장애인 등)을 파악하여 관리하고 있음|응급상황 대비 비상연락망을 구축하고, 인근 의료기관 및 구급차 진입로를 사전에 파악하고 있음",해당 사항 없음,해당없음,"섭취 주의사항 확인하였으며, 대용량 식염포도당 비치함",이해하였으며 관리 중임,이해함,이해함,"급성질환 유무 확인(두통,어지럼증,근육경련 등)"
2026-05-29 14:19,371,의왕연구소,2026-05-29,꼼꼼히 읽어보았고 해당 내용 확인하였음,23,해당 사항 없음,"현장 내 온습도계를 비치하여 매시간 체감온도를 확인하고 근로자에게 전파하고 있음|현장에 <온열질환 예방 수칙 OPS> 게시함|깨끗하고 시원한 물, 이온음료, 식염포도당 등을 작업장 인근에 상시 비치함|실내, 옥외 작업 시 냉방장치를 설치 및 가동 중임",해당 사항 없음,해당없음,"섭취 주의사항 확인하였으며, 대용량 식염포도당 비치함",이해하였으며 관리 중임,이해함,이해함,
2026-05-29 14:19,372,GS칼텍스 죽전,2026-05-29,꼼꼼히 읽어보았고 해당 내용 확인하였음,25.2,해당 사항 없음,"현장 내 온습도계를 비치하여 매시간 체감온도를 확인하고 근로자에게 전파하고 있음|깨끗하고 시원한 물, 이온음료, 식염포도당 등을 작업장 인근에 상시 비치함",해당 사항 없음,해당없음,"섭취 주의사항 확인하였으며, 낱개형태의 식염포도당 혹은 분말형 이온음료 비치함",이해하였으며 관리 중임,이해함,이해함,특이사항 없음
2026-05-29 14:21,373,서울예대 기숙사,2026-05-29,꼼꼼히 읽어보았고 해당 내용 확인하였음,26.9,해당 사항 없음,"현장 내 온습도계를 비치하여 매시간 체감온도를 확인하고 근로자에게 전파하고 있음|금일 온열질환 예방 교육을 실시함 (TBM 혹은 별도 교육)|깨끗하고 시원한 물, 이온음료, 식염포도당 등을 작업장 인근에 상시 비치함|실내, 옥외 작업 시 냉방장치를 설치 및 가동 중임|응급상황 대비 비상연락망을 구축하고, 인근 의료기관 및 구급차 진입로를 사전에 파악하고 있음",해당 사항 없음,해당없음,지급하고 있지 않음,이해하였으며 관리 중임,이해함,이해함,
2026-05-29 14:30,374,성우빌딩,2026-05-29,꼼꼼히 읽어보았고 해당 내용 확인하였음,26.8,해당 사항 없음,"금일 온열질환 예방 교육을 실시함 (TBM 혹은 별도 교육)|현장에 <온열질환 예방 수칙 OPS> 게시함|체감온도 33℃ 이상이 되는 작업장소에서 폭염작업을 하는 경우 매 2시간 이내 20분 이상의 휴식을 취하도록 함 (1시간마다 10분 이상의 휴식을 부여하는 것도 가능)|무더위 시간대(14~17시) 사이에 실외 작업을 되도록 하지 않았음|실내, 옥외 작업 시 냉방장치를 설치 및 가동 중임|근로자 중 온열질환 민감군(※ 신규 배치자, 과거 온열질환 경력자, 고령자, 뇌심혈관질환자, 고·저혈압환자, 당뇨질환자, 신장질환자, 음주자, 장애인 등)을 파악하여 관리하고 있음|2인 1조  작업을 통해 근로자 간 상호 건강 상태를 수시로 확인하도록 하고 있음|응급상황 대비 비상연락망을 구축하고, 인근 의료기관 및 구급차 진입로를 사전에 파악하고 있음",해당 사항 없음,해당없음,지급하고 있지 않음,이해하였으며 관리 중임,이해함,이해함,
2026-05-29 14:31,375,성지하이츠1,2026-05-29,꼼꼼히 읽어보았고 해당 내용 확인하였음,26.5,해당 사항 없음,"실내, 옥외 작업 시 냉방장치를 설치 및 가동 중임",해당 사항 없음,해당없음,지급하고 있지 않음,이해하였으며 관리 중임,이해함,이해함,
2026-05-29 14:32,376,"쿠팡 경산 1, 2센터",2026-05-29,꼼꼼히 읽어보았고 해당 내용 확인하였음,26.1,해당 사항 없음,"현장에 <온열질환 예방 수칙 OPS> 게시함|깨끗하고 시원한 물, 이온음료, 식염포도당 등을 작업장 인근에 상시 비치함|근로자 중 온열질환 민감군(※ 신규 배치자, 과거 온열질환 경력자, 고령자, 뇌심혈관질환자, 고·저혈압환자, 당뇨질환자, 신장질환자, 음주자, 장애인 등)을 파악하여 관리하고 있음|2인 1조  작업을 통해 근로자 간 상호 건강 상태를 수시로 확인하도록 하고 있음|응급상황 대비 비상연락망을 구축하고, 인근 의료기관 및 구급차 진입로를 사전에 파악하고 있음",해당 사항 없음,해당없음,지급하고 있지 않음,이해하였으며 관리 중임,이해함,이해함,
2026-05-29 14:36,377,쿠팡인천30fc,2026-05-29,꼼꼼히 읽어보았고 해당 내용 확인하였음,23.9,해당 사항 없음,"금일 온열질환 예방 교육을 실시함 (TBM 혹은 별도 교육)|현장에 <온열질환 예방 수칙 OPS> 게시함|깨끗하고 시원한 물, 이온음료, 식염포도당 등을 작업장 인근에 상시 비치함|햇볕을 차단할 수 있는 그늘막 및 휴게공간을 제공함|무더위 시간대(14~17시) 사이에 실외 작업을 되도록 하지 않았음|실내, 옥외 작업 시 냉방장치를 설치 및 가동 중임|근로자 중 온열질환 민감군(※ 신규 배치자, 과거 온열질환 경력자, 고령자, 뇌심혈관질환자, 고·저혈압환자, 당뇨질환자, 신장질환자, 음주자, 장애인 등)을 파악하여 관리하고 있음|응급상황 대비 비상연락망을 구축하고, 인근 의료기관 및 구급차 진입로를 사전에 파악하고 있음",해당 사항 없음,해당없음,지급하고 있지 않음,이해하였으며 관리 중임,이해함,이해함,
2026-05-29 14:38,378,KB증권 대치사옥,2026-05-28,꼼꼼히 읽어보았고 해당 내용 확인하였음,27.1,해당 사항 없음,"근로자 중 온열질환 민감군(※ 신규 배치자, 과거 온열질환 경력자, 고령자, 뇌심혈관질환자, 고·저혈압환자, 당뇨질환자, 신장질환자, 음주자, 장애인 등)을 파악하여 관리하고 있음|2인 1조  작업을 통해 근로자 간 상호 건강 상태를 수시로 확인하도록 하고 있음",해당 사항 없음,해당없음,지급하고 있지 않음,이해하였으며 관리 중임,이해함,이해함,옥상 작업 (냉각탑.수변전)유무 확인
2026-05-29 14:42,379,KB증권 대치사옥,2026-05-29,꼼꼼히 읽어보았고 해당 내용 확인하였음,27.2,해당 사항 없음,"근로자 중 온열질환 민감군(※ 신규 배치자, 과거 온열질환 경력자, 고령자, 뇌심혈관질환자, 고·저혈압환자, 당뇨질환자, 신장질환자, 음주자, 장애인 등)을 파악하여 관리하고 있음|2인 1조  작업을 통해 근로자 간 상호 건강 상태를 수시로 확인하도록 하고 있음",해당 사항 없음,해당없음,지급하고 있지 않음,이해하였으며 관리 중임,이해함,이해함,옥상 작업(냉각탑.수변전) 유무 확인
2026-05-29 14:54,380,도고 교원연수원,2026-05-29,꼼꼼히 읽어보았고 해당 내용 확인하였음,26.5,해당 사항 없음,"깨끗하고 시원한 물, 이온음료, 식염포도당 등을 작업장 인근에 상시 비치함|햇볕을 차단할 수 있는 그늘막 및 휴게공간을 제공함|실내, 옥외 작업 시 냉방장치를 설치 및 가동 중임|근로자에게 쿨토시, 아이스 조끼 등 냉감용품을 지급함|2인 1조  작업을 통해 근로자 간 상호 건강 상태를 수시로 확인하도록 하고 있음",해당 사항 없음,해당없음,"섭취 주의사항 확인하였으며, 낱개형태의 식염포도당 혹은 분말형 이온음료 비치함",이해하였으며 관리 중임,이해함,이해함,작업현장 직원들 건강상태 점검
2026-05-29 14:58,381,한진빌딩,2026-05-29,꼼꼼히 읽어보았고 해당 내용 확인하였음,28,해당 사항 없음,현장 내 온습도계를 비치하여 매시간 체감온도를 확인하고 근로자에게 전파하고 있음,해당 사항 없음,해당없음,"섭취 주의사항 확인하였으며, 낱개형태의 식염포도당 혹은 분말형 이온음료 비치함",이해하였으며 관리 중임,이해함,이해함,
2026-05-29 14:58,382,쿠팡 인천16 FC,2026-05-22,꼼꼼히 읽어보았고 해당 내용 확인하였음,25.5,해당 사항 없음,"현장 내 온습도계를 비치하여 매시간 체감온도를 확인하고 근로자에게 전파하고 있음|금일 온열질환 예방 교육을 실시함 (TBM 혹은 별도 교육)|현장에 <온열질환 예방 수칙 OPS> 게시함|깨끗하고 시원한 물, 이온음료, 식염포도당 등을 작업장 인근에 상시 비치함|햇볕을 차단할 수 있는 그늘막 및 휴게공간을 제공함|체감온도 33℃ 이상이 되는 작업장소에서 폭염작업을 하는 경우 매 2시간 이내 20분 이상의 휴식을 취하도록 함 (1시간마다 10분 이상의 휴식을 부여하는 것도 가능)|무더위 시간대(14~17시) 사이에 실외 작업을 되도록 하지 않았음|실내, 옥외 작업 시 냉방장치를 설치 및 가동 중임|근로자 중 온열질환 민감군(※ 신규 배치자, 과거 온열질환 경력자, 고령자, 뇌심혈관질환자, 고·저혈압환자, 당뇨질환자, 신장질환자, 음주자, 장애인 등)을 파악하여 관리하고 있음|응급상황 대비 비상연락망을 구축하고, 인근 의료기관 및 구급차 진입로를 사전에 파악하고 있음",해당 사항 없음,해당없음,"섭취 주의사항 확인하였으며, 낱개형태의 식염포도당 혹은 분말형 이온음료 비치함",이해하였으며 관리 중임,이해함,이해함,
2026-05-29 15:01,383,삼신봉터널,2026-05-29,꼼꼼히 읽어보았고 해당 내용 확인하였음,25.7,해당 사항 없음,"현장 내 온습도계를 비치하여 매시간 체감온도를 확인하고 근로자에게 전파하고 있음|현장에 <온열질환 예방 수칙 OPS> 게시함|깨끗하고 시원한 물, 이온음료, 식염포도당 등을 작업장 인근에 상시 비치함|햇볕을 차단할 수 있는 그늘막 및 휴게공간을 제공함|실내, 옥외 작업 시 냉방장치를 설치 및 가동 중임|근로자 중 온열질환 민감군(※ 신규 배치자, 과거 온열질환 경력자, 고령자, 뇌심혈관질환자, 고·저혈압환자, 당뇨질환자, 신장질환자, 음주자, 장애인 등)을 파악하여 관리하고 있음|2인 1조  작업을 통해 근로자 간 상호 건강 상태를 수시로 확인하도록 하고 있음|응급상황 대비 비상연락망을 구축하고, 인근 의료기관 및 구급차 진입로를 사전에 파악하고 있음",해당 사항 없음,해당없음,시원한 물 비치,이해하였으며 관리 중임,이해함,이해함,"에어콘 , 정수기 점검"
2026-05-29 15:06,384,삼신봉터널,2026-05-29,꼼꼼히 읽어보았고 해당 내용 확인하였음,25.7,해당 사항 없음,"현장 내 온습도계를 비치하여 매시간 체감온도를 확인하고 근로자에게 전파하고 있음|현장에 <온열질환 예방 수칙 OPS> 게시함|깨끗하고 시원한 물, 이온음료, 식염포도당 등을 작업장 인근에 상시 비치함|햇볕을 차단할 수 있는 그늘막 및 휴게공간을 제공함|실내, 옥외 작업 시 냉방장치를 설치 및 가동 중임|근로자 중 온열질환 민감군(※ 신규 배치자, 과거 온열질환 경력자, 고령자, 뇌심혈관질환자, 고·저혈압환자, 당뇨질환자, 신장질환자, 음주자, 장애인 등)을 파악하여 관리하고 있음|2인 1조  작업을 통해 근로자 간 상호 건강 상태를 수시로 확인하도록 하고 있음|응급상황 대비 비상연락망을 구축하고, 인근 의료기관 및 구급차 진입로를 사전에 파악하고 있음",해당 사항 없음,해당없음,시원한 물 비치,이해하였으며 관리 중임,이해함,이해함,"에어콘 , 정수기 점검"
2026-05-29 15:12,385,한남동 청암빌딩,2026-05-29,꼼꼼히 읽어보았고 해당 내용 확인하였음,26,해당 사항 없음,"현장에 <온열질환 예방 수칙 OPS> 게시함|깨끗하고 시원한 물, 이온음료, 식염포도당 등을 작업장 인근에 상시 비치함|체감온도 33℃ 이상이 되는 작업장소에서 폭염작업을 하는 경우 매 2시간 이내 20분 이상의 휴식을 취하도록 함 (1시간마다 10분 이상의 휴식을 부여하는 것도 가능)|2인 1조  작업을 통해 근로자 간 상호 건강 상태를 수시로 확인하도록 하고 있음",해당 사항 없음,해당없음,지급하고 있지 않음,이해하였으며 관리 중임,이해함,이해함,14시~16시 부득이한 경우가 아니면 작업 금지 및 충분한 수분섭취 독려
2026-05-29 15:21,386,잠실야구장,2026-05-29,꼼꼼히 읽어보았고 해당 내용 확인하였음,26.7,해당 사항 없음,"현장 내 온습도계를 비치하여 매시간 체감온도를 확인하고 근로자에게 전파하고 있음|금일 온열질환 예방 교육을 실시함 (TBM 혹은 별도 교육)|현장에 <온열질환 예방 수칙 OPS> 게시함|깨끗하고 시원한 물, 이온음료, 식염포도당 등을 작업장 인근에 상시 비치함",해당 사항 없음,해당없음,"섭취 주의사항 확인하였으며, 대용량 식염포도당 비치함",이해하였으며 관리 중임,이해함,이해함,
2026-05-29 15:22,387,한국교직원공제회강원회관,2026-05-29,꼼꼼히 읽어보았고 해당 내용 확인하였음,26,해당 사항 없음,"현장 내 온습도계를 비치하여 매시간 체감온도를 확인하고 근로자에게 전파하고 있음|금일 온열질환 예방 교육을 실시함 (TBM 혹은 별도 교육)|현장에 <온열질환 예방 수칙 OPS> 게시함|깨끗하고 시원한 물, 이온음료, 식염포도당 등을 작업장 인근에 상시 비치함|햇볕을 차단할 수 있는 그늘막 및 휴게공간을 제공함|체감온도 33℃ 이상이 되는 작업장소에서 폭염작업을 하는 경우 매 2시간 이내 20분 이상의 휴식을 취하도록 함 (1시간마다 10분 이상의 휴식을 부여하는 것도 가능)|무더위 시간대(14~17시) 사이에 실외 작업을 되도록 하지 않았음|실내, 옥외 작업 시 냉방장치를 설치 및 가동 중임|근로자에게 쿨토시, 아이스 조끼 등 냉감용품을 지급함|근로자 중 온열질환 민감군(※ 신규 배치자, 과거 온열질환 경력자, 고령자, 뇌심혈관질환자, 고·저혈압환자, 당뇨질환자, 신장질환자, 음주자, 장애인 등)을 파악하여 관리하고 있음|2인 1조  작업을 통해 근로자 간 상호 건강 상태를 수시로 확인하도록 하고 있음|응급상황 대비 비상연락망을 구축하고, 인근 의료기관 및 구급차 진입로를 사전에 파악하고 있음",해당 사항 없음,해당없음,지급하고 있지 않음,이해하였으며 관리 중임,이해함,이해함,
2026-05-29 15:25,388,경주교원드림센터,2026-05-29,꼼꼼히 읽어보았고 해당 내용 확인하였음,26.8,해당 사항 없음,"현장 내 온습도계를 비치하여 매시간 체감온도를 확인하고 근로자에게 전파하고 있음|금일 온열질환 예방 교육을 실시함 (TBM 혹은 별도 교육)|현장에 <온열질환 예방 수칙 OPS> 게시함|깨끗하고 시원한 물, 이온음료, 식염포도당 등을 작업장 인근에 상시 비치함|햇볕을 차단할 수 있는 그늘막 및 휴게공간을 제공함|체감온도 33℃ 이상이 되는 작업장소에서 폭염작업을 하는 경우 매 2시간 이내 20분 이상의 휴식을 취하도록 함 (1시간마다 10분 이상의 휴식을 부여하는 것도 가능)|무더위 시간대(14~17시) 사이에 실외 작업을 되도록 하지 않았음|실내, 옥외 작업 시 냉방장치를 설치 및 가동 중임|근로자에게 쿨토시, 아이스 조끼 등 냉감용품을 지급함|근로자 중 온열질환 민감군(※ 신규 배치자, 과거 온열질환 경력자, 고령자, 뇌심혈관질환자, 고·저혈압환자, 당뇨질환자, 신장질환자, 음주자, 장애인 등)을 파악하여 관리하고 있음|2인 1조  작업을 통해 근로자 간 상호 건강 상태를 수시로 확인하도록 하고 있음|응급상황 대비 비상연락망을 구축하고, 인근 의료기관 및 구급차 진입로를 사전에 파악하고 있음",해당 사항 없음,해당없음,지급하고 있지 않음,이해하였으며 관리 중임,이해함,이해함,"직원 건강상태 확인, 냉방기 점검, 외기온도 측정"
2026-05-29 15:27,389,사이언스파크DP3(안전환경),2026-05-29,꼼꼼히 읽어보았고 해당 내용 확인하였음,25.5,해당 사항 없음,"현장 내 온습도계를 비치하여 매시간 체감온도를 확인하고 근로자에게 전파하고 있음|현장에 <온열질환 예방 수칙 OPS> 게시함|깨끗하고 시원한 물, 이온음료, 식염포도당 등을 작업장 인근에 상시 비치함|실내, 옥외 작업 시 냉방장치를 설치 및 가동 중임|근로자 중 온열질환 민감군(※ 신규 배치자, 과거 온열질환 경력자, 고령자, 뇌심혈관질환자, 고·저혈압환자, 당뇨질환자, 신장질환자, 음주자, 장애인 등)을 파악하여 관리하고 있음|2인 1조  작업을 통해 근로자 간 상호 건강 상태를 수시로 확인하도록 하고 있음|응급상황 대비 비상연락망을 구축하고, 인근 의료기관 및 구급차 진입로를 사전에 파악하고 있음",해당 사항 없음,해당없음,지급하고 있지 않음,이해하였으며 관리 중임,이해함,이해함,현장 순회점검 실시
2026-05-29 15:32,390,백상엘리츠1차오피스텔,2026-05-29,꼼꼼히 읽어보았고 해당 내용 확인하였음,25.9,해당 사항 없음,"현장 내 온습도계를 비치하여 매시간 체감온도를 확인하고 근로자에게 전파하고 있음|금일 온열질환 예방 교육을 실시함 (TBM 혹은 별도 교육)|현장에 <온열질환 예방 수칙 OPS> 게시함|깨끗하고 시원한 물, 이온음료, 식염포도당 등을 작업장 인근에 상시 비치함|햇볕을 차단할 수 있는 그늘막 및 휴게공간을 제공함|근로자 중 온열질환 민감군(※ 신규 배치자, 과거 온열질환 경력자, 고령자, 뇌심혈관질환자, 고·저혈압환자, 당뇨질환자, 신장질환자, 음주자, 장애인 등)을 파악하여 관리하고 있음|2인 1조  작업을 통해 근로자 간 상호 건강 상태를 수시로 확인하도록 하고 있음|응급상황 대비 비상연락망을 구축하고, 인근 의료기관 및 구급차 진입로를 사전에 파악하고 있음",해당 사항 없음,해당없음,"섭취 주의사항 확인하였으며, 낱개형태의 식염포도당 혹은 분말형 이온음료 비치함",이해하였으며 관리 중임,이해함,이해함,
2026-05-29 15:34,391,세탁사업소,2026-05-29,꼼꼼히 읽어보았고 해당 내용 확인하였음,24.9,해당 사항 없음,현장 내 온습도계를 비치하여 매시간 체감온도를 확인하고 근로자에게 전파하고 있음,해당 사항 없음,해당없음,"섭취 주의사항 확인하였으며, 낱개형태의 식염포도당 혹은 분말형 이온음료 비치함",이해하였으며 관리 중임,이해함,이해함,
2026-05-29 15:35,392,도고 교원연수원,2026-05-29,꼼꼼히 읽어보았고 해당 내용 확인하였음,24.4,해당 사항 없음,"깨끗하고 시원한 물, 이온음료, 식염포도당 등을 작업장 인근에 상시 비치함|햇볕을 차단할 수 있는 그늘막 및 휴게공간을 제공함|무더위 시간대(14~17시) 사이에 실외 작업을 되도록 하지 않았음|실내, 옥외 작업 시 냉방장치를 설치 및 가동 중임",해당 사항 없음,해당없음,"섭취 주의사항 확인하였으며, 대용량 식염포도당 비치함",이해하였으며 관리 중임,이해함,이해함,
2026-05-29 15:36,393,현대자동차 광주하이테크센터,2026-05-29,꼼꼼히 읽어보았고 해당 내용 확인하였음,26.2,해당 사항 없음,"깨끗하고 시원한 물, 이온음료, 식염포도당 등을 작업장 인근에 상시 비치함|햇볕을 차단할 수 있는 그늘막 및 휴게공간을 제공함",해당 사항 없음,해당없음,"섭취 주의사항 확인하였으며, 대용량 식염포도당 비치함",이해하였으며 관리 중임,이해함,이해함,
2026-05-29 15:36,394,도고 교원연수원,2026-05-28,꼼꼼히 읽어보았고 해당 내용 확인하였음,24.2,해당 사항 없음,"깨끗하고 시원한 물, 이온음료, 식염포도당 등을 작업장 인근에 상시 비치함|실내, 옥외 작업 시 냉방장치를 설치 및 가동 중임|근로자에게 쿨토시, 아이스 조끼 등 냉감용품을 지급함|2인 1조  작업을 통해 근로자 간 상호 건강 상태를 수시로 확인하도록 하고 있음",해당 사항 없음,해당없음,"섭취 주의사항 확인하였으며, 대용량 식염포도당 비치함",이해하였으며 관리 중임,이해함,이해함,
2026-05-29 15:40,395,인천TW1 FC,2026-05-29,꼼꼼히 읽어보았고 해당 내용 확인하였음,25,해당 사항 없음,"금일 온열질환 예방 교육을 실시함 (TBM 혹은 별도 교육)|현장에 <온열질환 예방 수칙 OPS> 게시함|깨끗하고 시원한 물, 이온음료, 식염포도당 등을 작업장 인근에 상시 비치함|햇볕을 차단할 수 있는 그늘막 및 휴게공간을 제공함|체감온도 33℃ 이상이 되는 작업장소에서 폭염작업을 하는 경우 매 2시간 이내 20분 이상의 휴식을 취하도록 함 (1시간마다 10분 이상의 휴식을 부여하는 것도 가능)|무더위 시간대(14~17시) 사이에 실외 작업을 되도록 하지 않았음|실내, 옥외 작업 시 냉방장치를 설치 및 가동 중임|근로자 중 온열질환 민감군(※ 신규 배치자, 과거 온열질환 경력자, 고령자, 뇌심혈관질환자, 고·저혈압환자, 당뇨질환자, 신장질환자, 음주자, 장애인 등)을 파악하여 관리하고 있음|2인 1조  작업을 통해 근로자 간 상호 건강 상태를 수시로 확인하도록 하고 있음|응급상황 대비 비상연락망을 구축하고, 인근 의료기관 및 구급차 진입로를 사전에 파악하고 있음",해당 사항 없음,해당없음,"섭취 주의사항 확인하였으며, 대용량 식염포도당 비치함",이해하였으며 관리 중임,이해함,이해함,
2026-05-29 15:42,396,인하대병원 정석타운,2026-05-29,꼼꼼히 읽어보았고 해당 내용 확인하였음,23.5,해당 사항 없음,무더위 시간대(14~17시) 사이에 실외 작업을 되도록 하지 않았음|2인 1조  작업을 통해 근로자 간 상호 건강 상태를 수시로 확인하도록 하고 있음,해당 사항 없음,해당없음,지급하고 있지 않음,이해하였으며 관리 중임,이해함,이해함,외부작업 없음
2026-05-29 15:58,397,교직원공제회 인천회관,2026-05-29,꼼꼼히 읽어보았고 해당 내용 확인하였음,24.2,해당 사항 없음,"현장 내 온습도계를 비치하여 매시간 체감온도를 확인하고 근로자에게 전파하고 있음|금일 온열질환 예방 교육을 실시함 (TBM 혹은 별도 교육)|현장에 <온열질환 예방 수칙 OPS> 게시함|깨끗하고 시원한 물, 이온음료, 식염포도당 등을 작업장 인근에 상시 비치함|햇볕을 차단할 수 있는 그늘막 및 휴게공간을 제공함|체감온도 33℃ 이상이 되는 작업장소에서 폭염작업을 하는 경우 매 2시간 이내 20분 이상의 휴식을 취하도록 함 (1시간마다 10분 이상의 휴식을 부여하는 것도 가능)|무더위 시간대(14~17시) 사이에 실외 작업을 되도록 하지 않았음|실내, 옥외 작업 시 냉방장치를 설치 및 가동 중임|근로자에게 쿨토시, 아이스 조끼 등 냉감용품을 지급함|근로자 중 온열질환 민감군(※ 신규 배치자, 과거 온열질환 경력자, 고령자, 뇌심혈관질환자, 고·저혈압환자, 당뇨질환자, 신장질환자, 음주자, 장애인 등)을 파악하여 관리하고 있음|2인 1조  작업을 통해 근로자 간 상호 건강 상태를 수시로 확인하도록 하고 있음|응급상황 대비 비상연락망을 구축하고, 인근 의료기관 및 구급차 진입로를 사전에 파악하고 있음",해당 사항 없음,해당없음,"섭취 주의사항 확인하였으며, 낱개형태의 식염포도당 혹은 분말형 이온음료 비치함",이해하였으며 관리 중임,이해함,이해함,
2026-05-29 16:03,398,여수 세이지우드,2026-05-29,꼼꼼히 읽어보았고 해당 내용 확인하였음,25,해당 사항 없음,"현장 내 온습도계를 비치하여 매시간 체감온도를 확인하고 근로자에게 전파하고 있음|금일 온열질환 예방 교육을 실시함 (TBM 혹은 별도 교육)|현장에 <온열질환 예방 수칙 OPS> 게시함|깨끗하고 시원한 물, 이온음료, 식염포도당 등을 작업장 인근에 상시 비치함|햇볕을 차단할 수 있는 그늘막 및 휴게공간을 제공함|체감온도 33℃ 이상이 되는 작업장소에서 폭염작업을 하는 경우 매 2시간 이내 20분 이상의 휴식을 취하도록 함 (1시간마다 10분 이상의 휴식을 부여하는 것도 가능)|무더위 시간대(14~17시) 사이에 실외 작업을 되도록 하지 않았음|실내, 옥외 작업 시 냉방장치를 설치 및 가동 중임|근로자에게 쿨토시, 아이스 조끼 등 냉감용품을 지급함|근로자 중 온열질환 민감군(※ 신규 배치자, 과거 온열질환 경력자, 고령자, 뇌심혈관질환자, 고·저혈압환자, 당뇨질환자, 신장질환자, 음주자, 장애인 등)을 파악하여 관리하고 있음|2인 1조  작업을 통해 근로자 간 상호 건강 상태를 수시로 확인하도록 하고 있음|응급상황 대비 비상연락망을 구축하고, 인근 의료기관 및 구급차 진입로를 사전에 파악하고 있음",해당 사항 없음,해당없음,"섭취 주의사항 확인하였으며, 대용량 식염포도당 비치함",이해하였으며 관리 중임,이해함,이해함,
2026-05-29 16:08,399,SKS 시그니처키친스위트,2026-05-29,꼼꼼히 읽어보았고 해당 내용 확인하였음,25.5,해당 사항 없음,"깨끗하고 시원한 물, 이온음료, 식염포도당 등을 작업장 인근에 상시 비치함",해당 사항 없음,해당없음,정수기 시원한 물이 있습니다,실내에서 근무중이며 에어컨 사용중입니다,이해함,이해함,물 자주 마시며 관리하고 있습니다
2026-05-29 16:21,400,현대차전주하이테크센터,2026-05-29,꼼꼼히 읽어보았고 해당 내용 확인하였음,26.5,해당 사항 없음,"현장 내 온습도계를 비치하여 매시간 체감온도를 확인하고 근로자에게 전파하고 있음|현장에 <온열질환 예방 수칙 OPS> 게시함|깨끗하고 시원한 물, 이온음료, 식염포도당 등을 작업장 인근에 상시 비치함|햇볕을 차단할 수 있는 그늘막 및 휴게공간을 제공함|무더위 시간대(14~17시) 사이에 실외 작업을 되도록 하지 않았음|응급상황 대비 비상연락망을 구축하고, 인근 의료기관 및 구급차 진입로를 사전에 파악하고 있음",해당 사항 없음,해당없음,물 공급하고있음,이해하였으며 관리 중임,이해함,이해함,
2026-05-29 16:52,401,도산150빌딩,2026-05-29,꼼꼼히 읽어보았고 해당 내용 확인하였음,25.2,해당 사항 없음,현장 내 온습도계를 비치하여 매시간 체감온도를 확인하고 근로자에게 전파하고 있음|금일 온열질환 예방 교육을 실시함 (TBM 혹은 별도 교육)|2인 1조  작업을 통해 근로자 간 상호 건강 상태를 수시로 확인하도록 하고 있음,해당 사항 없음,해당없음,지급하고 있지 않음,이해하였으며 관리 중임,이해함,이해함,
2026-05-29 17:17,402,천경 을지로 운영센터,2026-05-29,꼼꼼히 읽어보았고 해당 내용 확인하였음,26,해당 사항 없음,"금일 온열질환 예방 교육을 실시함 (TBM 혹은 별도 교육)|현장에 <온열질환 예방 수칙 OPS> 게시함|깨끗하고 시원한 물, 이온음료, 식염포도당 등을 작업장 인근에 상시 비치함|햇볕을 차단할 수 있는 그늘막 및 휴게공간을 제공함|체감온도 33℃ 이상이 되는 작업장소에서 폭염작업을 하는 경우 매 2시간 이내 20분 이상의 휴식을 취하도록 함 (1시간마다 10분 이상의 휴식을 부여하는 것도 가능)|무더위 시간대(14~17시) 사이에 실외 작업을 되도록 하지 않았음|실내, 옥외 작업 시 냉방장치를 설치 및 가동 중임|근로자에게 쿨토시, 아이스 조끼 등 냉감용품을 지급함|근로자 중 온열질환 민감군(※ 신규 배치자, 과거 온열질환 경력자, 고령자, 뇌심혈관질환자, 고·저혈압환자, 당뇨질환자, 신장질환자, 음주자, 장애인 등)을 파악하여 관리하고 있음|2인 1조  작업을 통해 근로자 간 상호 건강 상태를 수시로 확인하도록 하고 있음|응급상황 대비 비상연락망을 구축하고, 인근 의료기관 및 구급차 진입로를 사전에 파악하고 있음",해당 사항 없음,해당없음,"섭취 주의사항 확인하였으며, 낱개형태의 식염포도당 혹은 분말형 이온음료 비치함",이해하였으며 관리 중임,이해함,이해함,앞으로는 체온계를 비치하여 개인별로 온열 질환을 예방을하겠습니다.
2026-05-29 17:29,403,아일렉스상가,2026-05-29,꼼꼼히 읽어보았고 해당 내용 확인하였음,28,해당 사항 없음,현장 내 온습도계를 비치하여 매시간 체감온도를 확인하고 근로자에게 전파하고 있음|현장에 <온열질환 예방 수칙 OPS> 게시함|햇볕을 차단할 수 있는 그늘막 및 휴게공간을 제공함|무더위 시간대(14~17시) 사이에 실외 작업을 되도록 하지 않았음,해당 사항 없음,해당없음,지급하고 있지 않음,이해하였으며 관리 중임,이해함,이해함,무더위 외부작업 피하도록 공지
2026-05-29 17:46,404,부산데상트연구소,2026-05-29,꼼꼼히 읽어보았고 해당 내용 확인하였음,25.5,해당 사항 없음,"현장에 <온열질환 예방 수칙 OPS> 게시함|깨끗하고 시원한 물, 이온음료, 식염포도당 등을 작업장 인근에 상시 비치함|햇볕을 차단할 수 있는 그늘막 및 휴게공간을 제공함|무더위 시간대(14~17시) 사이에 실외 작업을 되도록 하지 않았음|근로자 중 온열질환 민감군(※ 신규 배치자, 과거 온열질환 경력자, 고령자, 뇌심혈관질환자, 고·저혈압환자, 당뇨질환자, 신장질환자, 음주자, 장애인 등)을 파악하여 관리하고 있음|응급상황 대비 비상연락망을 구축하고, 인근 의료기관 및 구급차 진입로를 사전에 파악하고 있음",해당 사항 없음,해당없음,"섭취 주의사항 확인하였으며, 낱개형태의 식염포도당 혹은 분말형 이온음료 비치함",이해하였으며 관리 중임,이해함,이해함,
2026-05-29 18:19,405,현대빌딩,2026-05-29,꼼꼼히 읽어보았고 해당 내용 확인하였음,24,해당 사항 없음,"실내, 옥외 작업 시 냉방장치를 설치 및 가동 중임",해당 사항 없음,해당없음,지급하고 있지 않음,이해하였으며 관리 중임,이해함,이해함,"실내 근무형태로 냉방장치 가동과
실내 그늘 현장으로 쾌적함."
2026-05-29 20:36,406,343강남빌딩,2026-05-29,꼼꼼히 읽어보았고 해당 내용 확인하였음,21.9,해당 사항 없음,"금일 온열질환 예방 교육을 실시함 (TBM 혹은 별도 교육)|응급상황 대비 비상연락망을 구축하고, 인근 의료기관 및 구급차 진입로를 사전에 파악하고 있음",해당 사항 없음,해당없음,지급하고 있지 않음,이해는 했으나 온열질환 민간군이 없음,이해함,이해함,
2026-05-29 23:12,407,한진부곡지점정비팀,2026-05-26,꼼꼼히 읽어보았고 해당 내용 확인하였음,29,해당 사항 없음,"현장에 <온열질환 예방 수칙 OPS> 게시함|햇볕을 차단할 수 있는 그늘막 및 휴게공간을 제공함|무더위 시간대(14~17시) 사이에 실외 작업을 되도록 하지 않았음|실내, 옥외 작업 시 냉방장치를 설치 및 가동 중임",해당 사항 없음,해당없음,지급하고 있지 않음,이해하였으며 관리 중임,이해함,이해함,
2026-05-29 23:17,408,한진부곡지점정비팀,2026-05-27,꼼꼼히 읽어보았고 해당 내용 확인하였음,29,해당 사항 없음,"현장에 <온열질환 예방 수칙 OPS> 게시함|햇볕을 차단할 수 있는 그늘막 및 휴게공간을 제공함|무더위 시간대(14~17시) 사이에 실외 작업을 되도록 하지 않았음|실내, 옥외 작업 시 냉방장치를 설치 및 가동 중임",해당 사항 없음,해당없음,지급하고 있지 않음,이해하였으며 관리 중임,이해함,이해함,
2026-05-29 23:18,409,한진부곡지점정비팀,2026-05-28,꼼꼼히 읽어보았고 해당 내용 확인하였음,29,해당 사항 없음,"현장에 <온열질환 예방 수칙 OPS> 게시함|햇볕을 차단할 수 있는 그늘막 및 휴게공간을 제공함|무더위 시간대(14~17시) 사이에 실외 작업을 되도록 하지 않았음|실내, 옥외 작업 시 냉방장치를 설치 및 가동 중임",해당 사항 없음,해당없음,지급하고 있지 않음,이해하였으며 관리 중임,이해함,이해함,
2026-05-29 23:18,410,한진부곡지점정비팀,2026-05-29,꼼꼼히 읽어보았고 해당 내용 확인하였음,27,해당 사항 없음,"금일 온열질환 예방 교육을 실시함 (TBM 혹은 별도 교육)|현장에 <온열질환 예방 수칙 OPS> 게시함|햇볕을 차단할 수 있는 그늘막 및 휴게공간을 제공함|무더위 시간대(14~17시) 사이에 실외 작업을 되도록 하지 않았음|실내, 옥외 작업 시 냉방장치를 설치 및 가동 중임",해당 사항 없음,해당없음,지급하고 있지 않음,이해하였으며 관리 중임,이해함,이해함,
2026-05-29 23:20,411,쁨의원명동점,2026-05-26,꼼꼼히 읽어보았고 해당 내용 확인하였음,26,해당 사항 없음,"현장에 <온열질환 예방 수칙 OPS> 게시함|햇볕을 차단할 수 있는 그늘막 및 휴게공간을 제공함|실내, 옥외 작업 시 냉방장치를 설치 및 가동 중임",해당 사항 없음,해당없음,지급하고 있지 않음,이해하였으며 관리 중임,이해함,이해함,
2026-05-29 23:20,412,쁨의원명동점,2026-05-27,꼼꼼히 읽어보았고 해당 내용 확인하였음,28,해당 사항 없음,"현장에 <온열질환 예방 수칙 OPS> 게시함|깨끗하고 시원한 물, 이온음료, 식염포도당 등을 작업장 인근에 상시 비치함|햇볕을 차단할 수 있는 그늘막 및 휴게공간을 제공함|무더위 시간대(14~17시) 사이에 실외 작업을 되도록 하지 않았음|실내, 옥외 작업 시 냉방장치를 설치 및 가동 중임",해당 사항 없음,해당없음,지급하고 있지 않음,이해하였으며 관리 중임,이해함,이해함,
2026-05-29 23:21,413,쁨의원명동점,2026-05-28,꼼꼼히 읽어보았고 해당 내용 확인하였음,28,해당 사항 없음,"현장에 <온열질환 예방 수칙 OPS> 게시함|깨끗하고 시원한 물, 이온음료, 식염포도당 등을 작업장 인근에 상시 비치함|햇볕을 차단할 수 있는 그늘막 및 휴게공간을 제공함|무더위 시간대(14~17시) 사이에 실외 작업을 되도록 하지 않았음|실내, 옥외 작업 시 냉방장치를 설치 및 가동 중임",해당 사항 없음,해당없음,지급하고 있지 않음,이해하였으며 관리 중임,이해함,이해함,
2026-05-29 23:21,414,쁨의원명동점,2026-05-29,꼼꼼히 읽어보았고 해당 내용 확인하였음,28,해당 사항 없음,"현장에 <온열질환 예방 수칙 OPS> 게시함|깨끗하고 시원한 물, 이온음료, 식염포도당 등을 작업장 인근에 상시 비치함|햇볕을 차단할 수 있는 그늘막 및 휴게공간을 제공함|무더위 시간대(14~17시) 사이에 실외 작업을 되도록 하지 않았음|실내, 옥외 작업 시 냉방장치를 설치 및 가동 중임",해당 사항 없음,해당없음,지급하고 있지 않음,이해하였으며 관리 중임,이해함,이해함,
2026-05-29 23:22,415,쁨의원강남점,2026-05-26,꼼꼼히 읽어보았고 해당 내용 확인하였음,28,해당 사항 없음,"현장에 <온열질환 예방 수칙 OPS> 게시함|깨끗하고 시원한 물, 이온음료, 식염포도당 등을 작업장 인근에 상시 비치함|햇볕을 차단할 수 있는 그늘막 및 휴게공간을 제공함|무더위 시간대(14~17시) 사이에 실외 작업을 되도록 하지 않았음|실내, 옥외 작업 시 냉방장치를 설치 및 가동 중임",해당 사항 없음,해당없음,지급하고 있지 않음,이해하였으며 관리 중임,이해함,이해함,
2026-05-29 23:22,416,쁨의원강남점,2026-05-27,꼼꼼히 읽어보았고 해당 내용 확인하였음,28,해당 사항 없음,"현장에 <온열질환 예방 수칙 OPS> 게시함|깨끗하고 시원한 물, 이온음료, 식염포도당 등을 작업장 인근에 상시 비치함|햇볕을 차단할 수 있는 그늘막 및 휴게공간을 제공함|무더위 시간대(14~17시) 사이에 실외 작업을 되도록 하지 않았음|실내, 옥외 작업 시 냉방장치를 설치 및 가동 중임",해당 사항 없음,해당없음,지급하고 있지 않음,이해하였으며 관리 중임,이해함,이해함,
2026-05-29 23:23,417,쁨의원강남점,2026-05-28,꼼꼼히 읽어보았고 해당 내용 확인하였음,28,해당 사항 없음,"현장에 <온열질환 예방 수칙 OPS> 게시함|깨끗하고 시원한 물, 이온음료, 식염포도당 등을 작업장 인근에 상시 비치함|햇볕을 차단할 수 있는 그늘막 및 휴게공간을 제공함|무더위 시간대(14~17시) 사이에 실외 작업을 되도록 하지 않았음|실내, 옥외 작업 시 냉방장치를 설치 및 가동 중임",해당 사항 없음,해당없음,지급하고 있지 않음,이해하였으며 관리 중임,이해함,이해함,
2026-05-29 23:23,418,쁨의원강남점,2026-05-29,꼼꼼히 읽어보았고 해당 내용 확인하였음,28.3,해당 사항 없음,"현장에 <온열질환 예방 수칙 OPS> 게시함|깨끗하고 시원한 물, 이온음료, 식염포도당 등을 작업장 인근에 상시 비치함|햇볕을 차단할 수 있는 그늘막 및 휴게공간을 제공함|무더위 시간대(14~17시) 사이에 실외 작업을 되도록 하지 않았음|실내, 옥외 작업 시 냉방장치를 설치 및 가동 중임",해당 사항 없음,해당없음,지급하고 있지 않음,이해하였으며 관리 중임,이해함,이해함,
2026-05-29 23:26,419,한진시흥물류창고,2026-05-26,꼼꼼히 읽어보았고 해당 내용 확인하였음,23.5,해당 사항 없음,"현장에 <온열질환 예방 수칙 OPS> 게시함|깨끗하고 시원한 물, 이온음료, 식염포도당 등을 작업장 인근에 상시 비치함|햇볕을 차단할 수 있는 그늘막 및 휴게공간을 제공함|무더위 시간대(14~17시) 사이에 실외 작업을 되도록 하지 않았음|실내, 옥외 작업 시 냉방장치를 설치 및 가동 중임",해당 사항 없음,해당없음,지급하고 있지 않음,이해하였으며 관리 중임,이해함,이해함,
2026-05-29 23:26,420,한진시흥물류창고,2026-05-27,꼼꼼히 읽어보았고 해당 내용 확인하였음,26.4,해당 사항 없음,"현장 내 온습도계를 비치하여 매시간 체감온도를 확인하고 근로자에게 전파하고 있음|현장에 <온열질환 예방 수칙 OPS> 게시함|깨끗하고 시원한 물, 이온음료, 식염포도당 등을 작업장 인근에 상시 비치함|햇볕을 차단할 수 있는 그늘막 및 휴게공간을 제공함|무더위 시간대(14~17시) 사이에 실외 작업을 되도록 하지 않았음|실내, 옥외 작업 시 냉방장치를 설치 및 가동 중임",해당 사항 없음,해당없음,지급하고 있지 않음,이해하였으며 관리 중임,이해함,이해함,
2026-05-29 23:27,421,한진시흥물류창고,2026-05-28,꼼꼼히 읽어보았고 해당 내용 확인하였음,29,해당 사항 없음,"현장에 <온열질환 예방 수칙 OPS> 게시함|깨끗하고 시원한 물, 이온음료, 식염포도당 등을 작업장 인근에 상시 비치함|햇볕을 차단할 수 있는 그늘막 및 휴게공간을 제공함|무더위 시간대(14~17시) 사이에 실외 작업을 되도록 하지 않았음|실내, 옥외 작업 시 냉방장치를 설치 및 가동 중임",해당 사항 없음,해당없음,지급하고 있지 않음,이해하였으며 관리 중임,이해함,이해함,
2026-05-29 23:27,422,한진시흥물류창고,2026-05-29,꼼꼼히 읽어보았고 해당 내용 확인하였음,27,해당 사항 없음,"현장에 <온열질환 예방 수칙 OPS> 게시함|깨끗하고 시원한 물, 이온음료, 식염포도당 등을 작업장 인근에 상시 비치함|햇볕을 차단할 수 있는 그늘막 및 휴게공간을 제공함|무더위 시간대(14~17시) 사이에 실외 작업을 되도록 하지 않았음|실내, 옥외 작업 시 냉방장치를 설치 및 가동 중임",해당 사항 없음,해당없음,지급하고 있지 않음,이해하였으며 관리 중임,이해함,이해함,
2026-05-29 23:28,423,한진안산물류창고,2026-05-26,꼼꼼히 읽어보았고 해당 내용 확인하였음,27,해당 사항 없음,"현장에 <온열질환 예방 수칙 OPS> 게시함|깨끗하고 시원한 물, 이온음료, 식염포도당 등을 작업장 인근에 상시 비치함|햇볕을 차단할 수 있는 그늘막 및 휴게공간을 제공함|무더위 시간대(14~17시) 사이에 실외 작업을 되도록 하지 않았음|실내, 옥외 작업 시 냉방장치를 설치 및 가동 중임",해당 사항 없음,해당없음,지급하고 있지 않음,이해하였으며 관리 중임,이해함,이해함,
2026-05-29 23:28,424,한진안산물류창고,2026-05-27,꼼꼼히 읽어보았고 해당 내용 확인하였음,27.5,해당 사항 없음,"현장에 <온열질환 예방 수칙 OPS> 게시함|깨끗하고 시원한 물, 이온음료, 식염포도당 등을 작업장 인근에 상시 비치함|햇볕을 차단할 수 있는 그늘막 및 휴게공간을 제공함|무더위 시간대(14~17시) 사이에 실외 작업을 되도록 하지 않았음|실내, 옥외 작업 시 냉방장치를 설치 및 가동 중임",해당 사항 없음,해당없음,지급하고 있지 않음,이해하였으며 관리 중임,이해함,이해함,
2026-05-29 23:29,425,한진안산물류창고,2026-05-28,꼼꼼히 읽어보았고 해당 내용 확인하였음,28.2,해당 사항 없음,"현장에 <온열질환 예방 수칙 OPS> 게시함|깨끗하고 시원한 물, 이온음료, 식염포도당 등을 작업장 인근에 상시 비치함|햇볕을 차단할 수 있는 그늘막 및 휴게공간을 제공함|무더위 시간대(14~17시) 사이에 실외 작업을 되도록 하지 않았음|실내, 옥외 작업 시 냉방장치를 설치 및 가동 중임",해당 사항 없음,해당없음,지급하고 있지 않음,이해하였으며 관리 중임,이해함,이해함,
2026-05-29 23:29,426,한진안산물류창고,2026-05-29,꼼꼼히 읽어보았고 해당 내용 확인하였음,27.9,해당 사항 없음,"현장에 <온열질환 예방 수칙 OPS> 게시함|깨끗하고 시원한 물, 이온음료, 식염포도당 등을 작업장 인근에 상시 비치함|햇볕을 차단할 수 있는 그늘막 및 휴게공간을 제공함|무더위 시간대(14~17시) 사이에 실외 작업을 되도록 하지 않았음|실내, 옥외 작업 시 냉방장치를 설치 및 가동 중임",해당 사항 없음,해당없음,지급하고 있지 않음,이해하였으며 관리 중임,이해함,이해함,
2026-05-29 23:30,427,한진안산택배지점,2026-05-26,꼼꼼히 읽어보았고 해당 내용 확인하였음,28.4,해당 사항 없음,"현장에 <온열질환 예방 수칙 OPS> 게시함|깨끗하고 시원한 물, 이온음료, 식염포도당 등을 작업장 인근에 상시 비치함|햇볕을 차단할 수 있는 그늘막 및 휴게공간을 제공함|무더위 시간대(14~17시) 사이에 실외 작업을 되도록 하지 않았음|실내, 옥외 작업 시 냉방장치를 설치 및 가동 중임",해당 사항 없음,해당없음,지급하고 있지 않음,이해하였으며 관리 중임,이해함,이해함,
2026-05-29 23:30,428,한진안산택배지점,2026-05-27,꼼꼼히 읽어보았고 해당 내용 확인하였음,27.5,해당 사항 없음,"현장에 <온열질환 예방 수칙 OPS> 게시함|깨끗하고 시원한 물, 이온음료, 식염포도당 등을 작업장 인근에 상시 비치함|햇볕을 차단할 수 있는 그늘막 및 휴게공간을 제공함|무더위 시간대(14~17시) 사이에 실외 작업을 되도록 하지 않았음|실내, 옥외 작업 시 냉방장치를 설치 및 가동 중임",해당 사항 없음,해당없음,지급하고 있지 않음,이해하였으며 관리 중임,이해함,이해함,
2026-05-29 23:31,429,한진안산택배지점,2026-05-28,꼼꼼히 읽어보았고 해당 내용 확인하였음,28.2,해당 사항 없음,"현장에 <온열질환 예방 수칙 OPS> 게시함|깨끗하고 시원한 물, 이온음료, 식염포도당 등을 작업장 인근에 상시 비치함|햇볕을 차단할 수 있는 그늘막 및 휴게공간을 제공함|무더위 시간대(14~17시) 사이에 실외 작업을 되도록 하지 않았음|실내, 옥외 작업 시 냉방장치를 설치 및 가동 중임",해당 사항 없음,해당없음,지급하고 있지 않음,이해하였으며 관리 중임,이해함,이해함,
2026-05-29 23:31,430,한진안산택배지점,2026-05-29,꼼꼼히 읽어보았고 해당 내용 확인하였음,28.4,해당 사항 없음,"현장에 <온열질환 예방 수칙 OPS> 게시함|깨끗하고 시원한 물, 이온음료, 식염포도당 등을 작업장 인근에 상시 비치함|햇볕을 차단할 수 있는 그늘막 및 휴게공간을 제공함|무더위 시간대(14~17시) 사이에 실외 작업을 되도록 하지 않았음|실내, 옥외 작업 시 냉방장치를 설치 및 가동 중임",해당 사항 없음,해당없음,지급하고 있지 않음,이해하였으며 관리 중임,이해함,이해함,
2026-05-29 23:31,431,한진인천SILO,2026-05-26,꼼꼼히 읽어보았고 해당 내용 확인하였음,26.8,해당 사항 없음,"현장 내 온습도계를 비치하여 매시간 체감온도를 확인하고 근로자에게 전파하고 있음|현장에 <온열질환 예방 수칙 OPS> 게시함|깨끗하고 시원한 물, 이온음료, 식염포도당 등을 작업장 인근에 상시 비치함|햇볕을 차단할 수 있는 그늘막 및 휴게공간을 제공함|무더위 시간대(14~17시) 사이에 실외 작업을 되도록 하지 않았음|실내, 옥외 작업 시 냉방장치를 설치 및 가동 중임",해당 사항 없음,해당없음,지급하고 있지 않음,이해하였으며 관리 중임,이해함,이해함,
2026-05-29 23:32,432,한진인천SILO,2026-05-27,꼼꼼히 읽어보았고 해당 내용 확인하였음,27.6,해당 사항 없음,"현장 내 온습도계를 비치하여 매시간 체감온도를 확인하고 근로자에게 전파하고 있음|현장에 <온열질환 예방 수칙 OPS> 게시함|깨끗하고 시원한 물, 이온음료, 식염포도당 등을 작업장 인근에 상시 비치함|햇볕을 차단할 수 있는 그늘막 및 휴게공간을 제공함|무더위 시간대(14~17시) 사이에 실외 작업을 되도록 하지 않았음|실내, 옥외 작업 시 냉방장치를 설치 및 가동 중임",해당 사항 없음,해당없음,지급하고 있지 않음,이해하였으며 관리 중임,이해함,이해함,
2026-05-29 23:32,433,한진인천SILO,2026-05-28,꼼꼼히 읽어보았고 해당 내용 확인하였음,28.4,해당 사항 없음,"현장 내 온습도계를 비치하여 매시간 체감온도를 확인하고 근로자에게 전파하고 있음|현장에 <온열질환 예방 수칙 OPS> 게시함|깨끗하고 시원한 물, 이온음료, 식염포도당 등을 작업장 인근에 상시 비치함|햇볕을 차단할 수 있는 그늘막 및 휴게공간을 제공함|무더위 시간대(14~17시) 사이에 실외 작업을 되도록 하지 않았음|실내, 옥외 작업 시 냉방장치를 설치 및 가동 중임",해당 사항 없음,해당없음,지급하고 있지 않음,이해하였으며 관리 중임,이해함,이해함,
2026-05-29 23:33,434,한진인천SILO,2026-05-29,꼼꼼히 읽어보았고 해당 내용 확인하였음,27.5,해당 사항 없음,"현장 내 온습도계를 비치하여 매시간 체감온도를 확인하고 근로자에게 전파하고 있음|현장에 <온열질환 예방 수칙 OPS> 게시함|깨끗하고 시원한 물, 이온음료, 식염포도당 등을 작업장 인근에 상시 비치함|햇볕을 차단할 수 있는 그늘막 및 휴게공간을 제공함|무더위 시간대(14~17시) 사이에 실외 작업을 되도록 하지 않았음|실내, 옥외 작업 시 냉방장치를 설치 및 가동 중임",해당 사항 없음,해당없음,지급하고 있지 않음,이해하였으며 관리 중임,이해함,이해함,
2026-05-29 23:33,435,한진인천택배센터,2026-05-26,꼼꼼히 읽어보았고 해당 내용 확인하였음,28.2,해당 사항 없음,"현장에 <온열질환 예방 수칙 OPS> 게시함|깨끗하고 시원한 물, 이온음료, 식염포도당 등을 작업장 인근에 상시 비치함|햇볕을 차단할 수 있는 그늘막 및 휴게공간을 제공함|무더위 시간대(14~17시) 사이에 실외 작업을 되도록 하지 않았음|실내, 옥외 작업 시 냉방장치를 설치 및 가동 중임",해당 사항 없음,해당없음,지급하고 있지 않음,이해하였으며 관리 중임,이해함,이해함,
2026-05-29 23:34,436,한진인천택배센터,2026-05-27,꼼꼼히 읽어보았고 해당 내용 확인하였음,28,해당 사항 없음,"현장에 <온열질환 예방 수칙 OPS> 게시함|깨끗하고 시원한 물, 이온음료, 식염포도당 등을 작업장 인근에 상시 비치함|햇볕을 차단할 수 있는 그늘막 및 휴게공간을 제공함|무더위 시간대(14~17시) 사이에 실외 작업을 되도록 하지 않았음|실내, 옥외 작업 시 냉방장치를 설치 및 가동 중임",해당 사항 없음,해당없음,지급하고 있지 않음,이해하였으며 관리 중임,이해함,이해함,
2026-05-29 23:34,437,한진인천택배센터,2026-05-28,꼼꼼히 읽어보았고 해당 내용 확인하였음,28.6,해당 사항 없음,"현장에 <온열질환 예방 수칙 OPS> 게시함|깨끗하고 시원한 물, 이온음료, 식염포도당 등을 작업장 인근에 상시 비치함|햇볕을 차단할 수 있는 그늘막 및 휴게공간을 제공함|무더위 시간대(14~17시) 사이에 실외 작업을 되도록 하지 않았음|실내, 옥외 작업 시 냉방장치를 설치 및 가동 중임",해당 사항 없음,해당없음,지급하고 있지 않음,이해하였으며 관리 중임,이해함,이해함,
2026-05-29 23:35,438,한진인천택배센터,2026-05-29,꼼꼼히 읽어보았고 해당 내용 확인하였음,27.5,해당 사항 없음,"현장에 <온열질환 예방 수칙 OPS> 게시함|깨끗하고 시원한 물, 이온음료, 식염포도당 등을 작업장 인근에 상시 비치함|햇볕을 차단할 수 있는 그늘막 및 휴게공간을 제공함|무더위 시간대(14~17시) 사이에 실외 작업을 되도록 하지 않았음|실내, 옥외 작업 시 냉방장치를 설치 및 가동 중임",해당 사항 없음,해당없음,지급하고 있지 않음,이해하였으며 관리 중임,이해함,이해함,
2026-05-29 23:35,439,자라 잠실점,2026-05-26,꼼꼼히 읽어보았고 해당 내용 확인하였음,28.4,해당 사항 없음,"현장에 <온열질환 예방 수칙 OPS> 게시함|깨끗하고 시원한 물, 이온음료, 식염포도당 등을 작업장 인근에 상시 비치함|햇볕을 차단할 수 있는 그늘막 및 휴게공간을 제공함|무더위 시간대(14~17시) 사이에 실외 작업을 되도록 하지 않았음|실내, 옥외 작업 시 냉방장치를 설치 및 가동 중임",해당 사항 없음,해당없음,지급하고 있지 않음,이해하였으며 관리 중임,이해함,이해함,
2026-05-29 23:36,440,자라 잠실점,2026-05-27,꼼꼼히 읽어보았고 해당 내용 확인하였음,28.6,해당 사항 없음,"현장에 <온열질환 예방 수칙 OPS> 게시함|깨끗하고 시원한 물, 이온음료, 식염포도당 등을 작업장 인근에 상시 비치함|햇볕을 차단할 수 있는 그늘막 및 휴게공간을 제공함|무더위 시간대(14~17시) 사이에 실외 작업을 되도록 하지 않았음|실내, 옥외 작업 시 냉방장치를 설치 및 가동 중임",해당 사항 없음,해당없음,지급하고 있지 않음,이해하였으며 관리 중임,이해함,이해함,
2026-05-29 23:36,441,자라 잠실점,2026-05-28,꼼꼼히 읽어보았고 해당 내용 확인하였음,29.3,해당 사항 없음,"현장에 <온열질환 예방 수칙 OPS> 게시함|깨끗하고 시원한 물, 이온음료, 식염포도당 등을 작업장 인근에 상시 비치함|햇볕을 차단할 수 있는 그늘막 및 휴게공간을 제공함|무더위 시간대(14~17시) 사이에 실외 작업을 되도록 하지 않았음|실내, 옥외 작업 시 냉방장치를 설치 및 가동 중임",해당 사항 없음,해당없음,지급하고 있지 않음,이해하였으며 관리 중임,이해함,이해함,
2026-05-29 23:37,442,자라 잠실점,2026-05-29,꼼꼼히 읽어보았고 해당 내용 확인하였음,29,해당 사항 없음,"현장에 <온열질환 예방 수칙 OPS> 게시함|깨끗하고 시원한 물, 이온음료, 식염포도당 등을 작업장 인근에 상시 비치함|햇볕을 차단할 수 있는 그늘막 및 휴게공간을 제공함|무더위 시간대(14~17시) 사이에 실외 작업을 되도록 하지 않았음|실내, 옥외 작업 시 냉방장치를 설치 및 가동 중임",해당 사항 없음,해당없음,지급하고 있지 않음,이해하였으며 관리 중임,이해함,이해함,
2026-05-29 23:37,443,자라 명동점,2026-05-26,꼼꼼히 읽어보았고 해당 내용 확인하였음,29.4,해당 사항 없음,"현장에 <온열질환 예방 수칙 OPS> 게시함|깨끗하고 시원한 물, 이온음료, 식염포도당 등을 작업장 인근에 상시 비치함|햇볕을 차단할 수 있는 그늘막 및 휴게공간을 제공함|무더위 시간대(14~17시) 사이에 실외 작업을 되도록 하지 않았음|실내, 옥외 작업 시 냉방장치를 설치 및 가동 중임",해당 사항 없음,해당없음,지급하고 있지 않음,이해하였으며 관리 중임,이해함,이해함,
2026-05-29 23:38,444,자라 명동점,2026-05-27,꼼꼼히 읽어보았고 해당 내용 확인하였음,29.4,해당 사항 없음,"현장에 <온열질환 예방 수칙 OPS> 게시함|깨끗하고 시원한 물, 이온음료, 식염포도당 등을 작업장 인근에 상시 비치함|햇볕을 차단할 수 있는 그늘막 및 휴게공간을 제공함|무더위 시간대(14~17시) 사이에 실외 작업을 되도록 하지 않았음|실내, 옥외 작업 시 냉방장치를 설치 및 가동 중임",해당 사항 없음,해당없음,지급하고 있지 않음,이해하였으며 관리 중임,이해함,이해함,
2026-05-29 23:38,445,자라 명동점,2026-05-28,꼼꼼히 읽어보았고 해당 내용 확인하였음,28.9,해당 사항 없음,"현장에 <온열질환 예방 수칙 OPS> 게시함|깨끗하고 시원한 물, 이온음료, 식염포도당 등을 작업장 인근에 상시 비치함|햇볕을 차단할 수 있는 그늘막 및 휴게공간을 제공함|무더위 시간대(14~17시) 사이에 실외 작업을 되도록 하지 않았음|실내, 옥외 작업 시 냉방장치를 설치 및 가동 중임",해당 사항 없음,해당없음,지급하고 있지 않음,이해하였으며 관리 중임,이해함,이해함,
2026-05-29 23:38,446,자라 명동점,2026-05-29,꼼꼼히 읽어보았고 해당 내용 확인하였음,29.4,해당 사항 없음,"현장에 <온열질환 예방 수칙 OPS> 게시함|깨끗하고 시원한 물, 이온음료, 식염포도당 등을 작업장 인근에 상시 비치함|햇볕을 차단할 수 있는 그늘막 및 휴게공간을 제공함|무더위 시간대(14~17시) 사이에 실외 작업을 되도록 하지 않았음|실내, 옥외 작업 시 냉방장치를 설치 및 가동 중임",해당 사항 없음,해당없음,지급하고 있지 않음,이해하였으며 관리 중임,이해함,이해함,
2026-05-29 23:39,447,자라 서울역점,2026-05-26,꼼꼼히 읽어보았고 해당 내용 확인하였음,29.4,해당 사항 없음,"현장에 <온열질환 예방 수칙 OPS> 게시함|깨끗하고 시원한 물, 이온음료, 식염포도당 등을 작업장 인근에 상시 비치함|햇볕을 차단할 수 있는 그늘막 및 휴게공간을 제공함|무더위 시간대(14~17시) 사이에 실외 작업을 되도록 하지 않았음|실내, 옥외 작업 시 냉방장치를 설치 및 가동 중임",해당 사항 없음,해당없음,지급하고 있지 않음,이해하였으며 관리 중임,이해함,이해함,
2026-05-29 23:39,448,자라 서울역점,2026-05-27,꼼꼼히 읽어보았고 해당 내용 확인하였음,28.6,해당 사항 없음,"현장에 <온열질환 예방 수칙 OPS> 게시함|깨끗하고 시원한 물, 이온음료, 식염포도당 등을 작업장 인근에 상시 비치함|햇볕을 차단할 수 있는 그늘막 및 휴게공간을 제공함|무더위 시간대(14~17시) 사이에 실외 작업을 되도록 하지 않았음|실내, 옥외 작업 시 냉방장치를 설치 및 가동 중임",해당 사항 없음,해당없음,지급하고 있지 않음,이해하였으며 관리 중임,이해함,이해함,
2026-05-29 23:39,449,자라 서울역점,2026-05-28,꼼꼼히 읽어보았고 해당 내용 확인하였음,29.1,해당 사항 없음,"현장에 <온열질환 예방 수칙 OPS> 게시함|깨끗하고 시원한 물, 이온음료, 식염포도당 등을 작업장 인근에 상시 비치함|햇볕을 차단할 수 있는 그늘막 및 휴게공간을 제공함|무더위 시간대(14~17시) 사이에 실외 작업을 되도록 하지 않았음|실내, 옥외 작업 시 냉방장치를 설치 및 가동 중임",해당 사항 없음,해당없음,지급하고 있지 않음,이해하였으며 관리 중임,이해함,이해함,
2026-05-29 23:40,450,자라 서울역점,2026-05-29,꼼꼼히 읽어보았고 해당 내용 확인하였음,28.6,해당 사항 없음,"현장에 <온열질환 예방 수칙 OPS> 게시함|깨끗하고 시원한 물, 이온음료, 식염포도당 등을 작업장 인근에 상시 비치함|햇볕을 차단할 수 있는 그늘막 및 휴게공간을 제공함|무더위 시간대(14~17시) 사이에 실외 작업을 되도록 하지 않았음|실내, 옥외 작업 시 냉방장치를 설치 및 가동 중임",해당 사항 없음,해당없음,지급하고 있지 않음,이해하였으며 관리 중임,이해함,이해함,
2026-05-29 23:41,451,한진물류(용인),2026-05-26,꼼꼼히 읽어보았고 해당 내용 확인하였음,29.4,해당 사항 없음,"현장에 <온열질환 예방 수칙 OPS> 게시함|깨끗하고 시원한 물, 이온음료, 식염포도당 등을 작업장 인근에 상시 비치함|햇볕을 차단할 수 있는 그늘막 및 휴게공간을 제공함|무더위 시간대(14~17시) 사이에 실외 작업을 되도록 하지 않았음|실내, 옥외 작업 시 냉방장치를 설치 및 가동 중임|응급상황 대비 비상연락망을 구축하고, 인근 의료기관 및 구급차 진입로를 사전에 파악하고 있음",해당 사항 없음,해당없음,지급하고 있지 않음,이해하였으며 관리 중임,이해함,이해함,
2026-05-29 23:41,452,한진물류(용인),2026-05-27,꼼꼼히 읽어보았고 해당 내용 확인하였음,29.4,해당 사항 없음,"현장에 <온열질환 예방 수칙 OPS> 게시함|깨끗하고 시원한 물, 이온음료, 식염포도당 등을 작업장 인근에 상시 비치함|햇볕을 차단할 수 있는 그늘막 및 휴게공간을 제공함|무더위 시간대(14~17시) 사이에 실외 작업을 되도록 하지 않았음|실내, 옥외 작업 시 냉방장치를 설치 및 가동 중임|응급상황 대비 비상연락망을 구축하고, 인근 의료기관 및 구급차 진입로를 사전에 파악하고 있음",해당 사항 없음,해당없음,지급하고 있지 않음,이해하였으며 관리 중임,이해함,이해함,
2026-05-29 23:41,453,한진물류(용인),2026-05-28,꼼꼼히 읽어보았고 해당 내용 확인하였음,29.1,해당 사항 없음,"현장에 <온열질환 예방 수칙 OPS> 게시함|깨끗하고 시원한 물, 이온음료, 식염포도당 등을 작업장 인근에 상시 비치함|햇볕을 차단할 수 있는 그늘막 및 휴게공간을 제공함|무더위 시간대(14~17시) 사이에 실외 작업을 되도록 하지 않았음|실내, 옥외 작업 시 냉방장치를 설치 및 가동 중임|응급상황 대비 비상연락망을 구축하고, 인근 의료기관 및 구급차 진입로를 사전에 파악하고 있음",해당 사항 없음,해당없음,지급하고 있지 않음,이해하였으며 관리 중임,이해함,이해함,
2026-05-29 23:42,454,한진물류(용인),2026-05-29,꼼꼼히 읽어보았고 해당 내용 확인하였음,28.7,해당 사항 없음,"현장에 <온열질환 예방 수칙 OPS> 게시함|깨끗하고 시원한 물, 이온음료, 식염포도당 등을 작업장 인근에 상시 비치함|햇볕을 차단할 수 있는 그늘막 및 휴게공간을 제공함|무더위 시간대(14~17시) 사이에 실외 작업을 되도록 하지 않았음|실내, 옥외 작업 시 냉방장치를 설치 및 가동 중임|응급상황 대비 비상연락망을 구축하고, 인근 의료기관 및 구급차 진입로를 사전에 파악하고 있음",해당 사항 없음,해당없음,지급하고 있지 않음,이해하였으며 관리 중임,이해함,이해함,
2026-05-29 23:43,455,BS성수타워,2026-05-26,꼼꼼히 읽어보았고 해당 내용 확인하였음,29.4,해당 사항 없음,"현장에 <온열질환 예방 수칙 OPS> 게시함|깨끗하고 시원한 물, 이온음료, 식염포도당 등을 작업장 인근에 상시 비치함|햇볕을 차단할 수 있는 그늘막 및 휴게공간을 제공함|무더위 시간대(14~17시) 사이에 실외 작업을 되도록 하지 않았음|실내, 옥외 작업 시 냉방장치를 설치 및 가동 중임|근로자 중 온열질환 민감군(※ 신규 배치자, 과거 온열질환 경력자, 고령자, 뇌심혈관질환자, 고·저혈압환자, 당뇨질환자, 신장질환자, 음주자, 장애인 등)을 파악하여 관리하고 있음|응급상황 대비 비상연락망을 구축하고, 인근 의료기관 및 구급차 진입로를 사전에 파악하고 있음",해당 사항 없음,해당없음,지급하고 있지 않음,이해하였으며 관리 중임,이해함,이해함,
2026-05-29 23:43,456,BS성수타워,2026-05-27,꼼꼼히 읽어보았고 해당 내용 확인하였음,28.4,해당 사항 없음,"현장에 <온열질환 예방 수칙 OPS> 게시함|깨끗하고 시원한 물, 이온음료, 식염포도당 등을 작업장 인근에 상시 비치함|햇볕을 차단할 수 있는 그늘막 및 휴게공간을 제공함|무더위 시간대(14~17시) 사이에 실외 작업을 되도록 하지 않았음|실내, 옥외 작업 시 냉방장치를 설치 및 가동 중임|근로자 중 온열질환 민감군(※ 신규 배치자, 과거 온열질환 경력자, 고령자, 뇌심혈관질환자, 고·저혈압환자, 당뇨질환자, 신장질환자, 음주자, 장애인 등)을 파악하여 관리하고 있음|응급상황 대비 비상연락망을 구축하고, 인근 의료기관 및 구급차 진입로를 사전에 파악하고 있음",해당 사항 없음,해당없음,지급하고 있지 않음,이해하였으며 관리 중임,이해함,이해함,
2026-05-29 23:43,457,BS성수타워,2026-05-28,꼼꼼히 읽어보았고 해당 내용 확인하였음,28.7,해당 사항 없음,"현장에 <온열질환 예방 수칙 OPS> 게시함|깨끗하고 시원한 물, 이온음료, 식염포도당 등을 작업장 인근에 상시 비치함|햇볕을 차단할 수 있는 그늘막 및 휴게공간을 제공함|무더위 시간대(14~17시) 사이에 실외 작업을 되도록 하지 않았음|실내, 옥외 작업 시 냉방장치를 설치 및 가동 중임|근로자 중 온열질환 민감군(※ 신규 배치자, 과거 온열질환 경력자, 고령자, 뇌심혈관질환자, 고·저혈압환자, 당뇨질환자, 신장질환자, 음주자, 장애인 등)을 파악하여 관리하고 있음|응급상황 대비 비상연락망을 구축하고, 인근 의료기관 및 구급차 진입로를 사전에 파악하고 있음",해당 사항 없음,해당없음,지급하고 있지 않음,이해하였으며 관리 중임,이해함,이해함,
2026-05-29 23:44,458,BS성수타워,2026-05-29,꼼꼼히 읽어보았고 해당 내용 확인하였음,28.3,해당 사항 없음,"현장에 <온열질환 예방 수칙 OPS> 게시함|깨끗하고 시원한 물, 이온음료, 식염포도당 등을 작업장 인근에 상시 비치함|햇볕을 차단할 수 있는 그늘막 및 휴게공간을 제공함|무더위 시간대(14~17시) 사이에 실외 작업을 되도록 하지 않았음|실내, 옥외 작업 시 냉방장치를 설치 및 가동 중임|근로자 중 온열질환 민감군(※ 신규 배치자, 과거 온열질환 경력자, 고령자, 뇌심혈관질환자, 고·저혈압환자, 당뇨질환자, 신장질환자, 음주자, 장애인 등)을 파악하여 관리하고 있음|응급상황 대비 비상연락망을 구축하고, 인근 의료기관 및 구급차 진입로를 사전에 파악하고 있음",해당 사항 없음,해당없음,지급하고 있지 않음,이해하였으며 관리 중임,이해함,이해함,
2026-05-29 23:46,459,영통E-폴리스,2026-05-26,꼼꼼히 읽어보았고 해당 내용 확인하였음,29.1,해당 사항 없음,"현장에 <온열질환 예방 수칙 OPS> 게시함|깨끗하고 시원한 물, 이온음료, 식염포도당 등을 작업장 인근에 상시 비치함|햇볕을 차단할 수 있는 그늘막 및 휴게공간을 제공함|무더위 시간대(14~17시) 사이에 실외 작업을 되도록 하지 않았음|실내, 옥외 작업 시 냉방장치를 설치 및 가동 중임|근로자 중 온열질환 민감군(※ 신규 배치자, 과거 온열질환 경력자, 고령자, 뇌심혈관질환자, 고·저혈압환자, 당뇨질환자, 신장질환자, 음주자, 장애인 등)을 파악하여 관리하고 있음|응급상황 대비 비상연락망을 구축하고, 인근 의료기관 및 구급차 진입로를 사전에 파악하고 있음",해당 사항 없음,해당없음,지급하고 있지 않음,이해하였으며 관리 중임,이해함,이해함,
2026-05-29 23:46,460,영통E-폴리스,2026-05-27,꼼꼼히 읽어보았고 해당 내용 확인하였음,29.1,해당 사항 없음,"현장에 <온열질환 예방 수칙 OPS> 게시함|깨끗하고 시원한 물, 이온음료, 식염포도당 등을 작업장 인근에 상시 비치함|햇볕을 차단할 수 있는 그늘막 및 휴게공간을 제공함|무더위 시간대(14~17시) 사이에 실외 작업을 되도록 하지 않았음|실내, 옥외 작업 시 냉방장치를 설치 및 가동 중임|근로자 중 온열질환 민감군(※ 신규 배치자, 과거 온열질환 경력자, 고령자, 뇌심혈관질환자, 고·저혈압환자, 당뇨질환자, 신장질환자, 음주자, 장애인 등)을 파악하여 관리하고 있음|응급상황 대비 비상연락망을 구축하고, 인근 의료기관 및 구급차 진입로를 사전에 파악하고 있음",해당 사항 없음,해당없음,지급하고 있지 않음,이해하였으며 관리 중임,이해함,이해함,
2026-05-29 23:47,461,영통E-폴리스,2026-05-28,꼼꼼히 읽어보았고 해당 내용 확인하였음,28.9,해당 사항 없음,"현장에 <온열질환 예방 수칙 OPS> 게시함|깨끗하고 시원한 물, 이온음료, 식염포도당 등을 작업장 인근에 상시 비치함|햇볕을 차단할 수 있는 그늘막 및 휴게공간을 제공함|무더위 시간대(14~17시) 사이에 실외 작업을 되도록 하지 않았음|실내, 옥외 작업 시 냉방장치를 설치 및 가동 중임|근로자 중 온열질환 민감군(※ 신규 배치자, 과거 온열질환 경력자, 고령자, 뇌심혈관질환자, 고·저혈압환자, 당뇨질환자, 신장질환자, 음주자, 장애인 등)을 파악하여 관리하고 있음|응급상황 대비 비상연락망을 구축하고, 인근 의료기관 및 구급차 진입로를 사전에 파악하고 있음",해당 사항 없음,해당없음,지급하고 있지 않음,이해하였으며 관리 중임,이해함,이해함,
2026-05-29 23:47,462,영통E-폴리스,2026-05-29,꼼꼼히 읽어보았고 해당 내용 확인하였음,27.9,해당 사항 없음,"현장에 <온열질환 예방 수칙 OPS> 게시함|깨끗하고 시원한 물, 이온음료, 식염포도당 등을 작업장 인근에 상시 비치함|햇볕을 차단할 수 있는 그늘막 및 휴게공간을 제공함|무더위 시간대(14~17시) 사이에 실외 작업을 되도록 하지 않았음|실내, 옥외 작업 시 냉방장치를 설치 및 가동 중임|근로자 중 온열질환 민감군(※ 신규 배치자, 과거 온열질환 경력자, 고령자, 뇌심혈관질환자, 고·저혈압환자, 당뇨질환자, 신장질환자, 음주자, 장애인 등)을 파악하여 관리하고 있음|응급상황 대비 비상연락망을 구축하고, 인근 의료기관 및 구급차 진입로를 사전에 파악하고 있음",해당 사항 없음,해당없음,지급하고 있지 않음,이해하였으며 관리 중임,이해함,이해함,
2026-05-29 23:48,463,공덕해링턴스퀘어,2026-05-26,꼼꼼히 읽어보았고 해당 내용 확인하였음,28.1,해당 사항 없음,"현장에 <온열질환 예방 수칙 OPS> 게시함|깨끗하고 시원한 물, 이온음료, 식염포도당 등을 작업장 인근에 상시 비치함|햇볕을 차단할 수 있는 그늘막 및 휴게공간을 제공함|무더위 시간대(14~17시) 사이에 실외 작업을 되도록 하지 않았음|실내, 옥외 작업 시 냉방장치를 설치 및 가동 중임|근로자 중 온열질환 민감군(※ 신규 배치자, 과거 온열질환 경력자, 고령자, 뇌심혈관질환자, 고·저혈압환자, 당뇨질환자, 신장질환자, 음주자, 장애인 등)을 파악하여 관리하고 있음|2인 1조  작업을 통해 근로자 간 상호 건강 상태를 수시로 확인하도록 하고 있음|응급상황 대비 비상연락망을 구축하고, 인근 의료기관 및 구급차 진입로를 사전에 파악하고 있음",해당 사항 없음,해당없음,지급하고 있지 않음,이해하였으며 관리 중임,이해함,이해함,
2026-05-29 23:48,464,공덕해링턴스퀘어,2026-05-27,꼼꼼히 읽어보았고 해당 내용 확인하였음,28.4,해당 사항 없음,"현장에 <온열질환 예방 수칙 OPS> 게시함|깨끗하고 시원한 물, 이온음료, 식염포도당 등을 작업장 인근에 상시 비치함|햇볕을 차단할 수 있는 그늘막 및 휴게공간을 제공함|무더위 시간대(14~17시) 사이에 실외 작업을 되도록 하지 않았음|실내, 옥외 작업 시 냉방장치를 설치 및 가동 중임|근로자 중 온열질환 민감군(※ 신규 배치자, 과거 온열질환 경력자, 고령자, 뇌심혈관질환자, 고·저혈압환자, 당뇨질환자, 신장질환자, 음주자, 장애인 등)을 파악하여 관리하고 있음|2인 1조  작업을 통해 근로자 간 상호 건강 상태를 수시로 확인하도록 하고 있음|응급상황 대비 비상연락망을 구축하고, 인근 의료기관 및 구급차 진입로를 사전에 파악하고 있음",해당 사항 없음,해당없음,지급하고 있지 않음,이해하였으며 관리 중임,이해함,이해함,
2026-05-29 23:49,465,공덕해링턴스퀘어,2026-05-28,꼼꼼히 읽어보았고 해당 내용 확인하였음,28.1,해당 사항 없음,"현장에 <온열질환 예방 수칙 OPS> 게시함|깨끗하고 시원한 물, 이온음료, 식염포도당 등을 작업장 인근에 상시 비치함|햇볕을 차단할 수 있는 그늘막 및 휴게공간을 제공함|무더위 시간대(14~17시) 사이에 실외 작업을 되도록 하지 않았음|실내, 옥외 작업 시 냉방장치를 설치 및 가동 중임|근로자 중 온열질환 민감군(※ 신규 배치자, 과거 온열질환 경력자, 고령자, 뇌심혈관질환자, 고·저혈압환자, 당뇨질환자, 신장질환자, 음주자, 장애인 등)을 파악하여 관리하고 있음|2인 1조  작업을 통해 근로자 간 상호 건강 상태를 수시로 확인하도록 하고 있음|응급상황 대비 비상연락망을 구축하고, 인근 의료기관 및 구급차 진입로를 사전에 파악하고 있음",해당 사항 없음,해당없음,지급하고 있지 않음,이해하였으며 관리 중임,이해함,이해함,
2026-05-29 23:49,466,공덕해링턴스퀘어,2026-05-29,꼼꼼히 읽어보았고 해당 내용 확인하였음,28.7,해당 사항 없음,"현장에 <온열질환 예방 수칙 OPS> 게시함|깨끗하고 시원한 물, 이온음료, 식염포도당 등을 작업장 인근에 상시 비치함|햇볕을 차단할 수 있는 그늘막 및 휴게공간을 제공함|무더위 시간대(14~17시) 사이에 실외 작업을 되도록 하지 않았음|실내, 옥외 작업 시 냉방장치를 설치 및 가동 중임|근로자 중 온열질환 민감군(※ 신규 배치자, 과거 온열질환 경력자, 고령자, 뇌심혈관질환자, 고·저혈압환자, 당뇨질환자, 신장질환자, 음주자, 장애인 등)을 파악하여 관리하고 있음|2인 1조  작업을 통해 근로자 간 상호 건강 상태를 수시로 확인하도록 하고 있음|응급상황 대비 비상연락망을 구축하고, 인근 의료기관 및 구급차 진입로를 사전에 파악하고 있음",해당 사항 없음,해당없음,지급하고 있지 않음,이해하였으며 관리 중임,이해함,이해함,
2026-05-29 23:50,467,백상빌딩,2026-05-26,꼼꼼히 읽어보았고 해당 내용 확인하였음,27.8,해당 사항 없음,"현장에 <온열질환 예방 수칙 OPS> 게시함|깨끗하고 시원한 물, 이온음료, 식염포도당 등을 작업장 인근에 상시 비치함|햇볕을 차단할 수 있는 그늘막 및 휴게공간을 제공함|무더위 시간대(14~17시) 사이에 실외 작업을 되도록 하지 않았음|실내, 옥외 작업 시 냉방장치를 설치 및 가동 중임|근로자 중 온열질환 민감군(※ 신규 배치자, 과거 온열질환 경력자, 고령자, 뇌심혈관질환자, 고·저혈압환자, 당뇨질환자, 신장질환자, 음주자, 장애인 등)을 파악하여 관리하고 있음|2인 1조  작업을 통해 근로자 간 상호 건강 상태를 수시로 확인하도록 하고 있음|응급상황 대비 비상연락망을 구축하고, 인근 의료기관 및 구급차 진입로를 사전에 파악하고 있음",해당 사항 없음,해당없음,지급하고 있지 않음,이해하였으며 관리 중임,이해함,이해함,
2026-05-29 23:50,468,백상빌딩,2026-05-27,꼼꼼히 읽어보았고 해당 내용 확인하였음,28.3,해당 사항 없음,"현장에 <온열질환 예방 수칙 OPS> 게시함|깨끗하고 시원한 물, 이온음료, 식염포도당 등을 작업장 인근에 상시 비치함|햇볕을 차단할 수 있는 그늘막 및 휴게공간을 제공함|무더위 시간대(14~17시) 사이에 실외 작업을 되도록 하지 않았음|실내, 옥외 작업 시 냉방장치를 설치 및 가동 중임|근로자 중 온열질환 민감군(※ 신규 배치자, 과거 온열질환 경력자, 고령자, 뇌심혈관질환자, 고·저혈압환자, 당뇨질환자, 신장질환자, 음주자, 장애인 등)을 파악하여 관리하고 있음|2인 1조  작업을 통해 근로자 간 상호 건강 상태를 수시로 확인하도록 하고 있음|응급상황 대비 비상연락망을 구축하고, 인근 의료기관 및 구급차 진입로를 사전에 파악하고 있음",해당 사항 없음,해당없음,지급하고 있지 않음,이해하였으며 관리 중임,이해함,이해함,
2026-05-29 23:51,469,백상빌딩,2026-05-28,꼼꼼히 읽어보았고 해당 내용 확인하였음,28.6,해당 사항 없음,"현장에 <온열질환 예방 수칙 OPS> 게시함|깨끗하고 시원한 물, 이온음료, 식염포도당 등을 작업장 인근에 상시 비치함|햇볕을 차단할 수 있는 그늘막 및 휴게공간을 제공함|무더위 시간대(14~17시) 사이에 실외 작업을 되도록 하지 않았음|실내, 옥외 작업 시 냉방장치를 설치 및 가동 중임|근로자 중 온열질환 민감군(※ 신규 배치자, 과거 온열질환 경력자, 고령자, 뇌심혈관질환자, 고·저혈압환자, 당뇨질환자, 신장질환자, 음주자, 장애인 등)을 파악하여 관리하고 있음|2인 1조  작업을 통해 근로자 간 상호 건강 상태를 수시로 확인하도록 하고 있음|응급상황 대비 비상연락망을 구축하고, 인근 의료기관 및 구급차 진입로를 사전에 파악하고 있음",해당 사항 없음,해당없음,지급하고 있지 않음,이해하였으며 관리 중임,이해함,이해함,
2026-05-29 23:51,470,백상빌딩,2026-05-29,꼼꼼히 읽어보았고 해당 내용 확인하였음,29.1,해당 사항 없음,"현장에 <온열질환 예방 수칙 OPS> 게시함|깨끗하고 시원한 물, 이온음료, 식염포도당 등을 작업장 인근에 상시 비치함|햇볕을 차단할 수 있는 그늘막 및 휴게공간을 제공함|무더위 시간대(14~17시) 사이에 실외 작업을 되도록 하지 않았음|실내, 옥외 작업 시 냉방장치를 설치 및 가동 중임|근로자 중 온열질환 민감군(※ 신규 배치자, 과거 온열질환 경력자, 고령자, 뇌심혈관질환자, 고·저혈압환자, 당뇨질환자, 신장질환자, 음주자, 장애인 등)을 파악하여 관리하고 있음|2인 1조  작업을 통해 근로자 간 상호 건강 상태를 수시로 확인하도록 하고 있음|응급상황 대비 비상연락망을 구축하고, 인근 의료기관 및 구급차 진입로를 사전에 파악하고 있음",해당 사항 없음,해당없음,지급하고 있지 않음,이해하였으며 관리 중임,이해함,이해함,
2026-05-29 23:53,471,한진인천GDC,2026-05-26,꼼꼼히 읽어보았고 해당 내용 확인하였음,27.6,해당 사항 없음,"현장에 <온열질환 예방 수칙 OPS> 게시함|깨끗하고 시원한 물, 이온음료, 식염포도당 등을 작업장 인근에 상시 비치함|햇볕을 차단할 수 있는 그늘막 및 휴게공간을 제공함|무더위 시간대(14~17시) 사이에 실외 작업을 되도록 하지 않았음|실내, 옥외 작업 시 냉방장치를 설치 및 가동 중임|근로자 중 온열질환 민감군(※ 신규 배치자, 과거 온열질환 경력자, 고령자, 뇌심혈관질환자, 고·저혈압환자, 당뇨질환자, 신장질환자, 음주자, 장애인 등)을 파악하여 관리하고 있음|2인 1조  작업을 통해 근로자 간 상호 건강 상태를 수시로 확인하도록 하고 있음|응급상황 대비 비상연락망을 구축하고, 인근 의료기관 및 구급차 진입로를 사전에 파악하고 있음",해당 사항 없음,해당없음,지급하고 있지 않음,이해하였으며 관리 중임,이해함,이해함,
2026-05-29 23:53,472,한진인천GDC,2026-05-27,꼼꼼히 읽어보았고 해당 내용 확인하였음,28.4,해당 사항 없음,"현장에 <온열질환 예방 수칙 OPS> 게시함|깨끗하고 시원한 물, 이온음료, 식염포도당 등을 작업장 인근에 상시 비치함|햇볕을 차단할 수 있는 그늘막 및 휴게공간을 제공함|무더위 시간대(14~17시) 사이에 실외 작업을 되도록 하지 않았음|실내, 옥외 작업 시 냉방장치를 설치 및 가동 중임|근로자 중 온열질환 민감군(※ 신규 배치자, 과거 온열질환 경력자, 고령자, 뇌심혈관질환자, 고·저혈압환자, 당뇨질환자, 신장질환자, 음주자, 장애인 등)을 파악하여 관리하고 있음|2인 1조  작업을 통해 근로자 간 상호 건강 상태를 수시로 확인하도록 하고 있음|응급상황 대비 비상연락망을 구축하고, 인근 의료기관 및 구급차 진입로를 사전에 파악하고 있음",해당 사항 없음,해당없음,지급하고 있지 않음,이해하였으며 관리 중임,이해함,이해함,
2026-05-29 23:53,473,한진인천GDC,2026-05-28,꼼꼼히 읽어보았고 해당 내용 확인하였음,29.1,해당 사항 없음,"현장에 <온열질환 예방 수칙 OPS> 게시함|깨끗하고 시원한 물, 이온음료, 식염포도당 등을 작업장 인근에 상시 비치함|햇볕을 차단할 수 있는 그늘막 및 휴게공간을 제공함|무더위 시간대(14~17시) 사이에 실외 작업을 되도록 하지 않았음|실내, 옥외 작업 시 냉방장치를 설치 및 가동 중임|근로자 중 온열질환 민감군(※ 신규 배치자, 과거 온열질환 경력자, 고령자, 뇌심혈관질환자, 고·저혈압환자, 당뇨질환자, 신장질환자, 음주자, 장애인 등)을 파악하여 관리하고 있음|2인 1조  작업을 통해 근로자 간 상호 건강 상태를 수시로 확인하도록 하고 있음|응급상황 대비 비상연락망을 구축하고, 인근 의료기관 및 구급차 진입로를 사전에 파악하고 있음",해당 사항 없음,해당없음,지급하고 있지 않음,이해하였으며 관리 중임,이해함,이해함,
2026-05-29 23:54,474,한진인천GDC,2026-05-29,꼼꼼히 읽어보았고 해당 내용 확인하였음,28.6,해당 사항 없음,"깨끗하고 시원한 물, 이온음료, 식염포도당 등을 작업장 인근에 상시 비치함|햇볕을 차단할 수 있는 그늘막 및 휴게공간을 제공함|체감온도 33℃ 이상이 되는 작업장소에서 폭염작업을 하는 경우 매 2시간 이내 20분 이상의 휴식을 취하도록 함 (1시간마다 10분 이상의 휴식을 부여하는 것도 가능)|실내, 옥외 작업 시 냉방장치를 설치 및 가동 중임|근로자 중 온열질환 민감군(※ 신규 배치자, 과거 온열질환 경력자, 고령자, 뇌심혈관질환자, 고·저혈압환자, 당뇨질환자, 신장질환자, 음주자, 장애인 등)을 파악하여 관리하고 있음|2인 1조  작업을 통해 근로자 간 상호 건강 상태를 수시로 확인하도록 하고 있음|응급상황 대비 비상연락망을 구축하고, 인근 의료기관 및 구급차 진입로를 사전에 파악하고 있음",해당 사항 없음,해당없음,지급하고 있지 않음,이해하였으며 관리 중임,이해함,이해함,
2026-05-29 23:55,475,페덱스물류센터,2026-05-26,꼼꼼히 읽어보았고 해당 내용 확인하였음,27.8,해당 사항 없음,"현장 내 온습도계를 비치하여 매시간 체감온도를 확인하고 근로자에게 전파하고 있음|현장에 <온열질환 예방 수칙 OPS> 게시함|깨끗하고 시원한 물, 이온음료, 식염포도당 등을 작업장 인근에 상시 비치함|햇볕을 차단할 수 있는 그늘막 및 휴게공간을 제공함|무더위 시간대(14~17시) 사이에 실외 작업을 되도록 하지 않았음|실내, 옥외 작업 시 냉방장치를 설치 및 가동 중임|근로자에게 쿨토시, 아이스 조끼 등 냉감용품을 지급함|근로자 중 온열질환 민감군(※ 신규 배치자, 과거 온열질환 경력자, 고령자, 뇌심혈관질환자, 고·저혈압환자, 당뇨질환자, 신장질환자, 음주자, 장애인 등)을 파악하여 관리하고 있음",해당 사항 없음,해당없음,"섭취 주의사항 확인하였으며, 대용량 식염포도당 비치함",이해하였으며 관리 중임,이해함,이해함,
2026-05-29 23:55,476,페덱스물류센터,2026-05-27,꼼꼼히 읽어보았고 해당 내용 확인하였음,28.2,해당 사항 없음,"현장 내 온습도계를 비치하여 매시간 체감온도를 확인하고 근로자에게 전파하고 있음|현장에 <온열질환 예방 수칙 OPS> 게시함|깨끗하고 시원한 물, 이온음료, 식염포도당 등을 작업장 인근에 상시 비치함|햇볕을 차단할 수 있는 그늘막 및 휴게공간을 제공함|무더위 시간대(14~17시) 사이에 실외 작업을 되도록 하지 않았음|실내, 옥외 작업 시 냉방장치를 설치 및 가동 중임|근로자에게 쿨토시, 아이스 조끼 등 냉감용품을 지급함|근로자 중 온열질환 민감군(※ 신규 배치자, 과거 온열질환 경력자, 고령자, 뇌심혈관질환자, 고·저혈압환자, 당뇨질환자, 신장질환자, 음주자, 장애인 등)을 파악하여 관리하고 있음|2인 1조  작업을 통해 근로자 간 상호 건강 상태를 수시로 확인하도록 하고 있음",해당 사항 없음,해당없음,"섭취 주의사항 확인하였으며, 대용량 식염포도당 비치함",이해하였으며 관리 중임,이해함,이해함,
2026-05-29 23:56,477,페덱스물류센터,2026-05-28,꼼꼼히 읽어보았고 해당 내용 확인하였음,28.4,해당 사항 없음,"현장 내 온습도계를 비치하여 매시간 체감온도를 확인하고 근로자에게 전파하고 있음|현장에 <온열질환 예방 수칙 OPS> 게시함|깨끗하고 시원한 물, 이온음료, 식염포도당 등을 작업장 인근에 상시 비치함|햇볕을 차단할 수 있는 그늘막 및 휴게공간을 제공함|무더위 시간대(14~17시) 사이에 실외 작업을 되도록 하지 않았음|실내, 옥외 작업 시 냉방장치를 설치 및 가동 중임|근로자에게 쿨토시, 아이스 조끼 등 냉감용품을 지급함|근로자 중 온열질환 민감군(※ 신규 배치자, 과거 온열질환 경력자, 고령자, 뇌심혈관질환자, 고·저혈압환자, 당뇨질환자, 신장질환자, 음주자, 장애인 등)을 파악하여 관리하고 있음|2인 1조  작업을 통해 근로자 간 상호 건강 상태를 수시로 확인하도록 하고 있음|응급상황 대비 비상연락망을 구축하고, 인근 의료기관 및 구급차 진입로를 사전에 파악하고 있음",해당 사항 없음,해당없음,"섭취 주의사항 확인하였으며, 대용량 식염포도당 비치함",이해하였으며 관리 중임,이해함,이해함,
2026-05-29 23:56,478,페덱스물류센터,2026-05-29,꼼꼼히 읽어보았고 해당 내용 확인하였음,28.5,해당 사항 없음,"현장 내 온습도계를 비치하여 매시간 체감온도를 확인하고 근로자에게 전파하고 있음|현장에 <온열질환 예방 수칙 OPS> 게시함|깨끗하고 시원한 물, 이온음료, 식염포도당 등을 작업장 인근에 상시 비치함|햇볕을 차단할 수 있는 그늘막 및 휴게공간을 제공함|무더위 시간대(14~17시) 사이에 실외 작업을 되도록 하지 않았음|실내, 옥외 작업 시 냉방장치를 설치 및 가동 중임|근로자에게 쿨토시, 아이스 조끼 등 냉감용품을 지급함|근로자 중 온열질환 민감군(※ 신규 배치자, 과거 온열질환 경력자, 고령자, 뇌심혈관질환자, 고·저혈압환자, 당뇨질환자, 신장질환자, 음주자, 장애인 등)을 파악하여 관리하고 있음|2인 1조  작업을 통해 근로자 간 상호 건강 상태를 수시로 확인하도록 하고 있음|응급상황 대비 비상연락망을 구축하고, 인근 의료기관 및 구급차 진입로를 사전에 파악하고 있음",해당 사항 없음,해당없음,"섭취 주의사항 확인하였으며, 대용량 식염포도당 비치함",이해하였으며 관리 중임,이해함,이해함,
2026-05-29 23:58,479,NH통합IT센터,2026-05-26,꼼꼼히 읽어보았고 해당 내용 확인하였음,28.1,해당 사항 없음,"현장 내 온습도계를 비치하여 매시간 체감온도를 확인하고 근로자에게 전파하고 있음|현장에 <온열질환 예방 수칙 OPS> 게시함|깨끗하고 시원한 물, 이온음료, 식염포도당 등을 작업장 인근에 상시 비치함|햇볕을 차단할 수 있는 그늘막 및 휴게공간을 제공함|무더위 시간대(14~17시) 사이에 실외 작업을 되도록 하지 않았음|실내, 옥외 작업 시 냉방장치를 설치 및 가동 중임|근로자 중 온열질환 민감군(※ 신규 배치자, 과거 온열질환 경력자, 고령자, 뇌심혈관질환자, 고·저혈압환자, 당뇨질환자, 신장질환자, 음주자, 장애인 등)을 파악하여 관리하고 있음|2인 1조  작업을 통해 근로자 간 상호 건강 상태를 수시로 확인하도록 하고 있음|응급상황 대비 비상연락망을 구축하고, 인근 의료기관 및 구급차 진입로를 사전에 파악하고 있음",해당 사항 없음,해당없음,지급하고 있지 않음,이해하였으며 관리 중임,이해함,이해함,
2026-05-29 23:58,480,NH통합IT센터,2026-05-27,꼼꼼히 읽어보았고 해당 내용 확인하였음,28.4,해당 사항 없음,"현장 내 온습도계를 비치하여 매시간 체감온도를 확인하고 근로자에게 전파하고 있음|현장에 <온열질환 예방 수칙 OPS> 게시함|깨끗하고 시원한 물, 이온음료, 식염포도당 등을 작업장 인근에 상시 비치함|햇볕을 차단할 수 있는 그늘막 및 휴게공간을 제공함|무더위 시간대(14~17시) 사이에 실외 작업을 되도록 하지 않았음|실내, 옥외 작업 시 냉방장치를 설치 및 가동 중임|근로자 중 온열질환 민감군(※ 신규 배치자, 과거 온열질환 경력자, 고령자, 뇌심혈관질환자, 고·저혈압환자, 당뇨질환자, 신장질환자, 음주자, 장애인 등)을 파악하여 관리하고 있음|2인 1조  작업을 통해 근로자 간 상호 건강 상태를 수시로 확인하도록 하고 있음|응급상황 대비 비상연락망을 구축하고, 인근 의료기관 및 구급차 진입로를 사전에 파악하고 있음",해당 사항 없음,해당없음,지급하고 있지 않음,이해하였으며 관리 중임,이해함,이해함,
2026-05-29 23:59,481,NH통합IT센터,2026-05-28,꼼꼼히 읽어보았고 해당 내용 확인하였음,28.4,해당 사항 없음,"현장 내 온습도계를 비치하여 매시간 체감온도를 확인하고 근로자에게 전파하고 있음|현장에 <온열질환 예방 수칙 OPS> 게시함|깨끗하고 시원한 물, 이온음료, 식염포도당 등을 작업장 인근에 상시 비치함|햇볕을 차단할 수 있는 그늘막 및 휴게공간을 제공함|무더위 시간대(14~17시) 사이에 실외 작업을 되도록 하지 않았음|실내, 옥외 작업 시 냉방장치를 설치 및 가동 중임|근로자 중 온열질환 민감군(※ 신규 배치자, 과거 온열질환 경력자, 고령자, 뇌심혈관질환자, 고·저혈압환자, 당뇨질환자, 신장질환자, 음주자, 장애인 등)을 파악하여 관리하고 있음|2인 1조  작업을 통해 근로자 간 상호 건강 상태를 수시로 확인하도록 하고 있음|응급상황 대비 비상연락망을 구축하고, 인근 의료기관 및 구급차 진입로를 사전에 파악하고 있음",해당 사항 없음,해당없음,지급하고 있지 않음,이해하였으며 관리 중임,이해함,이해함,
2026-05-29 23:59,482,NH통합IT센터,2026-05-29,꼼꼼히 읽어보았고 해당 내용 확인하였음,28.6,해당 사항 없음,"현장 내 온습도계를 비치하여 매시간 체감온도를 확인하고 근로자에게 전파하고 있음|현장에 <온열질환 예방 수칙 OPS> 게시함|깨끗하고 시원한 물, 이온음료, 식염포도당 등을 작업장 인근에 상시 비치함|햇볕을 차단할 수 있는 그늘막 및 휴게공간을 제공함|무더위 시간대(14~17시) 사이에 실외 작업을 되도록 하지 않았음|실내, 옥외 작업 시 냉방장치를 설치 및 가동 중임|근로자 중 온열질환 민감군(※ 신규 배치자, 과거 온열질환 경력자, 고령자, 뇌심혈관질환자, 고·저혈압환자, 당뇨질환자, 신장질환자, 음주자, 장애인 등)을 파악하여 관리하고 있음|2인 1조  작업을 통해 근로자 간 상호 건강 상태를 수시로 확인하도록 하고 있음|응급상황 대비 비상연락망을 구축하고, 인근 의료기관 및 구급차 진입로를 사전에 파악하고 있음",해당 사항 없음,해당없음,지급하고 있지 않음,이해하였으며 관리 중임,이해함,이해함,
2026-05-30 0:00,483,관동대학교,2026-05-26,꼼꼼히 읽어보았고 해당 내용 확인하였음,28.4,해당 사항 없음,"현장에 <온열질환 예방 수칙 OPS> 게시함|깨끗하고 시원한 물, 이온음료, 식염포도당 등을 작업장 인근에 상시 비치함|햇볕을 차단할 수 있는 그늘막 및 휴게공간을 제공함|무더위 시간대(14~17시) 사이에 실외 작업을 되도록 하지 않았음|실내, 옥외 작업 시 냉방장치를 설치 및 가동 중임|근로자 중 온열질환 민감군(※ 신규 배치자, 과거 온열질환 경력자, 고령자, 뇌심혈관질환자, 고·저혈압환자, 당뇨질환자, 신장질환자, 음주자, 장애인 등)을 파악하여 관리하고 있음|2인 1조  작업을 통해 근로자 간 상호 건강 상태를 수시로 확인하도록 하고 있음|응급상황 대비 비상연락망을 구축하고, 인근 의료기관 및 구급차 진입로를 사전에 파악하고 있음",해당 사항 없음,해당없음,지급하고 있지 않음,이해하였으며 관리 중임,이해함,이해함,
2026-05-30 0:01,484,관동대학교,2026-05-27,꼼꼼히 읽어보았고 해당 내용 확인하였음,28.2,해당 사항 없음,"현장 내 온습도계를 비치하여 매시간 체감온도를 확인하고 근로자에게 전파하고 있음|현장에 <온열질환 예방 수칙 OPS> 게시함|깨끗하고 시원한 물, 이온음료, 식염포도당 등을 작업장 인근에 상시 비치함|햇볕을 차단할 수 있는 그늘막 및 휴게공간을 제공함|무더위 시간대(14~17시) 사이에 실외 작업을 되도록 하지 않았음|실내, 옥외 작업 시 냉방장치를 설치 및 가동 중임|근로자 중 온열질환 민감군(※ 신규 배치자, 과거 온열질환 경력자, 고령자, 뇌심혈관질환자, 고·저혈압환자, 당뇨질환자, 신장질환자, 음주자, 장애인 등)을 파악하여 관리하고 있음|2인 1조  작업을 통해 근로자 간 상호 건강 상태를 수시로 확인하도록 하고 있음|응급상황 대비 비상연락망을 구축하고, 인근 의료기관 및 구급차 진입로를 사전에 파악하고 있음",해당 사항 없음,해당없음,지급하고 있지 않음,이해하였으며 관리 중임,이해함,이해함,
2026-05-30 0:01,485,관동대학교,2026-05-28,꼼꼼히 읽어보았고 해당 내용 확인하였음,28.6,해당 사항 없음,"현장에 <온열질환 예방 수칙 OPS> 게시함|깨끗하고 시원한 물, 이온음료, 식염포도당 등을 작업장 인근에 상시 비치함|햇볕을 차단할 수 있는 그늘막 및 휴게공간을 제공함|무더위 시간대(14~17시) 사이에 실외 작업을 되도록 하지 않았음|실내, 옥외 작업 시 냉방장치를 설치 및 가동 중임|근로자 중 온열질환 민감군(※ 신규 배치자, 과거 온열질환 경력자, 고령자, 뇌심혈관질환자, 고·저혈압환자, 당뇨질환자, 신장질환자, 음주자, 장애인 등)을 파악하여 관리하고 있음|2인 1조  작업을 통해 근로자 간 상호 건강 상태를 수시로 확인하도록 하고 있음|응급상황 대비 비상연락망을 구축하고, 인근 의료기관 및 구급차 진입로를 사전에 파악하고 있음",해당 사항 없음,해당없음,지급하고 있지 않음,이해하였으며 관리 중임,이해함,이해함,
2026-05-30 0:02,486,관동대학교,2026-05-29,꼼꼼히 읽어보았고 해당 내용 확인하였음,28.6,해당 사항 없음,"현장에 <온열질환 예방 수칙 OPS> 게시함|깨끗하고 시원한 물, 이온음료, 식염포도당 등을 작업장 인근에 상시 비치함|햇볕을 차단할 수 있는 그늘막 및 휴게공간을 제공함|무더위 시간대(14~17시) 사이에 실외 작업을 되도록 하지 않았음|실내, 옥외 작업 시 냉방장치를 설치 및 가동 중임|근로자 중 온열질환 민감군(※ 신규 배치자, 과거 온열질환 경력자, 고령자, 뇌심혈관질환자, 고·저혈압환자, 당뇨질환자, 신장질환자, 음주자, 장애인 등)을 파악하여 관리하고 있음|2인 1조  작업을 통해 근로자 간 상호 건강 상태를 수시로 확인하도록 하고 있음|응급상황 대비 비상연락망을 구축하고, 인근 의료기관 및 구급차 진입로를 사전에 파악하고 있음",해당 사항 없음,해당없음,지급하고 있지 않음,이해하였으며 관리 중임,이해함,이해함,
2026-05-30 0:02,487,관동대 산학협력단,2026-05-26,꼼꼼히 읽어보았고 해당 내용 확인하였음,28.1,해당 사항 없음,"현장에 <온열질환 예방 수칙 OPS> 게시함|깨끗하고 시원한 물, 이온음료, 식염포도당 등을 작업장 인근에 상시 비치함|햇볕을 차단할 수 있는 그늘막 및 휴게공간을 제공함|무더위 시간대(14~17시) 사이에 실외 작업을 되도록 하지 않았음|실내, 옥외 작업 시 냉방장치를 설치 및 가동 중임|근로자 중 온열질환 민감군(※ 신규 배치자, 과거 온열질환 경력자, 고령자, 뇌심혈관질환자, 고·저혈압환자, 당뇨질환자, 신장질환자, 음주자, 장애인 등)을 파악하여 관리하고 있음|2인 1조  작업을 통해 근로자 간 상호 건강 상태를 수시로 확인하도록 하고 있음|응급상황 대비 비상연락망을 구축하고, 인근 의료기관 및 구급차 진입로를 사전에 파악하고 있음",해당 사항 없음,해당없음,지급하고 있지 않음,이해하였으며 관리 중임,이해함,이해함,
2026-05-30 0:03,488,관동대 산학협력단,2026-05-27,꼼꼼히 읽어보았고 해당 내용 확인하였음,28.4,해당 사항 없음,"현장에 <온열질환 예방 수칙 OPS> 게시함|깨끗하고 시원한 물, 이온음료, 식염포도당 등을 작업장 인근에 상시 비치함|햇볕을 차단할 수 있는 그늘막 및 휴게공간을 제공함|무더위 시간대(14~17시) 사이에 실외 작업을 되도록 하지 않았음|실내, 옥외 작업 시 냉방장치를 설치 및 가동 중임|근로자 중 온열질환 민감군(※ 신규 배치자, 과거 온열질환 경력자, 고령자, 뇌심혈관질환자, 고·저혈압환자, 당뇨질환자, 신장질환자, 음주자, 장애인 등)을 파악하여 관리하고 있음|2인 1조  작업을 통해 근로자 간 상호 건강 상태를 수시로 확인하도록 하고 있음|응급상황 대비 비상연락망을 구축하고, 인근 의료기관 및 구급차 진입로를 사전에 파악하고 있음",해당 사항 없음,해당없음,지급하고 있지 않음,이해하였으며 관리 중임,이해함,이해함,
2026-05-30 0:03,489,관동대 산학협력단,2026-05-28,꼼꼼히 읽어보았고 해당 내용 확인하였음,28.5,해당 사항 없음,"현장에 <온열질환 예방 수칙 OPS> 게시함|깨끗하고 시원한 물, 이온음료, 식염포도당 등을 작업장 인근에 상시 비치함|햇볕을 차단할 수 있는 그늘막 및 휴게공간을 제공함|무더위 시간대(14~17시) 사이에 실외 작업을 되도록 하지 않았음|실내, 옥외 작업 시 냉방장치를 설치 및 가동 중임|근로자 중 온열질환 민감군(※ 신규 배치자, 과거 온열질환 경력자, 고령자, 뇌심혈관질환자, 고·저혈압환자, 당뇨질환자, 신장질환자, 음주자, 장애인 등)을 파악하여 관리하고 있음|2인 1조  작업을 통해 근로자 간 상호 건강 상태를 수시로 확인하도록 하고 있음|응급상황 대비 비상연락망을 구축하고, 인근 의료기관 및 구급차 진입로를 사전에 파악하고 있음",해당 사항 없음,해당없음,지급하고 있지 않음,이해하였으며 관리 중임,이해함,이해함,
2026-05-30 0:04,490,관동대 산학협력단,2026-05-29,꼼꼼히 읽어보았고 해당 내용 확인하였음,28.4,해당 사항 없음,"현장에 <온열질환 예방 수칙 OPS> 게시함|깨끗하고 시원한 물, 이온음료, 식염포도당 등을 작업장 인근에 상시 비치함|햇볕을 차단할 수 있는 그늘막 및 휴게공간을 제공함|무더위 시간대(14~17시) 사이에 실외 작업을 되도록 하지 않았음|실내, 옥외 작업 시 냉방장치를 설치 및 가동 중임|근로자 중 온열질환 민감군(※ 신규 배치자, 과거 온열질환 경력자, 고령자, 뇌심혈관질환자, 고·저혈압환자, 당뇨질환자, 신장질환자, 음주자, 장애인 등)을 파악하여 관리하고 있음|2인 1조  작업을 통해 근로자 간 상호 건강 상태를 수시로 확인하도록 하고 있음|응급상황 대비 비상연락망을 구축하고, 인근 의료기관 및 구급차 진입로를 사전에 파악하고 있음",해당 사항 없음,해당없음,지급하고 있지 않음,이해하였으며 관리 중임,이해함,이해함,
2026-05-30 0:05,491,서우빌딩,2026-05-26,꼼꼼히 읽어보았고 해당 내용 확인하였음,27.1,해당 사항 없음,"현장에 <온열질환 예방 수칙 OPS> 게시함|깨끗하고 시원한 물, 이온음료, 식염포도당 등을 작업장 인근에 상시 비치함|햇볕을 차단할 수 있는 그늘막 및 휴게공간을 제공함|무더위 시간대(14~17시) 사이에 실외 작업을 되도록 하지 않았음|실내, 옥외 작업 시 냉방장치를 설치 및 가동 중임|근로자 중 온열질환 민감군(※ 신규 배치자, 과거 온열질환 경력자, 고령자, 뇌심혈관질환자, 고·저혈압환자, 당뇨질환자, 신장질환자, 음주자, 장애인 등)을 파악하여 관리하고 있음|응급상황 대비 비상연락망을 구축하고, 인근 의료기관 및 구급차 진입로를 사전에 파악하고 있음",해당 사항 없음,해당없음,지급하고 있지 않음,이해하였으며 관리 중임,이해함,이해함,
2026-05-30 0:05,492,서우빌딩,2026-05-27,꼼꼼히 읽어보았고 해당 내용 확인하였음,27.6,해당 사항 없음,"현장에 <온열질환 예방 수칙 OPS> 게시함|깨끗하고 시원한 물, 이온음료, 식염포도당 등을 작업장 인근에 상시 비치함|햇볕을 차단할 수 있는 그늘막 및 휴게공간을 제공함|무더위 시간대(14~17시) 사이에 실외 작업을 되도록 하지 않았음|실내, 옥외 작업 시 냉방장치를 설치 및 가동 중임|근로자 중 온열질환 민감군(※ 신규 배치자, 과거 온열질환 경력자, 고령자, 뇌심혈관질환자, 고·저혈압환자, 당뇨질환자, 신장질환자, 음주자, 장애인 등)을 파악하여 관리하고 있음|응급상황 대비 비상연락망을 구축하고, 인근 의료기관 및 구급차 진입로를 사전에 파악하고 있음",해당 사항 없음,해당없음,지급하고 있지 않음,이해하였으며 관리 중임,이해함,이해함,
2026-05-30 0:05,493,서우빌딩,2026-05-28,꼼꼼히 읽어보았고 해당 내용 확인하였음,28.3,해당 사항 없음,"현장에 <온열질환 예방 수칙 OPS> 게시함|깨끗하고 시원한 물, 이온음료, 식염포도당 등을 작업장 인근에 상시 비치함|햇볕을 차단할 수 있는 그늘막 및 휴게공간을 제공함|무더위 시간대(14~17시) 사이에 실외 작업을 되도록 하지 않았음|실내, 옥외 작업 시 냉방장치를 설치 및 가동 중임|근로자 중 온열질환 민감군(※ 신규 배치자, 과거 온열질환 경력자, 고령자, 뇌심혈관질환자, 고·저혈압환자, 당뇨질환자, 신장질환자, 음주자, 장애인 등)을 파악하여 관리하고 있음|응급상황 대비 비상연락망을 구축하고, 인근 의료기관 및 구급차 진입로를 사전에 파악하고 있음",해당 사항 없음,해당없음,지급하고 있지 않음,이해하였으며 관리 중임,이해함,이해함,
2026-05-30 0:06,494,서우빌딩,2026-05-29,꼼꼼히 읽어보았고 해당 내용 확인하였음,28.2,해당 사항 없음,"현장에 <온열질환 예방 수칙 OPS> 게시함|깨끗하고 시원한 물, 이온음료, 식염포도당 등을 작업장 인근에 상시 비치함|햇볕을 차단할 수 있는 그늘막 및 휴게공간을 제공함|무더위 시간대(14~17시) 사이에 실외 작업을 되도록 하지 않았음|실내, 옥외 작업 시 냉방장치를 설치 및 가동 중임|근로자 중 온열질환 민감군(※ 신규 배치자, 과거 온열질환 경력자, 고령자, 뇌심혈관질환자, 고·저혈압환자, 당뇨질환자, 신장질환자, 음주자, 장애인 등)을 파악하여 관리하고 있음|응급상황 대비 비상연락망을 구축하고, 인근 의료기관 및 구급차 진입로를 사전에 파악하고 있음",해당 사항 없음,해당없음,지급하고 있지 않음,이해하였으며 관리 중임,이해함,이해함,
2026-05-30 0:07,495,RM물류센터,2026-05-26,꼼꼼히 읽어보았고 해당 내용 확인하였음,27.8,해당 사항 없음,"현장에 <온열질환 예방 수칙 OPS> 게시함|깨끗하고 시원한 물, 이온음료, 식염포도당 등을 작업장 인근에 상시 비치함|햇볕을 차단할 수 있는 그늘막 및 휴게공간을 제공함|무더위 시간대(14~17시) 사이에 실외 작업을 되도록 하지 않았음|실내, 옥외 작업 시 냉방장치를 설치 및 가동 중임|근로자 중 온열질환 민감군(※ 신규 배치자, 과거 온열질환 경력자, 고령자, 뇌심혈관질환자, 고·저혈압환자, 당뇨질환자, 신장질환자, 음주자, 장애인 등)을 파악하여 관리하고 있음|2인 1조  작업을 통해 근로자 간 상호 건강 상태를 수시로 확인하도록 하고 있음|응급상황 대비 비상연락망을 구축하고, 인근 의료기관 및 구급차 진입로를 사전에 파악하고 있음",해당 사항 없음,해당없음,지급하고 있지 않음,이해하였으며 관리 중임,이해함,이해함,
2026-05-30 0:08,496,RM물류센터,2026-05-27,꼼꼼히 읽어보았고 해당 내용 확인하였음,27.6,해당 사항 없음,"현장에 <온열질환 예방 수칙 OPS> 게시함|깨끗하고 시원한 물, 이온음료, 식염포도당 등을 작업장 인근에 상시 비치함|햇볕을 차단할 수 있는 그늘막 및 휴게공간을 제공함|무더위 시간대(14~17시) 사이에 실외 작업을 되도록 하지 않았음|실내, 옥외 작업 시 냉방장치를 설치 및 가동 중임|근로자 중 온열질환 민감군(※ 신규 배치자, 과거 온열질환 경력자, 고령자, 뇌심혈관질환자, 고·저혈압환자, 당뇨질환자, 신장질환자, 음주자, 장애인 등)을 파악하여 관리하고 있음|2인 1조  작업을 통해 근로자 간 상호 건강 상태를 수시로 확인하도록 하고 있음|응급상황 대비 비상연락망을 구축하고, 인근 의료기관 및 구급차 진입로를 사전에 파악하고 있음",해당 사항 없음,해당없음,지급하고 있지 않음,이해하였으며 관리 중임,이해함,이해함,
2026-05-30 0:08,497,RM물류센터,2026-05-28,꼼꼼히 읽어보았고 해당 내용 확인하였음,28.3,해당 사항 없음,"현장에 <온열질환 예방 수칙 OPS> 게시함|깨끗하고 시원한 물, 이온음료, 식염포도당 등을 작업장 인근에 상시 비치함|햇볕을 차단할 수 있는 그늘막 및 휴게공간을 제공함|무더위 시간대(14~17시) 사이에 실외 작업을 되도록 하지 않았음|실내, 옥외 작업 시 냉방장치를 설치 및 가동 중임|근로자 중 온열질환 민감군(※ 신규 배치자, 과거 온열질환 경력자, 고령자, 뇌심혈관질환자, 고·저혈압환자, 당뇨질환자, 신장질환자, 음주자, 장애인 등)을 파악하여 관리하고 있음|2인 1조  작업을 통해 근로자 간 상호 건강 상태를 수시로 확인하도록 하고 있음|응급상황 대비 비상연락망을 구축하고, 인근 의료기관 및 구급차 진입로를 사전에 파악하고 있음",해당 사항 없음,해당없음,지급하고 있지 않음,이해하였으며 관리 중임,이해함,이해함,
2026-05-30 0:08,498,RM물류센터,2026-05-29,꼼꼼히 읽어보았고 해당 내용 확인하였음,28.2,해당 사항 없음,"현장에 <온열질환 예방 수칙 OPS> 게시함|깨끗하고 시원한 물, 이온음료, 식염포도당 등을 작업장 인근에 상시 비치함|햇볕을 차단할 수 있는 그늘막 및 휴게공간을 제공함|무더위 시간대(14~17시) 사이에 실외 작업을 되도록 하지 않았음|실내, 옥외 작업 시 냉방장치를 설치 및 가동 중임|근로자 중 온열질환 민감군(※ 신규 배치자, 과거 온열질환 경력자, 고령자, 뇌심혈관질환자, 고·저혈압환자, 당뇨질환자, 신장질환자, 음주자, 장애인 등)을 파악하여 관리하고 있음|2인 1조  작업을 통해 근로자 간 상호 건강 상태를 수시로 확인하도록 하고 있음|응급상황 대비 비상연락망을 구축하고, 인근 의료기관 및 구급차 진입로를 사전에 파악하고 있음",해당 사항 없음,해당없음,지급하고 있지 않음,이해하였으며 관리 중임,이해함,이해함,
2026-05-30 0:09,499,RM물류센터,2026-05-30,꼼꼼히 읽어보았고 해당 내용 확인하였음,28.2,해당 사항 없음,"현장에 <온열질환 예방 수칙 OPS> 게시함|깨끗하고 시원한 물, 이온음료, 식염포도당 등을 작업장 인근에 상시 비치함|햇볕을 차단할 수 있는 그늘막 및 휴게공간을 제공함|무더위 시간대(14~17시) 사이에 실외 작업을 되도록 하지 않았음|실내, 옥외 작업 시 냉방장치를 설치 및 가동 중임|근로자 중 온열질환 민감군(※ 신규 배치자, 과거 온열질환 경력자, 고령자, 뇌심혈관질환자, 고·저혈압환자, 당뇨질환자, 신장질환자, 음주자, 장애인 등)을 파악하여 관리하고 있음|2인 1조  작업을 통해 근로자 간 상호 건강 상태를 수시로 확인하도록 하고 있음|응급상황 대비 비상연락망을 구축하고, 인근 의료기관 및 구급차 진입로를 사전에 파악하고 있음",해당 사항 없음,해당없음,지급하고 있지 않음,이해하였으며 관리 중임,이해함,이해함,
2026-05-30 0:09,500,한진부곡지점,2026-05-30,꼼꼼히 읽어보았고 해당 내용 확인하였음,28.2,해당 사항 없음,"현장에 <온열질환 예방 수칙 OPS> 게시함|깨끗하고 시원한 물, 이온음료, 식염포도당 등을 작업장 인근에 상시 비치함|햇볕을 차단할 수 있는 그늘막 및 휴게공간을 제공함|실내, 옥외 작업 시 냉방장치를 설치 및 가동 중임|근로자 중 온열질환 민감군(※ 신규 배치자, 과거 온열질환 경력자, 고령자, 뇌심혈관질환자, 고·저혈압환자, 당뇨질환자, 신장질환자, 음주자, 장애인 등)을 파악하여 관리하고 있음|응급상황 대비 비상연락망을 구축하고, 인근 의료기관 및 구급차 진입로를 사전에 파악하고 있음",해당 사항 없음,해당없음,지급하고 있지 않음,이해하였으며 관리 중임,이해함,이해함,
2026-05-30 0:10,501,쁨의원명동점,2026-05-30,꼼꼼히 읽어보았고 해당 내용 확인하였음,28.6,해당 사항 없음,"현장에 <온열질환 예방 수칙 OPS> 게시함|깨끗하고 시원한 물, 이온음료, 식염포도당 등을 작업장 인근에 상시 비치함|햇볕을 차단할 수 있는 그늘막 및 휴게공간을 제공함|무더위 시간대(14~17시) 사이에 실외 작업을 되도록 하지 않았음|실내, 옥외 작업 시 냉방장치를 설치 및 가동 중임|근로자 중 온열질환 민감군(※ 신규 배치자, 과거 온열질환 경력자, 고령자, 뇌심혈관질환자, 고·저혈압환자, 당뇨질환자, 신장질환자, 음주자, 장애인 등)을 파악하여 관리하고 있음|응급상황 대비 비상연락망을 구축하고, 인근 의료기관 및 구급차 진입로를 사전에 파악하고 있음",해당 사항 없음,해당없음,지급하고 있지 않음,이해하였으며 관리 중임,이해함,이해함,
2026-05-30 0:10,502,쁨의원강남점,2026-05-30,꼼꼼히 읽어보았고 해당 내용 확인하였음,28.6,해당 사항 없음,"현장에 <온열질환 예방 수칙 OPS> 게시함|깨끗하고 시원한 물, 이온음료, 식염포도당 등을 작업장 인근에 상시 비치함|햇볕을 차단할 수 있는 그늘막 및 휴게공간을 제공함|무더위 시간대(14~17시) 사이에 실외 작업을 되도록 하지 않았음|실내, 옥외 작업 시 냉방장치를 설치 및 가동 중임|근로자 중 온열질환 민감군(※ 신규 배치자, 과거 온열질환 경력자, 고령자, 뇌심혈관질환자, 고·저혈압환자, 당뇨질환자, 신장질환자, 음주자, 장애인 등)을 파악하여 관리하고 있음|응급상황 대비 비상연락망을 구축하고, 인근 의료기관 및 구급차 진입로를 사전에 파악하고 있음",해당 사항 없음,해당없음,지급하고 있지 않음,이해하였으며 관리 중임,이해함,이해함,
2026-05-30 0:11,503,한진시흥물류창고,2026-05-30,꼼꼼히 읽어보았고 해당 내용 확인하였음,28.6,해당 사항 없음,"현장 내 온습도계를 비치하여 매시간 체감온도를 확인하고 근로자에게 전파하고 있음|현장에 <온열질환 예방 수칙 OPS> 게시함|깨끗하고 시원한 물, 이온음료, 식염포도당 등을 작업장 인근에 상시 비치함|햇볕을 차단할 수 있는 그늘막 및 휴게공간을 제공함|무더위 시간대(14~17시) 사이에 실외 작업을 되도록 하지 않았음|실내, 옥외 작업 시 냉방장치를 설치 및 가동 중임|응급상황 대비 비상연락망을 구축하고, 인근 의료기관 및 구급차 진입로를 사전에 파악하고 있음",해당 사항 없음,해당없음,지급하고 있지 않음,이해하였으며 관리 중임,이해함,이해함,
2026-05-30 0:12,504,한진안산물류창고,2026-05-30,꼼꼼히 읽어보았고 해당 내용 확인하였음,29.3,해당 사항 없음,"현장에 <온열질환 예방 수칙 OPS> 게시함|깨끗하고 시원한 물, 이온음료, 식염포도당 등을 작업장 인근에 상시 비치함|햇볕을 차단할 수 있는 그늘막 및 휴게공간을 제공함|무더위 시간대(14~17시) 사이에 실외 작업을 되도록 하지 않았음|실내, 옥외 작업 시 냉방장치를 설치 및 가동 중임|응급상황 대비 비상연락망을 구축하고, 인근 의료기관 및 구급차 진입로를 사전에 파악하고 있음",해당 사항 없음,해당없음,지급하고 있지 않음,이해하였으며 관리 중임,이해함,이해함,
2026-05-30 0:12,505,한진안산택배센터,2026-05-30,꼼꼼히 읽어보았고 해당 내용 확인하였음,29.3,해당 사항 없음,"현장에 <온열질환 예방 수칙 OPS> 게시함|깨끗하고 시원한 물, 이온음료, 식염포도당 등을 작업장 인근에 상시 비치함|햇볕을 차단할 수 있는 그늘막 및 휴게공간을 제공함|무더위 시간대(14~17시) 사이에 실외 작업을 되도록 하지 않았음|실내, 옥외 작업 시 냉방장치를 설치 및 가동 중임|응급상황 대비 비상연락망을 구축하고, 인근 의료기관 및 구급차 진입로를 사전에 파악하고 있음",해당 사항 없음,해당없음,지급하고 있지 않음,이해하였으며 관리 중임,이해함,이해함,
2026-05-30 0:13,506,한진인천SILO,2026-05-30,꼼꼼히 읽어보았고 해당 내용 확인하였음,29.4,해당 사항 없음,"현장에 <온열질환 예방 수칙 OPS> 게시함|깨끗하고 시원한 물, 이온음료, 식염포도당 등을 작업장 인근에 상시 비치함|햇볕을 차단할 수 있는 그늘막 및 휴게공간을 제공함|무더위 시간대(14~17시) 사이에 실외 작업을 되도록 하지 않았음|실내, 옥외 작업 시 냉방장치를 설치 및 가동 중임|응급상황 대비 비상연락망을 구축하고, 인근 의료기관 및 구급차 진입로를 사전에 파악하고 있음",해당 사항 없음,해당없음,지급하고 있지 않음,이해하였으며 관리 중임,이해함,이해함,
2026-05-30 0:13,507,한진인천택배센터,2026-05-30,꼼꼼히 읽어보았고 해당 내용 확인하였음,29.1,해당 사항 없음,"현장에 <온열질환 예방 수칙 OPS> 게시함|깨끗하고 시원한 물, 이온음료, 식염포도당 등을 작업장 인근에 상시 비치함|햇볕을 차단할 수 있는 그늘막 및 휴게공간을 제공함|무더위 시간대(14~17시) 사이에 실외 작업을 되도록 하지 않았음|실내, 옥외 작업 시 냉방장치를 설치 및 가동 중임|응급상황 대비 비상연락망을 구축하고, 인근 의료기관 및 구급차 진입로를 사전에 파악하고 있음",해당 사항 없음,해당없음,지급하고 있지 않음,이해하였으며 관리 중임,이해함,이해함,
2026-05-30 0:14,508,자라 잠실점,2026-05-30,꼼꼼히 읽어보았고 해당 내용 확인하였음,28.8,해당 사항 없음,"현장에 <온열질환 예방 수칙 OPS> 게시함|깨끗하고 시원한 물, 이온음료, 식염포도당 등을 작업장 인근에 상시 비치함|햇볕을 차단할 수 있는 그늘막 및 휴게공간을 제공함|무더위 시간대(14~17시) 사이에 실외 작업을 되도록 하지 않았음|실내, 옥외 작업 시 냉방장치를 설치 및 가동 중임",해당 사항 없음,해당없음,지급하고 있지 않음,이해하였으며 관리 중임,이해함,이해함,
2026-05-30 0:14,509,자라 명동점,2026-05-30,꼼꼼히 읽어보았고 해당 내용 확인하였음,29.3,해당 사항 없음,"현장에 <온열질환 예방 수칙 OPS> 게시함|깨끗하고 시원한 물, 이온음료, 식염포도당 등을 작업장 인근에 상시 비치함|햇볕을 차단할 수 있는 그늘막 및 휴게공간을 제공함|무더위 시간대(14~17시) 사이에 실외 작업을 되도록 하지 않았음|실내, 옥외 작업 시 냉방장치를 설치 및 가동 중임",해당 사항 없음,해당없음,지급하고 있지 않음,이해하였으며 관리 중임,이해함,이해함,
2026-05-30 0:15,510,자라 서울역점,2026-05-30,꼼꼼히 읽어보았고 해당 내용 확인하였음,29.4,해당 사항 없음,"현장에 <온열질환 예방 수칙 OPS> 게시함|깨끗하고 시원한 물, 이온음료, 식염포도당 등을 작업장 인근에 상시 비치함|햇볕을 차단할 수 있는 그늘막 및 휴게공간을 제공함|무더위 시간대(14~17시) 사이에 실외 작업을 되도록 하지 않았음|실내, 옥외 작업 시 냉방장치를 설치 및 가동 중임",해당 사항 없음,해당없음,지급하고 있지 않음,이해하였으며 관리 중임,이해함,이해함,
2026-05-30 0:15,511,서우빌딩,2026-05-30,꼼꼼히 읽어보았고 해당 내용 확인하였음,30.1,해당 사항 없음,"현장에 <온열질환 예방 수칙 OPS> 게시함|깨끗하고 시원한 물, 이온음료, 식염포도당 등을 작업장 인근에 상시 비치함|햇볕을 차단할 수 있는 그늘막 및 휴게공간을 제공함|무더위 시간대(14~17시) 사이에 실외 작업을 되도록 하지 않았음|실내, 옥외 작업 시 냉방장치를 설치 및 가동 중임|근로자 중 온열질환 민감군(※ 신규 배치자, 과거 온열질환 경력자, 고령자, 뇌심혈관질환자, 고·저혈압환자, 당뇨질환자, 신장질환자, 음주자, 장애인 등)을 파악하여 관리하고 있음|응급상황 대비 비상연락망을 구축하고, 인근 의료기관 및 구급차 진입로를 사전에 파악하고 있음",해당 사항 없음,해당없음,지급하고 있지 않음,이해하였으며 관리 중임,이해함,이해함,
2026-05-30 0:16,512,RM물류센터,2026-05-30,꼼꼼히 읽어보았고 해당 내용 확인하였음,29.5,해당 사항 없음,"현장에 <온열질환 예방 수칙 OPS> 게시함|깨끗하고 시원한 물, 이온음료, 식염포도당 등을 작업장 인근에 상시 비치함|햇볕을 차단할 수 있는 그늘막 및 휴게공간을 제공함|무더위 시간대(14~17시) 사이에 실외 작업을 되도록 하지 않았음|실내, 옥외 작업 시 냉방장치를 설치 및 가동 중임|근로자 중 온열질환 민감군(※ 신규 배치자, 과거 온열질환 경력자, 고령자, 뇌심혈관질환자, 고·저혈압환자, 당뇨질환자, 신장질환자, 음주자, 장애인 등)을 파악하여 관리하고 있음|2인 1조  작업을 통해 근로자 간 상호 건강 상태를 수시로 확인하도록 하고 있음|응급상황 대비 비상연락망을 구축하고, 인근 의료기관 및 구급차 진입로를 사전에 파악하고 있음",해당 사항 없음,해당없음,지급하고 있지 않음,이해하였으며 관리 중임,이해함,이해함,
2026-05-30 0:16,513,관동대학교,2026-05-30,꼼꼼히 읽어보았고 해당 내용 확인하였음,29.6,해당 사항 없음,"현장에 <온열질환 예방 수칙 OPS> 게시함|깨끗하고 시원한 물, 이온음료, 식염포도당 등을 작업장 인근에 상시 비치함|햇볕을 차단할 수 있는 그늘막 및 휴게공간을 제공함|무더위 시간대(14~17시) 사이에 실외 작업을 되도록 하지 않았음|실내, 옥외 작업 시 냉방장치를 설치 및 가동 중임|근로자 중 온열질환 민감군(※ 신규 배치자, 과거 온열질환 경력자, 고령자, 뇌심혈관질환자, 고·저혈압환자, 당뇨질환자, 신장질환자, 음주자, 장애인 등)을 파악하여 관리하고 있음|2인 1조  작업을 통해 근로자 간 상호 건강 상태를 수시로 확인하도록 하고 있음|응급상황 대비 비상연락망을 구축하고, 인근 의료기관 및 구급차 진입로를 사전에 파악하고 있음",해당 사항 없음,해당없음,지급하고 있지 않음,이해하였으며 관리 중임,이해함,이해함,
2026-05-30 0:16,514,관동대 산학협력단,2026-05-30,꼼꼼히 읽어보았고 해당 내용 확인하였음,30.3,해당 사항 없음,"현장에 <온열질환 예방 수칙 OPS> 게시함|깨끗하고 시원한 물, 이온음료, 식염포도당 등을 작업장 인근에 상시 비치함|햇볕을 차단할 수 있는 그늘막 및 휴게공간을 제공함|무더위 시간대(14~17시) 사이에 실외 작업을 되도록 하지 않았음|실내, 옥외 작업 시 냉방장치를 설치 및 가동 중임|근로자 중 온열질환 민감군(※ 신규 배치자, 과거 온열질환 경력자, 고령자, 뇌심혈관질환자, 고·저혈압환자, 당뇨질환자, 신장질환자, 음주자, 장애인 등)을 파악하여 관리하고 있음|2인 1조  작업을 통해 근로자 간 상호 건강 상태를 수시로 확인하도록 하고 있음|응급상황 대비 비상연락망을 구축하고, 인근 의료기관 및 구급차 진입로를 사전에 파악하고 있음",해당 사항 없음,해당없음,지급하고 있지 않음,이해하였으며 관리 중임,이해함,이해함,
2026-05-30 0:17,515,영통E-폴리스,2026-05-30,꼼꼼히 읽어보았고 해당 내용 확인하였음,29.4,해당 사항 없음,"현장에 <온열질환 예방 수칙 OPS> 게시함|깨끗하고 시원한 물, 이온음료, 식염포도당 등을 작업장 인근에 상시 비치함|햇볕을 차단할 수 있는 그늘막 및 휴게공간을 제공함|무더위 시간대(14~17시) 사이에 실외 작업을 되도록 하지 않았음|실내, 옥외 작업 시 냉방장치를 설치 및 가동 중임|근로자 중 온열질환 민감군(※ 신규 배치자, 과거 온열질환 경력자, 고령자, 뇌심혈관질환자, 고·저혈압환자, 당뇨질환자, 신장질환자, 음주자, 장애인 등)을 파악하여 관리하고 있음|2인 1조  작업을 통해 근로자 간 상호 건강 상태를 수시로 확인하도록 하고 있음|응급상황 대비 비상연락망을 구축하고, 인근 의료기관 및 구급차 진입로를 사전에 파악하고 있음",해당 사항 없음,해당없음,지급하고 있지 않음,이해하였으며 관리 중임,이해함,이해함,
2026-05-30 0:18,516,공덕해링턴스퀘어,2026-05-30,꼼꼼히 읽어보았고 해당 내용 확인하였음,30.5,해당 사항 없음,"현장에 <온열질환 예방 수칙 OPS> 게시함|깨끗하고 시원한 물, 이온음료, 식염포도당 등을 작업장 인근에 상시 비치함|햇볕을 차단할 수 있는 그늘막 및 휴게공간을 제공함|무더위 시간대(14~17시) 사이에 실외 작업을 되도록 하지 않았음|실내, 옥외 작업 시 냉방장치를 설치 및 가동 중임|근로자 중 온열질환 민감군(※ 신규 배치자, 과거 온열질환 경력자, 고령자, 뇌심혈관질환자, 고·저혈압환자, 당뇨질환자, 신장질환자, 음주자, 장애인 등)을 파악하여 관리하고 있음|2인 1조  작업을 통해 근로자 간 상호 건강 상태를 수시로 확인하도록 하고 있음|응급상황 대비 비상연락망을 구축하고, 인근 의료기관 및 구급차 진입로를 사전에 파악하고 있음",해당 사항 없음,해당없음,지급하고 있지 않음,이해하였으며 관리 중임,이해함,이해함,
2026-05-30 0:18,517,NH통합IT센터,2026-05-30,꼼꼼히 읽어보았고 해당 내용 확인하였음,30.3,해당 사항 없음,"현장에 <온열질환 예방 수칙 OPS> 게시함|깨끗하고 시원한 물, 이온음료, 식염포도당 등을 작업장 인근에 상시 비치함|햇볕을 차단할 수 있는 그늘막 및 휴게공간을 제공함|무더위 시간대(14~17시) 사이에 실외 작업을 되도록 하지 않았음|실내, 옥외 작업 시 냉방장치를 설치 및 가동 중임|근로자 중 온열질환 민감군(※ 신규 배치자, 과거 온열질환 경력자, 고령자, 뇌심혈관질환자, 고·저혈압환자, 당뇨질환자, 신장질환자, 음주자, 장애인 등)을 파악하여 관리하고 있음|2인 1조  작업을 통해 근로자 간 상호 건강 상태를 수시로 확인하도록 하고 있음|응급상황 대비 비상연락망을 구축하고, 인근 의료기관 및 구급차 진입로를 사전에 파악하고 있음",해당 사항 없음,해당없음,지급하고 있지 않음,이해하였으며 관리 중임,이해함,이해함,
2026-05-30 0:19,518,백상빌딩,2026-05-30,꼼꼼히 읽어보았고 해당 내용 확인하였음,31.3,해당 사항 없음,"현장에 <온열질환 예방 수칙 OPS> 게시함|깨끗하고 시원한 물, 이온음료, 식염포도당 등을 작업장 인근에 상시 비치함|햇볕을 차단할 수 있는 그늘막 및 휴게공간을 제공함|무더위 시간대(14~17시) 사이에 실외 작업을 되도록 하지 않았음|실내, 옥외 작업 시 냉방장치를 설치 및 가동 중임|근로자 중 온열질환 민감군(※ 신규 배치자, 과거 온열질환 경력자, 고령자, 뇌심혈관질환자, 고·저혈압환자, 당뇨질환자, 신장질환자, 음주자, 장애인 등)을 파악하여 관리하고 있음|2인 1조  작업을 통해 근로자 간 상호 건강 상태를 수시로 확인하도록 하고 있음|응급상황 대비 비상연락망을 구축하고, 인근 의료기관 및 구급차 진입로를 사전에 파악하고 있음",해당 사항 없음,해당없음,지급하고 있지 않음,이해하였으며 관리 중임,이해함,이해함,
2026-05-30 0:19,519,한진인천GDC,2026-05-30,꼼꼼히 읽어보았고 해당 내용 확인하였음,31.3,해당 사항 없음,"현장에 <온열질환 예방 수칙 OPS> 게시함|깨끗하고 시원한 물, 이온음료, 식염포도당 등을 작업장 인근에 상시 비치함|햇볕을 차단할 수 있는 그늘막 및 휴게공간을 제공함|무더위 시간대(14~17시) 사이에 실외 작업을 되도록 하지 않았음|실내, 옥외 작업 시 냉방장치를 설치 및 가동 중임|근로자 중 온열질환 민감군(※ 신규 배치자, 과거 온열질환 경력자, 고령자, 뇌심혈관질환자, 고·저혈압환자, 당뇨질환자, 신장질환자, 음주자, 장애인 등)을 파악하여 관리하고 있음|2인 1조  작업을 통해 근로자 간 상호 건강 상태를 수시로 확인하도록 하고 있음|응급상황 대비 비상연락망을 구축하고, 인근 의료기관 및 구급차 진입로를 사전에 파악하고 있음",해당 사항 없음,해당없음,지급하고 있지 않음,이해하였으며 관리 중임,이해함,이해함,
2026-05-30 0:20,520,페덱스물류센터,2026-05-30,꼼꼼히 읽어보았고 해당 내용 확인하였음,31.8,해당 사항 없음,"현장에 <온열질환 예방 수칙 OPS> 게시함|깨끗하고 시원한 물, 이온음료, 식염포도당 등을 작업장 인근에 상시 비치함|햇볕을 차단할 수 있는 그늘막 및 휴게공간을 제공함|무더위 시간대(14~17시) 사이에 실외 작업을 되도록 하지 않았음|실내, 옥외 작업 시 냉방장치를 설치 및 가동 중임|근로자에게 쿨토시, 아이스 조끼 등 냉감용품을 지급함|근로자 중 온열질환 민감군(※ 신규 배치자, 과거 온열질환 경력자, 고령자, 뇌심혈관질환자, 고·저혈압환자, 당뇨질환자, 신장질환자, 음주자, 장애인 등)을 파악하여 관리하고 있음|2인 1조  작업을 통해 근로자 간 상호 건강 상태를 수시로 확인하도록 하고 있음|응급상황 대비 비상연락망을 구축하고, 인근 의료기관 및 구급차 진입로를 사전에 파악하고 있음",해당 사항 없음,해당없음,"섭취 주의사항 확인하였으며, 대용량 식염포도당 비치함",이해하였으며 관리 중임,이해함,이해함,
2026-05-30 0:20,521,서우빌딩,2026-05-29,꼼꼼히 읽어보았고 해당 내용 확인하였음,25,해당 사항 없음,"현장 내 온습도계를 비치하여 매시간 체감온도를 확인하고 근로자에게 전파하고 있음|금일 온열질환 예방 교육을 실시함 (TBM 혹은 별도 교육)|현장에 <온열질환 예방 수칙 OPS> 게시함|깨끗하고 시원한 물, 이온음료, 식염포도당 등을 작업장 인근에 상시 비치함|햇볕을 차단할 수 있는 그늘막 및 휴게공간을 제공함|체감온도 33℃ 이상이 되는 작업장소에서 폭염작업을 하는 경우 매 2시간 이내 20분 이상의 휴식을 취하도록 함 (1시간마다 10분 이상의 휴식을 부여하는 것도 가능)|무더위 시간대(14~17시) 사이에 실외 작업을 되도록 하지 않았음",해당 사항 없음,해당없음,지급하고 있지 않음,이해하였으며 관리 중임,이해함,이해함,
2026-05-30 0:20,522,한진물류 용인,2026-05-30,꼼꼼히 읽어보았고 해당 내용 확인하였음,30.7,해당 사항 없음,"현장에 <온열질환 예방 수칙 OPS> 게시함|깨끗하고 시원한 물, 이온음료, 식염포도당 등을 작업장 인근에 상시 비치함|햇볕을 차단할 수 있는 그늘막 및 휴게공간을 제공함|무더위 시간대(14~17시) 사이에 실외 작업을 되도록 하지 않았음|실내, 옥외 작업 시 냉방장치를 설치 및 가동 중임|근로자 중 온열질환 민감군(※ 신규 배치자, 과거 온열질환 경력자, 고령자, 뇌심혈관질환자, 고·저혈압환자, 당뇨질환자, 신장질환자, 음주자, 장애인 등)을 파악하여 관리하고 있음|응급상황 대비 비상연락망을 구축하고, 인근 의료기관 및 구급차 진입로를 사전에 파악하고 있음",해당 사항 없음,해당없음,지급하고 있지 않음,이해하였으며 관리 중임,이해함,이해함,
2026-05-30 0:21,523,BS성수타워,2026-05-30,꼼꼼히 읽어보았고 해당 내용 확인하였음,31.5,해당 사항 없음,"현장에 <온열질환 예방 수칙 OPS> 게시함|깨끗하고 시원한 물, 이온음료, 식염포도당 등을 작업장 인근에 상시 비치함|햇볕을 차단할 수 있는 그늘막 및 휴게공간을 제공함|무더위 시간대(14~17시) 사이에 실외 작업을 되도록 하지 않았음|실내, 옥외 작업 시 냉방장치를 설치 및 가동 중임|근로자 중 온열질환 민감군(※ 신규 배치자, 과거 온열질환 경력자, 고령자, 뇌심혈관질환자, 고·저혈압환자, 당뇨질환자, 신장질환자, 음주자, 장애인 등)을 파악하여 관리하고 있음|응급상황 대비 비상연락망을 구축하고, 인근 의료기관 및 구급차 진입로를 사전에 파악하고 있음",해당 사항 없음,해당없음,지급하고 있지 않음,이해하였으며 관리 중임,이해함,이해함,
2026-05-30 8:17,524,경주교원드림센터,2026-05-30,꼼꼼히 읽어보았고 해당 내용 확인하였음,30,해당 사항 없음,"현장 내 온습도계를 비치하여 매시간 체감온도를 확인하고 근로자에게 전파하고 있음|금일 온열질환 예방 교육을 실시함 (TBM 혹은 별도 교육)|현장에 <온열질환 예방 수칙 OPS> 게시함|깨끗하고 시원한 물, 이온음료, 식염포도당 등을 작업장 인근에 상시 비치함|햇볕을 차단할 수 있는 그늘막 및 휴게공간을 제공함|체감온도 33℃ 이상이 되는 작업장소에서 폭염작업을 하는 경우 매 2시간 이내 20분 이상의 휴식을 취하도록 함 (1시간마다 10분 이상의 휴식을 부여하는 것도 가능)|무더위 시간대(14~17시) 사이에 실외 작업을 되도록 하지 않았음|실내, 옥외 작업 시 냉방장치를 설치 및 가동 중임|근로자에게 쿨토시, 아이스 조끼 등 냉감용품을 지급함|근로자 중 온열질환 민감군(※ 신규 배치자, 과거 온열질환 경력자, 고령자, 뇌심혈관질환자, 고·저혈압환자, 당뇨질환자, 신장질환자, 음주자, 장애인 등)을 파악하여 관리하고 있음|2인 1조  작업을 통해 근로자 간 상호 건강 상태를 수시로 확인하도록 하고 있음|응급상황 대비 비상연락망을 구축하고, 인근 의료기관 및 구급차 진입로를 사전에 파악하고 있음",해당 사항 없음,해당없음,지급하고 있지 않음,이해하였으며 관리 중임,이해함,이해함,
2026-05-30 8:33,525,국민은행 속초연수원,2026-05-30,꼼꼼히 읽어보았고 해당 내용 확인하였음,25.2,해당 사항 없음,"현장 내 온습도계를 비치하여 매시간 체감온도를 확인하고 근로자에게 전파하고 있음|금일 온열질환 예방 교육을 실시함 (TBM 혹은 별도 교육)|현장에 <온열질환 예방 수칙 OPS> 게시함|깨끗하고 시원한 물, 이온음료, 식염포도당 등을 작업장 인근에 상시 비치함|햇볕을 차단할 수 있는 그늘막 및 휴게공간을 제공함|체감온도 33℃ 이상이 되는 작업장소에서 폭염작업을 하는 경우 매 2시간 이내 20분 이상의 휴식을 취하도록 함 (1시간마다 10분 이상의 휴식을 부여하는 것도 가능)|무더위 시간대(14~17시) 사이에 실외 작업을 되도록 하지 않았음|실내, 옥외 작업 시 냉방장치를 설치 및 가동 중임|근로자에게 쿨토시, 아이스 조끼 등 냉감용품을 지급함|근로자 중 온열질환 민감군(※ 신규 배치자, 과거 온열질환 경력자, 고령자, 뇌심혈관질환자, 고·저혈압환자, 당뇨질환자, 신장질환자, 음주자, 장애인 등)을 파악하여 관리하고 있음|2인 1조  작업을 통해 근로자 간 상호 건강 상태를 수시로 확인하도록 하고 있음|응급상황 대비 비상연락망을 구축하고, 인근 의료기관 및 구급차 진입로를 사전에 파악하고 있음",해당 사항 없음,해당없음,"섭취 주의사항 확인하였으며, 낱개형태의 식염포도당 혹은 분말형 이온음료 비치함",이해하였으며 관리 중임,이해함,이해함,
2026-05-30 14:11,526,파크원 LG에너지솔루션,2026-05-30,꼼꼼히 읽어보았고 해당 내용 확인하였음,23.6,해당 사항 없음,"현장 내 온습도계를 비치하여 매시간 체감온도를 확인하고 근로자에게 전파하고 있음|현장에 <온열질환 예방 수칙 OPS> 게시함|깨끗하고 시원한 물, 이온음료, 식염포도당 등을 작업장 인근에 상시 비치함|응급상황 대비 비상연락망을 구축하고, 인근 의료기관 및 구급차 진입로를 사전에 파악하고 있음",해당 사항 없음,해당없음,"섭취 주의사항 확인하였으며, 낱개형태의 식염포도당 혹은 분말형 이온음료 비치함",이해하였으며 관리 중임,이해함,이해함,
2026-05-30 14:16,527,쿠팡 부천1FC,2026-05-30,꼼꼼히 읽어보았고 해당 내용 확인하였음,29.3,해당 사항 없음,"현장 내 온습도계를 비치하여 매시간 체감온도를 확인하고 근로자에게 전파하고 있음|금일 온열질환 예방 교육을 실시함 (TBM 혹은 별도 교육)|현장에 <온열질환 예방 수칙 OPS> 게시함|깨끗하고 시원한 물, 이온음료, 식염포도당 등을 작업장 인근에 상시 비치함|체감온도 33℃ 이상이 되는 작업장소에서 폭염작업을 하는 경우 매 2시간 이내 20분 이상의 휴식을 취하도록 함 (1시간마다 10분 이상의 휴식을 부여하는 것도 가능)|실내, 옥외 작업 시 냉방장치를 설치 및 가동 중임|근로자 중 온열질환 민감군(※ 신규 배치자, 과거 온열질환 경력자, 고령자, 뇌심혈관질환자, 고·저혈압환자, 당뇨질환자, 신장질환자, 음주자, 장애인 등)을 파악하여 관리하고 있음|응급상황 대비 비상연락망을 구축하고, 인근 의료기관 및 구급차 진입로를 사전에 파악하고 있음",해당 사항 없음,해당없음,"섭취 주의사항 확인하였으며, 대용량 식염포도당 비치함",이해하였으며 관리 중임,이해함,이해함,"급성질환 유무(두통,어지럼증,근육경련 드) 확인"
2026-05-30 14:38,528,페덱스공항물류센터,2026-05-30,꼼꼼히 읽어보았고 해당 내용 확인하였음,24.1,해당 사항 없음,"현장 내 온습도계를 비치하여 매시간 체감온도를 확인하고 근로자에게 전파하고 있음|금일 온열질환 예방 교육을 실시함 (TBM 혹은 별도 교육)|깨끗하고 시원한 물, 이온음료, 식염포도당 등을 작업장 인근에 상시 비치함|근로자 중 온열질환 민감군(※ 신규 배치자, 과거 온열질환 경력자, 고령자, 뇌심혈관질환자, 고·저혈압환자, 당뇨질환자, 신장질환자, 음주자, 장애인 등)을 파악하여 관리하고 있음|응급상황 대비 비상연락망을 구축하고, 인근 의료기관 및 구급차 진입로를 사전에 파악하고 있음",해당 사항 없음,해당없음,"섭취 주의사항 확인하였으며, 대용량 식염포도당 비치함",이해하였으며 관리 중임,이해함,이해함,
2026-05-30 14:58,529,에너지플러스 허브 내곡,2026-05-30,꼼꼼히 읽어보았고 해당 내용 확인하였음,28.3,해당 사항 없음,"현장 내 온습도계를 비치하여 매시간 체감온도를 확인하고 근로자에게 전파하고 있음|금일 온열질환 예방 교육을 실시함 (TBM 혹은 별도 교육)|현장에 <온열질환 예방 수칙 OPS> 게시함|깨끗하고 시원한 물, 이온음료, 식염포도당 등을 작업장 인근에 상시 비치함|햇볕을 차단할 수 있는 그늘막 및 휴게공간을 제공함|체감온도 33℃ 이상이 되는 작업장소에서 폭염작업을 하는 경우 매 2시간 이내 20분 이상의 휴식을 취하도록 함 (1시간마다 10분 이상의 휴식을 부여하는 것도 가능)|무더위 시간대(14~17시) 사이에 실외 작업을 되도록 하지 않았음|실내, 옥외 작업 시 냉방장치를 설치 및 가동 중임|근로자에게 쿨토시, 아이스 조끼 등 냉감용품을 지급함|근로자 중 온열질환 민감군(※ 신규 배치자, 과거 온열질환 경력자, 고령자, 뇌심혈관질환자, 고·저혈압환자, 당뇨질환자, 신장질환자, 음주자, 장애인 등)을 파악하여 관리하고 있음|2인 1조  작업을 통해 근로자 간 상호 건강 상태를 수시로 확인하도록 하고 있음|응급상황 대비 비상연락망을 구축하고, 인근 의료기관 및 구급차 진입로를 사전에 파악하고 있음",해당 사항 없음,해당없음,"섭취 주의사항 확인하였으며, 대용량 식염포도당 비치함",이해하였으며 관리 중임,이해함,이해함,
2026-05-30 15:07,530,교원대구빌딩,2026-05-30,꼼꼼히 읽어보았고 해당 내용 확인하였음,27,해당 사항 없음,"현장 내 온습도계를 비치하여 매시간 체감온도를 확인하고 근로자에게 전파하고 있음|현장에 <온열질환 예방 수칙 OPS> 게시함|깨끗하고 시원한 물, 이온음료, 식염포도당 등을 작업장 인근에 상시 비치함|햇볕을 차단할 수 있는 그늘막 및 휴게공간을 제공함|근로자 중 온열질환 민감군(※ 신규 배치자, 과거 온열질환 경력자, 고령자, 뇌심혈관질환자, 고·저혈압환자, 당뇨질환자, 신장질환자, 음주자, 장애인 등)을 파악하여 관리하고 있음|응급상황 대비 비상연락망을 구축하고, 인근 의료기관 및 구급차 진입로를 사전에 파악하고 있음",해당 사항 없음,해당없음,지급하고 있지 않음,이해하였으며 관리 중임,이해함,이해함,
2026-05-30 15:15,531,인천 TW1,2026-05-30,꼼꼼히 읽어보았고 해당 내용 확인하였음,25.2,해당 사항 없음,"금일 온열질환 예방 교육을 실시함 (TBM 혹은 별도 교육)|현장에 <온열질환 예방 수칙 OPS> 게시함|깨끗하고 시원한 물, 이온음료, 식염포도당 등을 작업장 인근에 상시 비치함|햇볕을 차단할 수 있는 그늘막 및 휴게공간을 제공함|무더위 시간대(14~17시) 사이에 실외 작업을 되도록 하지 않았음|실내, 옥외 작업 시 냉방장치를 설치 및 가동 중임|근로자 중 온열질환 민감군(※ 신규 배치자, 과거 온열질환 경력자, 고령자, 뇌심혈관질환자, 고·저혈압환자, 당뇨질환자, 신장질환자, 음주자, 장애인 등)을 파악하여 관리하고 있음|2인 1조  작업을 통해 근로자 간 상호 건강 상태를 수시로 확인하도록 하고 있음|응급상황 대비 비상연락망을 구축하고, 인근 의료기관 및 구급차 진입로를 사전에 파악하고 있음",해당 사항 없음,해당없음,"섭취 주의사항 확인하였으며, 대용량 식염포도당 비치함",이해하였으며 관리 중임,이해함,이해함,
2026-05-30 15:40,532,쿠팡 인천5센타,2026-05-30,꼼꼼히 읽어보았고 해당 내용 확인하였음,26,해당 사항 없음,"현장 내 온습도계를 비치하여 매시간 체감온도를 확인하고 근로자에게 전파하고 있음|금일 온열질환 예방 교육을 실시함 (TBM 혹은 별도 교육)|현장에 <온열질환 예방 수칙 OPS> 게시함|깨끗하고 시원한 물, 이온음료, 식염포도당 등을 작업장 인근에 상시 비치함|체감온도 33℃ 이상이 되는 작업장소에서 폭염작업을 하는 경우 매 2시간 이내 20분 이상의 휴식을 취하도록 함 (1시간마다 10분 이상의 휴식을 부여하는 것도 가능)|근로자 중 온열질환 민감군(※ 신규 배치자, 과거 온열질환 경력자, 고령자, 뇌심혈관질환자, 고·저혈압환자, 당뇨질환자, 신장질환자, 음주자, 장애인 등)을 파악하여 관리하고 있음|2인 1조  작업을 통해 근로자 간 상호 건강 상태를 수시로 확인하도록 하고 있음|응급상황 대비 비상연락망을 구축하고, 인근 의료기관 및 구급차 진입로를 사전에 파악하고 있음",해당 사항 없음,해당없음,"섭취 주의사항 확인하였으며, 대용량 식염포도당 비치함",이해하였으며 관리 중임,이해함,이해함,
2026-05-30 16:09,533,GS칼텍스 죽전,2026-05-30,꼼꼼히 읽어보았고 해당 내용 확인하였음,26.9,해당 사항 없음,"현장 내 온습도계를 비치하여 매시간 체감온도를 확인하고 근로자에게 전파하고 있음|깨끗하고 시원한 물, 이온음료, 식염포도당 등을 작업장 인근에 상시 비치함",해당 사항 없음,해당없음,"섭취 주의사항 확인하였으며, 낱개형태의 식염포도당 혹은 분말형 이온음료 비치함",이해하였으며 관리 중임,이해함,이해함,특이사항 없음
2026-05-30 17:02,534,동탄lh스마트주차장,2026-05-30,꼼꼼히 읽어보았고 해당 내용 확인하였음,28,해당 사항 없음,금일 온열질환 예방 교육을 실시함 (TBM 혹은 별도 교육)|현장에 <온열질환 예방 수칙 OPS> 게시함,해당 사항 없음,해당없음,지급하고 있지 않음,이해하였으며 관리 중임,이해함,이해함,
2026-05-30 22:16,535,한진빌딩,2026-05-30,꼼꼼히 읽어보았고 해당 내용 확인하였음,28,해당 사항 없음,현장 내 온습도계를 비치하여 매시간 체감온도를 확인하고 근로자에게 전파하고 있음,해당 사항 없음,해당없음,"섭취 주의사항 확인하였으며, 낱개형태의 식염포도당 혹은 분말형 이온음료 비치함",이해하였으며 관리 중임,이해함,이해함,
2026-05-31 7:02,536,쿠팡인천30fc,2026-05-30,꼼꼼히 읽어보았고 해당 내용 확인하였음,24,해당 사항 없음,"금일 온열질환 예방 교육을 실시함 (TBM 혹은 별도 교육)|현장에 <온열질환 예방 수칙 OPS> 게시함|깨끗하고 시원한 물, 이온음료, 식염포도당 등을 작업장 인근에 상시 비치함|햇볕을 차단할 수 있는 그늘막 및 휴게공간을 제공함|무더위 시간대(14~17시) 사이에 실외 작업을 되도록 하지 않았음|실내, 옥외 작업 시 냉방장치를 설치 및 가동 중임|근로자 중 온열질환 민감군(※ 신규 배치자, 과거 온열질환 경력자, 고령자, 뇌심혈관질환자, 고·저혈압환자, 당뇨질환자, 신장질환자, 음주자, 장애인 등)을 파악하여 관리하고 있음|응급상황 대비 비상연락망을 구축하고, 인근 의료기관 및 구급차 진입로를 사전에 파악하고 있음",해당 사항 없음,해당없음,"섭취 주의사항 확인하였으며, 낱개형태의 식염포도당 혹은 분말형 이온음료 비치함",이해하였으며 관리 중임,이해함,이해함,
2026-05-31 10:08,537,한진부곡지점,2026-05-31,꼼꼼히 읽어보았고 해당 내용 확인하였음,32.4,해당 사항 없음,"현장에 <온열질환 예방 수칙 OPS> 게시함|깨끗하고 시원한 물, 이온음료, 식염포도당 등을 작업장 인근에 상시 비치함|햇볕을 차단할 수 있는 그늘막 및 휴게공간을 제공함|무더위 시간대(14~17시) 사이에 실외 작업을 되도록 하지 않았음|실내, 옥외 작업 시 냉방장치를 설치 및 가동 중임|응급상황 대비 비상연락망을 구축하고, 인근 의료기관 및 구급차 진입로를 사전에 파악하고 있음",해당 사항 없음,해당없음,지급하고 있지 않음,이해하였으며 관리 중임,이해함,이해함,
2026-05-31 10:09,538,쁨의원명동점,2026-05-31,꼼꼼히 읽어보았고 해당 내용 확인하였음,26,해당 사항 없음,"현장에 <온열질환 예방 수칙 OPS> 게시함|깨끗하고 시원한 물, 이온음료, 식염포도당 등을 작업장 인근에 상시 비치함|햇볕을 차단할 수 있는 그늘막 및 휴게공간을 제공함|무더위 시간대(14~17시) 사이에 실외 작업을 되도록 하지 않았음|실내, 옥외 작업 시 냉방장치를 설치 및 가동 중임|응급상황 대비 비상연락망을 구축하고, 인근 의료기관 및 구급차 진입로를 사전에 파악하고 있음",해당 사항 없음,해당없음,지급하고 있지 않음,이해하였으며 관리 중임,이해함,이해함,
2026-05-31 10:10,539,쁨의원강남점,2026-05-31,꼼꼼히 읽어보았고 해당 내용 확인하였음,27.2,해당 사항 없음,"현장에 <온열질환 예방 수칙 OPS> 게시함|깨끗하고 시원한 물, 이온음료, 식염포도당 등을 작업장 인근에 상시 비치함|햇볕을 차단할 수 있는 그늘막 및 휴게공간을 제공함|무더위 시간대(14~17시) 사이에 실외 작업을 되도록 하지 않았음|실내, 옥외 작업 시 냉방장치를 설치 및 가동 중임|응급상황 대비 비상연락망을 구축하고, 인근 의료기관 및 구급차 진입로를 사전에 파악하고 있음",해당 사항 없음,해당없음,지급하고 있지 않음,이해하였으며 관리 중임,이해함,이해함,
2026-05-31 10:10,540,한진시흥물류창고,2026-05-31,꼼꼼히 읽어보았고 해당 내용 확인하였음,26.6,해당 사항 없음,"현장에 <온열질환 예방 수칙 OPS> 게시함|깨끗하고 시원한 물, 이온음료, 식염포도당 등을 작업장 인근에 상시 비치함|햇볕을 차단할 수 있는 그늘막 및 휴게공간을 제공함|무더위 시간대(14~17시) 사이에 실외 작업을 되도록 하지 않았음|실내, 옥외 작업 시 냉방장치를 설치 및 가동 중임|응급상황 대비 비상연락망을 구축하고, 인근 의료기관 및 구급차 진입로를 사전에 파악하고 있음",해당 사항 없음,해당없음,지급하고 있지 않음,이해하였으며 관리 중임,이해함,이해함,
2026-05-31 10:12,541,한진안산물류창고,2026-05-31,꼼꼼히 읽어보았고 해당 내용 확인하였음,25.8,해당 사항 없음,"현장에 <온열질환 예방 수칙 OPS> 게시함|깨끗하고 시원한 물, 이온음료, 식염포도당 등을 작업장 인근에 상시 비치함|햇볕을 차단할 수 있는 그늘막 및 휴게공간을 제공함|무더위 시간대(14~17시) 사이에 실외 작업을 되도록 하지 않았음|실내, 옥외 작업 시 냉방장치를 설치 및 가동 중임|응급상황 대비 비상연락망을 구축하고, 인근 의료기관 및 구급차 진입로를 사전에 파악하고 있음",해당 사항 없음,해당없음,지급하고 있지 않음,이해하였으며 관리 중임,이해함,이해함,
2026-05-31 10:12,542,한진안산택배센터,2026-05-31,꼼꼼히 읽어보았고 해당 내용 확인하였음,25.8,해당 사항 없음,"현장에 <온열질환 예방 수칙 OPS> 게시함|깨끗하고 시원한 물, 이온음료, 식염포도당 등을 작업장 인근에 상시 비치함|햇볕을 차단할 수 있는 그늘막 및 휴게공간을 제공함|무더위 시간대(14~17시) 사이에 실외 작업을 되도록 하지 않았음|실내, 옥외 작업 시 냉방장치를 설치 및 가동 중임|응급상황 대비 비상연락망을 구축하고, 인근 의료기관 및 구급차 진입로를 사전에 파악하고 있음",해당 사항 없음,해당없음,지급하고 있지 않음,이해하였으며 관리 중임,이해함,이해함,
2026-05-31 10:13,543,한진인천SILO,2026-05-31,꼼꼼히 읽어보았고 해당 내용 확인하였음,25.4,해당 사항 없음,"현장에 <온열질환 예방 수칙 OPS> 게시함|깨끗하고 시원한 물, 이온음료, 식염포도당 등을 작업장 인근에 상시 비치함|햇볕을 차단할 수 있는 그늘막 및 휴게공간을 제공함|무더위 시간대(14~17시) 사이에 실외 작업을 되도록 하지 않았음|실내, 옥외 작업 시 냉방장치를 설치 및 가동 중임|응급상황 대비 비상연락망을 구축하고, 인근 의료기관 및 구급차 진입로를 사전에 파악하고 있음",해당 사항 없음,해당없음,지급하고 있지 않음,이해하였으며 관리 중임,이해함,이해함,
2026-05-31 10:14,544,한진인천택배센터,2026-05-31,꼼꼼히 읽어보았고 해당 내용 확인하였음,25.4,해당 사항 없음,"현장에 <온열질환 예방 수칙 OPS> 게시함|깨끗하고 시원한 물, 이온음료, 식염포도당 등을 작업장 인근에 상시 비치함|햇볕을 차단할 수 있는 그늘막 및 휴게공간을 제공함|무더위 시간대(14~17시) 사이에 실외 작업을 되도록 하지 않았음|실내, 옥외 작업 시 냉방장치를 설치 및 가동 중임|응급상황 대비 비상연락망을 구축하고, 인근 의료기관 및 구급차 진입로를 사전에 파악하고 있음",해당 사항 없음,해당없음,지급하고 있지 않음,이해하였으며 관리 중임,이해함,이해함,
2026-05-31 10:14,545,자라 잠실점,2026-05-31,꼼꼼히 읽어보았고 해당 내용 확인하였음,26,해당 사항 없음,"현장에 <온열질환 예방 수칙 OPS> 게시함|깨끗하고 시원한 물, 이온음료, 식염포도당 등을 작업장 인근에 상시 비치함|햇볕을 차단할 수 있는 그늘막 및 휴게공간을 제공함|무더위 시간대(14~17시) 사이에 실외 작업을 되도록 하지 않았음|실내, 옥외 작업 시 냉방장치를 설치 및 가동 중임|응급상황 대비 비상연락망을 구축하고, 인근 의료기관 및 구급차 진입로를 사전에 파악하고 있음",해당 사항 없음,해당없음,지급하고 있지 않음,이해하였으며 관리 중임,이해함,이해함,
2026-05-31 10:14,546,자라 명동점,2026-05-31,꼼꼼히 읽어보았고 해당 내용 확인하였음,25,해당 사항 없음,"현장에 <온열질환 예방 수칙 OPS> 게시함|깨끗하고 시원한 물, 이온음료, 식염포도당 등을 작업장 인근에 상시 비치함|햇볕을 차단할 수 있는 그늘막 및 휴게공간을 제공함|무더위 시간대(14~17시) 사이에 실외 작업을 되도록 하지 않았음|실내, 옥외 작업 시 냉방장치를 설치 및 가동 중임|응급상황 대비 비상연락망을 구축하고, 인근 의료기관 및 구급차 진입로를 사전에 파악하고 있음",해당 사항 없음,해당없음,지급하고 있지 않음,이해하였으며 관리 중임,이해함,이해함,
2026-05-31 10:15,547,자라 서울역점,2026-05-31,꼼꼼히 읽어보았고 해당 내용 확인하였음,25.1,해당 사항 없음,"현장에 <온열질환 예방 수칙 OPS> 게시함|깨끗하고 시원한 물, 이온음료, 식염포도당 등을 작업장 인근에 상시 비치함|무더위 시간대(14~17시) 사이에 실외 작업을 되도록 하지 않았음|실내, 옥외 작업 시 냉방장치를 설치 및 가동 중임|응급상황 대비 비상연락망을 구축하고, 인근 의료기관 및 구급차 진입로를 사전에 파악하고 있음",해당 사항 없음,해당없음,지급하고 있지 않음,이해하였으며 관리 중임,이해함,이해함,
2026-05-31 10:16,548,서우빌딩,2026-05-31,꼼꼼히 읽어보았고 해당 내용 확인하였음,26.2,해당 사항 없음,"현장에 <온열질환 예방 수칙 OPS> 게시함|깨끗하고 시원한 물, 이온음료, 식염포도당 등을 작업장 인근에 상시 비치함|햇볕을 차단할 수 있는 그늘막 및 휴게공간을 제공함|무더위 시간대(14~17시) 사이에 실외 작업을 되도록 하지 않았음|실내, 옥외 작업 시 냉방장치를 설치 및 가동 중임|응급상황 대비 비상연락망을 구축하고, 인근 의료기관 및 구급차 진입로를 사전에 파악하고 있음",해당 사항 없음,해당없음,지급하고 있지 않음,이해하였으며 관리 중임,이해함,이해함,
2026-05-31 10:17,549,RM물류센터,2026-05-31,꼼꼼히 읽어보았고 해당 내용 확인하였음,26.8,해당 사항 없음,"현장에 <온열질환 예방 수칙 OPS> 게시함|깨끗하고 시원한 물, 이온음료, 식염포도당 등을 작업장 인근에 상시 비치함|햇볕을 차단할 수 있는 그늘막 및 휴게공간을 제공함|무더위 시간대(14~17시) 사이에 실외 작업을 되도록 하지 않았음|실내, 옥외 작업 시 냉방장치를 설치 및 가동 중임|응급상황 대비 비상연락망을 구축하고, 인근 의료기관 및 구급차 진입로를 사전에 파악하고 있음",해당 사항 없음,해당없음,지급하고 있지 않음,이해하였으며 관리 중임,이해함,이해함,
2026-05-31 10:17,550,관동대학교,2026-05-31,꼼꼼히 읽어보았고 해당 내용 확인하였음,26.5,해당 사항 없음,"현장에 <온열질환 예방 수칙 OPS> 게시함|깨끗하고 시원한 물, 이온음료, 식염포도당 등을 작업장 인근에 상시 비치함|햇볕을 차단할 수 있는 그늘막 및 휴게공간을 제공함|무더위 시간대(14~17시) 사이에 실외 작업을 되도록 하지 않았음|실내, 옥외 작업 시 냉방장치를 설치 및 가동 중임|2인 1조  작업을 통해 근로자 간 상호 건강 상태를 수시로 확인하도록 하고 있음|응급상황 대비 비상연락망을 구축하고, 인근 의료기관 및 구급차 진입로를 사전에 파악하고 있음",해당 사항 없음,해당없음,지급하고 있지 않음,이해하였으며 관리 중임,이해함,이해함,
2026-05-31 10:18,551,관동대 산학협력단,2026-05-31,꼼꼼히 읽어보았고 해당 내용 확인하였음,26.5,해당 사항 없음,"현장에 <온열질환 예방 수칙 OPS> 게시함|깨끗하고 시원한 물, 이온음료, 식염포도당 등을 작업장 인근에 상시 비치함|햇볕을 차단할 수 있는 그늘막 및 휴게공간을 제공함|무더위 시간대(14~17시) 사이에 실외 작업을 되도록 하지 않았음|실내, 옥외 작업 시 냉방장치를 설치 및 가동 중임|2인 1조  작업을 통해 근로자 간 상호 건강 상태를 수시로 확인하도록 하고 있음|응급상황 대비 비상연락망을 구축하고, 인근 의료기관 및 구급차 진입로를 사전에 파악하고 있음",해당 사항 없음,해당없음,지급하고 있지 않음,이해하였으며 관리 중임,이해함,이해함,
2026-05-31 10:18,552,영통E-폴리스,2026-05-31,꼼꼼히 읽어보았고 해당 내용 확인하였음,25.4,해당 사항 없음,"현장에 <온열질환 예방 수칙 OPS> 게시함|깨끗하고 시원한 물, 이온음료, 식염포도당 등을 작업장 인근에 상시 비치함|햇볕을 차단할 수 있는 그늘막 및 휴게공간을 제공함|무더위 시간대(14~17시) 사이에 실외 작업을 되도록 하지 않았음|실내, 옥외 작업 시 냉방장치를 설치 및 가동 중임|2인 1조  작업을 통해 근로자 간 상호 건강 상태를 수시로 확인하도록 하고 있음|응급상황 대비 비상연락망을 구축하고, 인근 의료기관 및 구급차 진입로를 사전에 파악하고 있음",해당 사항 없음,해당없음,지급하고 있지 않음,이해하였으며 관리 중임,이해함,이해함,
2026-05-31 10:19,553,쿠팡인천30fc,2026-05-31,꼼꼼히 읽어보았고 해당 내용 확인하였음,26.8,해당 사항 없음,"금일 온열질환 예방 교육을 실시함 (TBM 혹은 별도 교육)|현장에 <온열질환 예방 수칙 OPS> 게시함|깨끗하고 시원한 물, 이온음료, 식염포도당 등을 작업장 인근에 상시 비치함|햇볕을 차단할 수 있는 그늘막 및 휴게공간을 제공함|무더위 시간대(14~17시) 사이에 실외 작업을 되도록 하지 않았음|실내, 옥외 작업 시 냉방장치를 설치 및 가동 중임|근로자 중 온열질환 민감군(※ 신규 배치자, 과거 온열질환 경력자, 고령자, 뇌심혈관질환자, 고·저혈압환자, 당뇨질환자, 신장질환자, 음주자, 장애인 등)을 파악하여 관리하고 있음|응급상황 대비 비상연락망을 구축하고, 인근 의료기관 및 구급차 진입로를 사전에 파악하고 있음",해당 사항 없음,해당없음,"섭취 주의사항 확인하였으며, 낱개형태의 식염포도당 혹은 분말형 이온음료 비치함",이해하였으며 관리 중임,이해함,이해함,
2026-05-31 10:19,554,공덕해링턴스퀘어,2026-05-31,꼼꼼히 읽어보았고 해당 내용 확인하였음,26.5,해당 사항 없음,"현장에 <온열질환 예방 수칙 OPS> 게시함|깨끗하고 시원한 물, 이온음료, 식염포도당 등을 작업장 인근에 상시 비치함|햇볕을 차단할 수 있는 그늘막 및 휴게공간을 제공함|무더위 시간대(14~17시) 사이에 실외 작업을 되도록 하지 않았음|실내, 옥외 작업 시 냉방장치를 설치 및 가동 중임|2인 1조  작업을 통해 근로자 간 상호 건강 상태를 수시로 확인하도록 하고 있음|응급상황 대비 비상연락망을 구축하고, 인근 의료기관 및 구급차 진입로를 사전에 파악하고 있음",해당 사항 없음,해당없음,지급하고 있지 않음,이해하였으며 관리 중임,이해함,이해함,
2026-05-31 10:19,555,NH통합IT센터,2026-05-31,꼼꼼히 읽어보았고 해당 내용 확인하였음,26.1,해당 사항 없음,"현장에 <온열질환 예방 수칙 OPS> 게시함|깨끗하고 시원한 물, 이온음료, 식염포도당 등을 작업장 인근에 상시 비치함|햇볕을 차단할 수 있는 그늘막 및 휴게공간을 제공함|무더위 시간대(14~17시) 사이에 실외 작업을 되도록 하지 않았음|실내, 옥외 작업 시 냉방장치를 설치 및 가동 중임|근로자 중 온열질환 민감군(※ 신규 배치자, 과거 온열질환 경력자, 고령자, 뇌심혈관질환자, 고·저혈압환자, 당뇨질환자, 신장질환자, 음주자, 장애인 등)을 파악하여 관리하고 있음|2인 1조  작업을 통해 근로자 간 상호 건강 상태를 수시로 확인하도록 하고 있음|응급상황 대비 비상연락망을 구축하고, 인근 의료기관 및 구급차 진입로를 사전에 파악하고 있음",해당 사항 없음,해당없음,지급하고 있지 않음,이해하였으며 관리 중임,이해함,이해함,
2026-05-31 10:20,556,백상빌딩,2026-05-31,꼼꼼히 읽어보았고 해당 내용 확인하였음,26.5,해당 사항 없음,"현장에 <온열질환 예방 수칙 OPS> 게시함|깨끗하고 시원한 물, 이온음료, 식염포도당 등을 작업장 인근에 상시 비치함|햇볕을 차단할 수 있는 그늘막 및 휴게공간을 제공함|실내, 옥외 작업 시 냉방장치를 설치 및 가동 중임|근로자에게 쿨토시, 아이스 조끼 등 냉감용품을 지급함|근로자 중 온열질환 민감군(※ 신규 배치자, 과거 온열질환 경력자, 고령자, 뇌심혈관질환자, 고·저혈압환자, 당뇨질환자, 신장질환자, 음주자, 장애인 등)을 파악하여 관리하고 있음|응급상황 대비 비상연락망을 구축하고, 인근 의료기관 및 구급차 진입로를 사전에 파악하고 있음",해당 사항 없음,해당없음,지급하고 있지 않음,이해하였으며 관리 중임,이해함,이해함,
2026-05-31 10:21,557,한진인천GDC,2026-05-31,꼼꼼히 읽어보았고 해당 내용 확인하였음,24.9,해당 사항 없음,"현장에 <온열질환 예방 수칙 OPS> 게시함|깨끗하고 시원한 물, 이온음료, 식염포도당 등을 작업장 인근에 상시 비치함|햇볕을 차단할 수 있는 그늘막 및 휴게공간을 제공함|무더위 시간대(14~17시) 사이에 실외 작업을 되도록 하지 않았음|실내, 옥외 작업 시 냉방장치를 설치 및 가동 중임|근로자 중 온열질환 민감군(※ 신규 배치자, 과거 온열질환 경력자, 고령자, 뇌심혈관질환자, 고·저혈압환자, 당뇨질환자, 신장질환자, 음주자, 장애인 등)을 파악하여 관리하고 있음|2인 1조  작업을 통해 근로자 간 상호 건강 상태를 수시로 확인하도록 하고 있음|응급상황 대비 비상연락망을 구축하고, 인근 의료기관 및 구급차 진입로를 사전에 파악하고 있음",해당 사항 없음,해당없음,지급하고 있지 않음,이해하였으며 관리 중임,이해함,이해함,
2026-05-31 10:21,558,페덱스물류센터,2026-05-31,꼼꼼히 읽어보았고 해당 내용 확인하였음,24.2,해당 사항 없음,"현장에 <온열질환 예방 수칙 OPS> 게시함|깨끗하고 시원한 물, 이온음료, 식염포도당 등을 작업장 인근에 상시 비치함|햇볕을 차단할 수 있는 그늘막 및 휴게공간을 제공함|무더위 시간대(14~17시) 사이에 실외 작업을 되도록 하지 않았음|실내, 옥외 작업 시 냉방장치를 설치 및 가동 중임|근로자 중 온열질환 민감군(※ 신규 배치자, 과거 온열질환 경력자, 고령자, 뇌심혈관질환자, 고·저혈압환자, 당뇨질환자, 신장질환자, 음주자, 장애인 등)을 파악하여 관리하고 있음|2인 1조  작업을 통해 근로자 간 상호 건강 상태를 수시로 확인하도록 하고 있음|응급상황 대비 비상연락망을 구축하고, 인근 의료기관 및 구급차 진입로를 사전에 파악하고 있음",해당 사항 없음,해당없음,지급하고 있지 않음,이해하였으며 관리 중임,이해함,이해함,
2026-05-31 10:22,559,한진물류 용인,2026-05-31,꼼꼼히 읽어보았고 해당 내용 확인하였음,26.2,해당 사항 없음,"현장에 <온열질환 예방 수칙 OPS> 게시함|깨끗하고 시원한 물, 이온음료, 식염포도당 등을 작업장 인근에 상시 비치함|햇볕을 차단할 수 있는 그늘막 및 휴게공간을 제공함|무더위 시간대(14~17시) 사이에 실외 작업을 되도록 하지 않았음|실내, 옥외 작업 시 냉방장치를 설치 및 가동 중임|근로자 중 온열질환 민감군(※ 신규 배치자, 과거 온열질환 경력자, 고령자, 뇌심혈관질환자, 고·저혈압환자, 당뇨질환자, 신장질환자, 음주자, 장애인 등)을 파악하여 관리하고 있음|응급상황 대비 비상연락망을 구축하고, 인근 의료기관 및 구급차 진입로를 사전에 파악하고 있음",해당 사항 없음,해당없음,지급하고 있지 않음,이해하였으며 관리 중임,이해함,이해함,
2026-05-31 10:22,560,BS성수타워,2026-05-31,꼼꼼히 읽어보았고 해당 내용 확인하였음,25.1,해당 사항 없음,"현장에 <온열질환 예방 수칙 OPS> 게시함|깨끗하고 시원한 물, 이온음료, 식염포도당 등을 작업장 인근에 상시 비치함|햇볕을 차단할 수 있는 그늘막 및 휴게공간을 제공함|무더위 시간대(14~17시) 사이에 실외 작업을 되도록 하지 않았음|실내, 옥외 작업 시 냉방장치를 설치 및 가동 중임|근로자 중 온열질환 민감군(※ 신규 배치자, 과거 온열질환 경력자, 고령자, 뇌심혈관질환자, 고·저혈압환자, 당뇨질환자, 신장질환자, 음주자, 장애인 등)을 파악하여 관리하고 있음|응급상황 대비 비상연락망을 구축하고, 인근 의료기관 및 구급차 진입로를 사전에 파악하고 있음",해당 사항 없음,해당없음,지급하고 있지 않음,이해하였으며 관리 중임,이해함,이해함,
2026-05-31 10:26,561,현대자동차 군산하이테크센터,2026-05-26,꼼꼼히 읽어보았고 해당 내용 확인하였음,25.4,해당 사항 없음,"현장에 <온열질환 예방 수칙 OPS> 게시함|깨끗하고 시원한 물, 이온음료, 식염포도당 등을 작업장 인근에 상시 비치함|햇볕을 차단할 수 있는 그늘막 및 휴게공간을 제공함|무더위 시간대(14~17시) 사이에 실외 작업을 되도록 하지 않았음|실내, 옥외 작업 시 냉방장치를 설치 및 가동 중임|근로자 중 온열질환 민감군(※ 신규 배치자, 과거 온열질환 경력자, 고령자, 뇌심혈관질환자, 고·저혈압환자, 당뇨질환자, 신장질환자, 음주자, 장애인 등)을 파악하여 관리하고 있음|응급상황 대비 비상연락망을 구축하고, 인근 의료기관 및 구급차 진입로를 사전에 파악하고 있음",해당 사항 없음,해당없음,지급하고 있지 않음,이해하였으며 관리 중임,이해함,이해함,
2026-05-31 10:26,562,현대자동차 군산하이테크센터,2026-05-27,꼼꼼히 읽어보았고 해당 내용 확인하였음,25.7,해당 사항 없음,"현장에 <온열질환 예방 수칙 OPS> 게시함|깨끗하고 시원한 물, 이온음료, 식염포도당 등을 작업장 인근에 상시 비치함|햇볕을 차단할 수 있는 그늘막 및 휴게공간을 제공함|무더위 시간대(14~17시) 사이에 실외 작업을 되도록 하지 않았음|실내, 옥외 작업 시 냉방장치를 설치 및 가동 중임|근로자 중 온열질환 민감군(※ 신규 배치자, 과거 온열질환 경력자, 고령자, 뇌심혈관질환자, 고·저혈압환자, 당뇨질환자, 신장질환자, 음주자, 장애인 등)을 파악하여 관리하고 있음|응급상황 대비 비상연락망을 구축하고, 인근 의료기관 및 구급차 진입로를 사전에 파악하고 있음",해당 사항 없음,해당없음,지급하고 있지 않음,이해하였으며 관리 중임,이해함,이해함,
2026-05-31 10:27,563,현대자동차 군산하이테크센터,2026-05-28,꼼꼼히 읽어보았고 해당 내용 확인하였음,26.1,해당 사항 없음,"현장에 <온열질환 예방 수칙 OPS> 게시함|깨끗하고 시원한 물, 이온음료, 식염포도당 등을 작업장 인근에 상시 비치함|햇볕을 차단할 수 있는 그늘막 및 휴게공간을 제공함|무더위 시간대(14~17시) 사이에 실외 작업을 되도록 하지 않았음|실내, 옥외 작업 시 냉방장치를 설치 및 가동 중임|근로자 중 온열질환 민감군(※ 신규 배치자, 과거 온열질환 경력자, 고령자, 뇌심혈관질환자, 고·저혈압환자, 당뇨질환자, 신장질환자, 음주자, 장애인 등)을 파악하여 관리하고 있음|응급상황 대비 비상연락망을 구축하고, 인근 의료기관 및 구급차 진입로를 사전에 파악하고 있음",해당 사항 없음,해당없음,지급하고 있지 않음,이해하였으며 관리 중임,이해함,이해함,
2026-05-31 10:27,564,현대자동차 군산하이테크센터,2026-05-29,꼼꼼히 읽어보았고 해당 내용 확인하였음,26.2,해당 사항 없음,"현장에 <온열질환 예방 수칙 OPS> 게시함|깨끗하고 시원한 물, 이온음료, 식염포도당 등을 작업장 인근에 상시 비치함|햇볕을 차단할 수 있는 그늘막 및 휴게공간을 제공함|무더위 시간대(14~17시) 사이에 실외 작업을 되도록 하지 않았음|실내, 옥외 작업 시 냉방장치를 설치 및 가동 중임|근로자 중 온열질환 민감군(※ 신규 배치자, 과거 온열질환 경력자, 고령자, 뇌심혈관질환자, 고·저혈압환자, 당뇨질환자, 신장질환자, 음주자, 장애인 등)을 파악하여 관리하고 있음|응급상황 대비 비상연락망을 구축하고, 인근 의료기관 및 구급차 진입로를 사전에 파악하고 있음",해당 사항 없음,해당없음,지급하고 있지 않음,이해하였으며 관리 중임,이해함,이해함,
2026-05-31 10:28,565,현대자동차 군산하이테크센터,2026-05-30,꼼꼼히 읽어보았고 해당 내용 확인하였음,26.4,해당 사항 없음,"현장에 <온열질환 예방 수칙 OPS> 게시함|깨끗하고 시원한 물, 이온음료, 식염포도당 등을 작업장 인근에 상시 비치함|햇볕을 차단할 수 있는 그늘막 및 휴게공간을 제공함|무더위 시간대(14~17시) 사이에 실외 작업을 되도록 하지 않았음|실내, 옥외 작업 시 냉방장치를 설치 및 가동 중임|근로자 중 온열질환 민감군(※ 신규 배치자, 과거 온열질환 경력자, 고령자, 뇌심혈관질환자, 고·저혈압환자, 당뇨질환자, 신장질환자, 음주자, 장애인 등)을 파악하여 관리하고 있음|응급상황 대비 비상연락망을 구축하고, 인근 의료기관 및 구급차 진입로를 사전에 파악하고 있음",해당 사항 없음,해당없음,지급하고 있지 않음,이해하였으며 관리 중임,이해함,이해함,
2026-05-31 10:28,566,현대자동차 군산하이테크센터,2026-05-31,꼼꼼히 읽어보았고 해당 내용 확인하였음,26.1,해당 사항 없음,"현장에 <온열질환 예방 수칙 OPS> 게시함|깨끗하고 시원한 물, 이온음료, 식염포도당 등을 작업장 인근에 상시 비치함|햇볕을 차단할 수 있는 그늘막 및 휴게공간을 제공함|무더위 시간대(14~17시) 사이에 실외 작업을 되도록 하지 않았음|실내, 옥외 작업 시 냉방장치를 설치 및 가동 중임|근로자 중 온열질환 민감군(※ 신규 배치자, 과거 온열질환 경력자, 고령자, 뇌심혈관질환자, 고·저혈압환자, 당뇨질환자, 신장질환자, 음주자, 장애인 등)을 파악하여 관리하고 있음|응급상황 대비 비상연락망을 구축하고, 인근 의료기관 및 구급차 진입로를 사전에 파악하고 있음",해당 사항 없음,해당없음,지급하고 있지 않음,이해하였으며 관리 중임,이해함,이해함,
2026-05-31 10:29,567,현대자동차 전주하이테크센터,2026-05-26,꼼꼼히 읽어보았고 해당 내용 확인하였음,27.1,해당 사항 없음,"현장에 <온열질환 예방 수칙 OPS> 게시함|깨끗하고 시원한 물, 이온음료, 식염포도당 등을 작업장 인근에 상시 비치함|햇볕을 차단할 수 있는 그늘막 및 휴게공간을 제공함|무더위 시간대(14~17시) 사이에 실외 작업을 되도록 하지 않았음|실내, 옥외 작업 시 냉방장치를 설치 및 가동 중임|근로자 중 온열질환 민감군(※ 신규 배치자, 과거 온열질환 경력자, 고령자, 뇌심혈관질환자, 고·저혈압환자, 당뇨질환자, 신장질환자, 음주자, 장애인 등)을 파악하여 관리하고 있음|응급상황 대비 비상연락망을 구축하고, 인근 의료기관 및 구급차 진입로를 사전에 파악하고 있음",해당 사항 없음,해당없음,지급하고 있지 않음,이해하였으며 관리 중임,이해함,이해함,
2026-05-31 10:29,568,현대자동차 전주하이테크센터,2026-05-27,꼼꼼히 읽어보았고 해당 내용 확인하였음,28.3,해당 사항 없음,"현장에 <온열질환 예방 수칙 OPS> 게시함|깨끗하고 시원한 물, 이온음료, 식염포도당 등을 작업장 인근에 상시 비치함|햇볕을 차단할 수 있는 그늘막 및 휴게공간을 제공함|무더위 시간대(14~17시) 사이에 실외 작업을 되도록 하지 않았음|실내, 옥외 작업 시 냉방장치를 설치 및 가동 중임|근로자 중 온열질환 민감군(※ 신규 배치자, 과거 온열질환 경력자, 고령자, 뇌심혈관질환자, 고·저혈압환자, 당뇨질환자, 신장질환자, 음주자, 장애인 등)을 파악하여 관리하고 있음|응급상황 대비 비상연락망을 구축하고, 인근 의료기관 및 구급차 진입로를 사전에 파악하고 있음",해당 사항 없음,해당없음,지급하고 있지 않음,이해하였으며 관리 중임,이해함,이해함,
2026-05-31 10:30,569,현대자동차 전주하이테크센터,2026-05-28,꼼꼼히 읽어보았고 해당 내용 확인하였음,28.3,해당 사항 없음,"현장에 <온열질환 예방 수칙 OPS> 게시함|깨끗하고 시원한 물, 이온음료, 식염포도당 등을 작업장 인근에 상시 비치함|햇볕을 차단할 수 있는 그늘막 및 휴게공간을 제공함|무더위 시간대(14~17시) 사이에 실외 작업을 되도록 하지 않았음|실내, 옥외 작업 시 냉방장치를 설치 및 가동 중임|근로자 중 온열질환 민감군(※ 신규 배치자, 과거 온열질환 경력자, 고령자, 뇌심혈관질환자, 고·저혈압환자, 당뇨질환자, 신장질환자, 음주자, 장애인 등)을 파악하여 관리하고 있음|응급상황 대비 비상연락망을 구축하고, 인근 의료기관 및 구급차 진입로를 사전에 파악하고 있음",해당 사항 없음,해당없음,지급하고 있지 않음,이해하였으며 관리 중임,이해함,이해함,
2026-05-31 10:30,570,현대자동차 전주하이테크센터,2026-05-29,꼼꼼히 읽어보았고 해당 내용 확인하였음,29.1,해당 사항 없음,"현장에 <온열질환 예방 수칙 OPS> 게시함|깨끗하고 시원한 물, 이온음료, 식염포도당 등을 작업장 인근에 상시 비치함|햇볕을 차단할 수 있는 그늘막 및 휴게공간을 제공함|무더위 시간대(14~17시) 사이에 실외 작업을 되도록 하지 않았음|실내, 옥외 작업 시 냉방장치를 설치 및 가동 중임|근로자 중 온열질환 민감군(※ 신규 배치자, 과거 온열질환 경력자, 고령자, 뇌심혈관질환자, 고·저혈압환자, 당뇨질환자, 신장질환자, 음주자, 장애인 등)을 파악하여 관리하고 있음|응급상황 대비 비상연락망을 구축하고, 인근 의료기관 및 구급차 진입로를 사전에 파악하고 있음",해당 사항 없음,해당없음,지급하고 있지 않음,이해하였으며 관리 중임,이해함,이해함,
2026-05-31 10:30,571,현대자동차 전주하이테크센터,2026-05-30,꼼꼼히 읽어보았고 해당 내용 확인하였음,28.3,해당 사항 없음,"현장에 <온열질환 예방 수칙 OPS> 게시함|깨끗하고 시원한 물, 이온음료, 식염포도당 등을 작업장 인근에 상시 비치함|햇볕을 차단할 수 있는 그늘막 및 휴게공간을 제공함|무더위 시간대(14~17시) 사이에 실외 작업을 되도록 하지 않았음|실내, 옥외 작업 시 냉방장치를 설치 및 가동 중임|근로자 중 온열질환 민감군(※ 신규 배치자, 과거 온열질환 경력자, 고령자, 뇌심혈관질환자, 고·저혈압환자, 당뇨질환자, 신장질환자, 음주자, 장애인 등)을 파악하여 관리하고 있음|응급상황 대비 비상연락망을 구축하고, 인근 의료기관 및 구급차 진입로를 사전에 파악하고 있음",해당 사항 없음,해당없음,"섭취 주의사항 확인하였으며, 낱개형태의 식염포도당 혹은 분말형 이온음료 비치함",이해하였으며 관리 중임,이해함,이해함,
2026-05-31 10:31,572,현대자동차 전주하이테크센터,2026-05-31,꼼꼼히 읽어보았고 해당 내용 확인하였음,27.2,해당 사항 없음,"현장에 <온열질환 예방 수칙 OPS> 게시함|깨끗하고 시원한 물, 이온음료, 식염포도당 등을 작업장 인근에 상시 비치함|햇볕을 차단할 수 있는 그늘막 및 휴게공간을 제공함|무더위 시간대(14~17시) 사이에 실외 작업을 되도록 하지 않았음|실내, 옥외 작업 시 냉방장치를 설치 및 가동 중임|근로자 중 온열질환 민감군(※ 신규 배치자, 과거 온열질환 경력자, 고령자, 뇌심혈관질환자, 고·저혈압환자, 당뇨질환자, 신장질환자, 음주자, 장애인 등)을 파악하여 관리하고 있음|응급상황 대비 비상연락망을 구축하고, 인근 의료기관 및 구급차 진입로를 사전에 파악하고 있음",해당 사항 없음,해당없음,지급하고 있지 않음,이해하였으며 관리 중임,이해함,이해함,
2026-05-31 10:31,573,현대자동차 광주하이테크센터,2026-05-26,꼼꼼히 읽어보았고 해당 내용 확인하였음,26.2,해당 사항 없음,"현장에 <온열질환 예방 수칙 OPS> 게시함|깨끗하고 시원한 물, 이온음료, 식염포도당 등을 작업장 인근에 상시 비치함|햇볕을 차단할 수 있는 그늘막 및 휴게공간을 제공함|무더위 시간대(14~17시) 사이에 실외 작업을 되도록 하지 않았음|실내, 옥외 작업 시 냉방장치를 설치 및 가동 중임|근로자 중 온열질환 민감군(※ 신규 배치자, 과거 온열질환 경력자, 고령자, 뇌심혈관질환자, 고·저혈압환자, 당뇨질환자, 신장질환자, 음주자, 장애인 등)을 파악하여 관리하고 있음|응급상황 대비 비상연락망을 구축하고, 인근 의료기관 및 구급차 진입로를 사전에 파악하고 있음",해당 사항 없음,해당없음,지급하고 있지 않음,이해하였으며 관리 중임,이해함,이해함,
2026-05-31 10:32,574,현대자동차 광주하이테크센터,2026-05-27,꼼꼼히 읽어보았고 해당 내용 확인하였음,27.3,해당 사항 없음,"현장에 <온열질환 예방 수칙 OPS> 게시함|깨끗하고 시원한 물, 이온음료, 식염포도당 등을 작업장 인근에 상시 비치함|햇볕을 차단할 수 있는 그늘막 및 휴게공간을 제공함|무더위 시간대(14~17시) 사이에 실외 작업을 되도록 하지 않았음|실내, 옥외 작업 시 냉방장치를 설치 및 가동 중임|근로자 중 온열질환 민감군(※ 신규 배치자, 과거 온열질환 경력자, 고령자, 뇌심혈관질환자, 고·저혈압환자, 당뇨질환자, 신장질환자, 음주자, 장애인 등)을 파악하여 관리하고 있음|응급상황 대비 비상연락망을 구축하고, 인근 의료기관 및 구급차 진입로를 사전에 파악하고 있음",해당 사항 없음,해당없음,지급하고 있지 않음,이해하였으며 관리 중임,이해함,이해함,
2026-05-31 10:32,575,현대자동차 광주하이테크센터,2026-05-28,꼼꼼히 읽어보았고 해당 내용 확인하였음,28.1,해당 사항 없음,"현장에 <온열질환 예방 수칙 OPS> 게시함|깨끗하고 시원한 물, 이온음료, 식염포도당 등을 작업장 인근에 상시 비치함|햇볕을 차단할 수 있는 그늘막 및 휴게공간을 제공함|무더위 시간대(14~17시) 사이에 실외 작업을 되도록 하지 않았음|실내, 옥외 작업 시 냉방장치를 설치 및 가동 중임|근로자 중 온열질환 민감군(※ 신규 배치자, 과거 온열질환 경력자, 고령자, 뇌심혈관질환자, 고·저혈압환자, 당뇨질환자, 신장질환자, 음주자, 장애인 등)을 파악하여 관리하고 있음|응급상황 대비 비상연락망을 구축하고, 인근 의료기관 및 구급차 진입로를 사전에 파악하고 있음",해당 사항 없음,해당없음,지급하고 있지 않음,이해하였으며 관리 중임,이해함,이해함,
2026-05-31 10:33,576,현대자동차 광주하이테크센터,2026-05-29,꼼꼼히 읽어보았고 해당 내용 확인하였음,27.3,해당 사항 없음,"현장에 <온열질환 예방 수칙 OPS> 게시함|깨끗하고 시원한 물, 이온음료, 식염포도당 등을 작업장 인근에 상시 비치함|햇볕을 차단할 수 있는 그늘막 및 휴게공간을 제공함|무더위 시간대(14~17시) 사이에 실외 작업을 되도록 하지 않았음|실내, 옥외 작업 시 냉방장치를 설치 및 가동 중임|근로자 중 온열질환 민감군(※ 신규 배치자, 과거 온열질환 경력자, 고령자, 뇌심혈관질환자, 고·저혈압환자, 당뇨질환자, 신장질환자, 음주자, 장애인 등)을 파악하여 관리하고 있음|응급상황 대비 비상연락망을 구축하고, 인근 의료기관 및 구급차 진입로를 사전에 파악하고 있음",해당 사항 없음,해당없음,지급하고 있지 않음,이해하였으며 관리 중임,이해함,이해함,
2026-05-31 10:33,577,현대자동차 광주하이테크센터,2026-05-30,꼼꼼히 읽어보았고 해당 내용 확인하였음,26.8,해당 사항 없음,"현장에 <온열질환 예방 수칙 OPS> 게시함|깨끗하고 시원한 물, 이온음료, 식염포도당 등을 작업장 인근에 상시 비치함|햇볕을 차단할 수 있는 그늘막 및 휴게공간을 제공함|무더위 시간대(14~17시) 사이에 실외 작업을 되도록 하지 않았음|실내, 옥외 작업 시 냉방장치를 설치 및 가동 중임|근로자 중 온열질환 민감군(※ 신규 배치자, 과거 온열질환 경력자, 고령자, 뇌심혈관질환자, 고·저혈압환자, 당뇨질환자, 신장질환자, 음주자, 장애인 등)을 파악하여 관리하고 있음|응급상황 대비 비상연락망을 구축하고, 인근 의료기관 및 구급차 진입로를 사전에 파악하고 있음",해당 사항 없음,해당없음,지급하고 있지 않음,이해하였으며 관리 중임,이해함,이해함,
2026-05-31 10:34,578,현대자동차 광주하이테크센터,2026-05-31,꼼꼼히 읽어보았고 해당 내용 확인하였음,26.2,해당 사항 없음,"현장에 <온열질환 예방 수칙 OPS> 게시함|깨끗하고 시원한 물, 이온음료, 식염포도당 등을 작업장 인근에 상시 비치함|햇볕을 차단할 수 있는 그늘막 및 휴게공간을 제공함|무더위 시간대(14~17시) 사이에 실외 작업을 되도록 하지 않았음|실내, 옥외 작업 시 냉방장치를 설치 및 가동 중임|근로자 중 온열질환 민감군(※ 신규 배치자, 과거 온열질환 경력자, 고령자, 뇌심혈관질환자, 고·저혈압환자, 당뇨질환자, 신장질환자, 음주자, 장애인 등)을 파악하여 관리하고 있음|응급상황 대비 비상연락망을 구축하고, 인근 의료기관 및 구급차 진입로를 사전에 파악하고 있음",해당 사항 없음,해당없음,지급하고 있지 않음,이해하였으며 관리 중임,이해함,이해함,
2026-05-31 10:43,579,쿠팡인천17fc,2026-05-31,꼼꼼히 읽어보았고 해당 내용 확인하였음,25.3,해당 사항 없음,"금일 온열질환 예방 교육을 실시함 (TBM 혹은 별도 교육)|현장에 <온열질환 예방 수칙 OPS> 게시함|깨끗하고 시원한 물, 이온음료, 식염포도당 등을 작업장 인근에 상시 비치함|햇볕을 차단할 수 있는 그늘막 및 휴게공간을 제공함|무더위 시간대(14~17시) 사이에 실외 작업을 되도록 하지 않았음|실내, 옥외 작업 시 냉방장치를 설치 및 가동 중임|근로자 중 온열질환 민감군(※ 신규 배치자, 과거 온열질환 경력자, 고령자, 뇌심혈관질환자, 고·저혈압환자, 당뇨질환자, 신장질환자, 음주자, 장애인 등)을 파악하여 관리하고 있음|응급상황 대비 비상연락망을 구축하고, 인근 의료기관 및 구급차 진입로를 사전에 파악하고 있음",해당 사항 없음,해당없음,지급하고 있지 않음,이해하였으며 관리 중임,이해함,이해함,
2026-05-31 12:30,580,GS칼텍스 내곡,2026-05-31,꼼꼼히 읽어보았고 해당 내용 확인하였음,26.5,해당 사항 없음,"현장 내 온습도계를 비치하여 매시간 체감온도를 확인하고 근로자에게 전파하고 있음|금일 온열질환 예방 교육을 실시함 (TBM 혹은 별도 교육)|현장에 <온열질환 예방 수칙 OPS> 게시함|깨끗하고 시원한 물, 이온음료, 식염포도당 등을 작업장 인근에 상시 비치함|햇볕을 차단할 수 있는 그늘막 및 휴게공간을 제공함|체감온도 33℃ 이상이 되는 작업장소에서 폭염작업을 하는 경우 매 2시간 이내 20분 이상의 휴식을 취하도록 함 (1시간마다 10분 이상의 휴식을 부여하는 것도 가능)|무더위 시간대(14~17시) 사이에 실외 작업을 되도록 하지 않았음|실내, 옥외 작업 시 냉방장치를 설치 및 가동 중임|근로자에게 쿨토시, 아이스 조끼 등 냉감용품을 지급함|근로자 중 온열질환 민감군(※ 신규 배치자, 과거 온열질환 경력자, 고령자, 뇌심혈관질환자, 고·저혈압환자, 당뇨질환자, 신장질환자, 음주자, 장애인 등)을 파악하여 관리하고 있음|2인 1조  작업을 통해 근로자 간 상호 건강 상태를 수시로 확인하도록 하고 있음|응급상황 대비 비상연락망을 구축하고, 인근 의료기관 및 구급차 진입로를 사전에 파악하고 있음",해당 사항 없음,해당없음,"섭취 주의사항 확인하였으며, 대용량 식염포도당 비치함",이해하였으며 관리 중임,이해함,이해함,
2026-05-31 13:05,581,파크원 LG에너지솔루션,2026-05-31,꼼꼼히 읽어보았고 해당 내용 확인하였음,23.8,해당 사항 없음,"현장 내 온습도계를 비치하여 매시간 체감온도를 확인하고 근로자에게 전파하고 있음|현장에 <온열질환 예방 수칙 OPS> 게시함|깨끗하고 시원한 물, 이온음료, 식염포도당 등을 작업장 인근에 상시 비치함|응급상황 대비 비상연락망을 구축하고, 인근 의료기관 및 구급차 진입로를 사전에 파악하고 있음",해당 사항 없음,해당없음,"섭취 주의사항 확인하였으며, 낱개형태의 식염포도당 혹은 분말형 이온음료 비치함",이해하였으며 관리 중임,이해함,이해함,
2026-05-31 13:22,582,건와빌딩,2026-05-31,꼼꼼히 읽어보았고 해당 내용 확인하였음,25.8,해당 사항 없음,"현장 내 온습도계를 비치하여 매시간 체감온도를 확인하고 근로자에게 전파하고 있음|금일 온열질환 예방 교육을 실시함 (TBM 혹은 별도 교육)|현장에 <온열질환 예방 수칙 OPS> 게시함|깨끗하고 시원한 물, 이온음료, 식염포도당 등을 작업장 인근에 상시 비치함|햇볕을 차단할 수 있는 그늘막 및 휴게공간을 제공함|체감온도 33℃ 이상이 되는 작업장소에서 폭염작업을 하는 경우 매 2시간 이내 20분 이상의 휴식을 취하도록 함 (1시간마다 10분 이상의 휴식을 부여하는 것도 가능)|무더위 시간대(14~17시) 사이에 실외 작업을 되도록 하지 않았음|실내, 옥외 작업 시 냉방장치를 설치 및 가동 중임|근로자에게 쿨토시, 아이스 조끼 등 냉감용품을 지급함|근로자 중 온열질환 민감군(※ 신규 배치자, 과거 온열질환 경력자, 고령자, 뇌심혈관질환자, 고·저혈압환자, 당뇨질환자, 신장질환자, 음주자, 장애인 등)을 파악하여 관리하고 있음|2인 1조  작업을 통해 근로자 간 상호 건강 상태를 수시로 확인하도록 하고 있음|응급상황 대비 비상연락망을 구축하고, 인근 의료기관 및 구급차 진입로를 사전에 파악하고 있음",해당 사항 없음,해당없음,지급하고 있지 않음,이해하였으며 관리 중임,이해함,이해함,
2026-05-31 14:10,583,GS칼텍스 죽전,2026-05-31,꼼꼼히 읽어보았고 해당 내용 확인하였음,26.8,해당 사항 없음,"현장 내 온습도계를 비치하여 매시간 체감온도를 확인하고 근로자에게 전파하고 있음|깨끗하고 시원한 물, 이온음료, 식염포도당 등을 작업장 인근에 상시 비치함",해당 사항 없음,해당없음,"섭취 주의사항 확인하였으며, 낱개형태의 식염포도당 혹은 분말형 이온음료 비치함",이해하였으며 관리 중임,이해함,이해함,특이사항 없음
2026-05-31 14:10,584,쿠팡 부천1FC,2026-05-31,꼼꼼히 읽어보았고 해당 내용 확인하였음,31.9,해당 사항 없음,"현장 내 온습도계를 비치하여 매시간 체감온도를 확인하고 근로자에게 전파하고 있음|금일 온열질환 예방 교육을 실시함 (TBM 혹은 별도 교육)|현장에 <온열질환 예방 수칙 OPS> 게시함|깨끗하고 시원한 물, 이온음료, 식염포도당 등을 작업장 인근에 상시 비치함|체감온도 33℃ 이상이 되는 작업장소에서 폭염작업을 하는 경우 매 2시간 이내 20분 이상의 휴식을 취하도록 함 (1시간마다 10분 이상의 휴식을 부여하는 것도 가능)|실내, 옥외 작업 시 냉방장치를 설치 및 가동 중임|근로자 중 온열질환 민감군(※ 신규 배치자, 과거 온열질환 경력자, 고령자, 뇌심혈관질환자, 고·저혈압환자, 당뇨질환자, 신장질환자, 음주자, 장애인 등)을 파악하여 관리하고 있음|응급상황 대비 비상연락망을 구축하고, 인근 의료기관 및 구급차 진입로를 사전에 파악하고 있음",해당 사항 없음,해당없음,"섭취 주의사항 확인하였으며, 대용량 식염포도당 비치함",이해하였으며 관리 중임,이해함,이해함,"급성질환 유무(두통,어지럼증,피로감등) 확인"
2026-05-31 14:22,585,인천 TW1,2026-05-31,꼼꼼히 읽어보았고 해당 내용 확인하였음,24.5,해당 사항 없음,"금일 온열질환 예방 교육을 실시함 (TBM 혹은 별도 교육)|현장에 <온열질환 예방 수칙 OPS> 게시함|깨끗하고 시원한 물, 이온음료, 식염포도당 등을 작업장 인근에 상시 비치함|햇볕을 차단할 수 있는 그늘막 및 휴게공간을 제공함|체감온도 33℃ 이상이 되는 작업장소에서 폭염작업을 하는 경우 매 2시간 이내 20분 이상의 휴식을 취하도록 함 (1시간마다 10분 이상의 휴식을 부여하는 것도 가능)|무더위 시간대(14~17시) 사이에 실외 작업을 되도록 하지 않았음|실내, 옥외 작업 시 냉방장치를 설치 및 가동 중임|근로자 중 온열질환 민감군(※ 신규 배치자, 과거 온열질환 경력자, 고령자, 뇌심혈관질환자, 고·저혈압환자, 당뇨질환자, 신장질환자, 음주자, 장애인 등)을 파악하여 관리하고 있음|2인 1조  작업을 통해 근로자 간 상호 건강 상태를 수시로 확인하도록 하고 있음|응급상황 대비 비상연락망을 구축하고, 인근 의료기관 및 구급차 진입로를 사전에 파악하고 있음",해당 사항 없음,해당없음,"섭취 주의사항 확인하였으며, 대용량 식염포도당 비치함",이해하였으며 관리 중임,이해함,이해함,
2026-05-31 14:58,586,쿠팡 양산1fc,2026-05-31,꼼꼼히 읽어보았고 해당 내용 확인하였음,30.5,해당 사항 없음,"현장 내 온습도계를 비치하여 매시간 체감온도를 확인하고 근로자에게 전파하고 있음|금일 온열질환 예방 교육을 실시함 (TBM 혹은 별도 교육)|현장에 <온열질환 예방 수칙 OPS> 게시함|햇볕을 차단할 수 있는 그늘막 및 휴게공간을 제공함|체감온도 33℃ 이상이 되는 작업장소에서 폭염작업을 하는 경우 매 2시간 이내 20분 이상의 휴식을 취하도록 함 (1시간마다 10분 이상의 휴식을 부여하는 것도 가능)|무더위 시간대(14~17시) 사이에 실외 작업을 되도록 하지 않았음|실내, 옥외 작업 시 냉방장치를 설치 및 가동 중임|근로자 중 온열질환 민감군(※ 신규 배치자, 과거 온열질환 경력자, 고령자, 뇌심혈관질환자, 고·저혈압환자, 당뇨질환자, 신장질환자, 음주자, 장애인 등)을 파악하여 관리하고 있음|응급상황 대비 비상연락망을 구축하고, 인근 의료기관 및 구급차 진입로를 사전에 파악하고 있음",해당 사항 없음,해당없음,지급하고 있지 않음,이해하였으며 관리 중임,이해함,이해함,
2026-05-31 15:45,587,동탄lh스마트주차장,2026-05-31,꼼꼼히 읽어보았고 해당 내용 확인하였음,29,해당 사항 없음,금일 온열질환 예방 교육을 실시함 (TBM 혹은 별도 교육)|현장에 <온열질환 예방 수칙 OPS> 게시함|햇볕을 차단할 수 있는 그늘막 및 휴게공간을 제공함,해당 사항 없음,해당없음,지급하고 있지 않음,이해하였으며 관리 중임,이해함,이해함,
2026-05-31 15:51,588,잠실야구장,2026-05-31,꼼꼼히 읽어보았고 해당 내용 확인하였음,26.8,해당 사항 없음,"현장 내 온습도계를 비치하여 매시간 체감온도를 확인하고 근로자에게 전파하고 있음|금일 온열질환 예방 교육을 실시함 (TBM 혹은 별도 교육)|깨끗하고 시원한 물, 이온음료, 식염포도당 등을 작업장 인근에 상시 비치함",해당 사항 없음,해당없음,"섭취 주의사항 확인하였으며, 낱개형태의 식염포도당 혹은 분말형 이온음료 비치함",이해하였으며 관리 중임,이해함,이해함,
2026-06-01 5:40,589,서울보증,2026-06-01,꼼꼼히 읽어보았고 해당 내용 확인하였음,20,해당 사항 없음,"현장 내 온습도계를 비치하여 매시간 체감온도를 확인하고 근로자에게 전파하고 있음|금일 온열질환 예방 교육을 실시함 (TBM 혹은 별도 교육)|현장에 <온열질환 예방 수칙 OPS> 게시함|깨끗하고 시원한 물, 이온음료, 식염포도당 등을 작업장 인근에 상시 비치함|햇볕을 차단할 수 있는 그늘막 및 휴게공간을 제공함|체감온도 33℃ 이상이 되는 작업장소에서 폭염작업을 하는 경우 매 2시간 이내 20분 이상의 휴식을 취하도록 함 (1시간마다 10분 이상의 휴식을 부여하는 것도 가능)|무더위 시간대(14~17시) 사이에 실외 작업을 되도록 하지 않았음|실내, 옥외 작업 시 냉방장치를 설치 및 가동 중임|근로자에게 쿨토시, 아이스 조끼 등 냉감용품을 지급함|근로자 중 온열질환 민감군(※ 신규 배치자, 과거 온열질환 경력자, 고령자, 뇌심혈관질환자, 고·저혈압환자, 당뇨질환자, 신장질환자, 음주자, 장애인 등)을 파악하여 관리하고 있음|2인 1조  작업을 통해 근로자 간 상호 건강 상태를 수시로 확인하도록 하고 있음|응급상황 대비 비상연락망을 구축하고, 인근 의료기관 및 구급차 진입로를 사전에 파악하고 있음",해당 사항 없음,해당없음,지급하고 있지 않음,이해하였으며 관리 중임,이해함,이해함,
2026-06-01 7:20,590,K스퀘어,2026-05-29,꼼꼼히 읽어보았고 해당 내용 확인하였음,30,해당 사항 없음,"현장에 <온열질환 예방 수칙 OPS> 게시함|2인 1조  작업을 통해 근로자 간 상호 건강 상태를 수시로 확인하도록 하고 있음|응급상황 대비 비상연락망을 구축하고, 인근 의료기관 및 구급차 진입로를 사전에 파악하고 있음",해당 사항 없음,해당없음,지급하고 있지 않음,이해하였으며 관리 중임,이해함,이해함,
2026-06-01 7:35,591,현대자동차 부산하이테크센터,2026-06-01,꼼꼼히 읽어보았고 해당 내용 확인하였음,23,해당 사항 없음,현장 내 온습도계를 비치하여 매시간 체감온도를 확인하고 근로자에게 전파하고 있음|햇볕을 차단할 수 있는 그늘막 및 휴게공간을 제공함,해당 사항 없음,해당없음,지급하고 있지 않음,이해하였으며 관리 중임,이해함,이해함,
2026-06-01 7:44,592,슈피겐 HQ빌딩,2026-06-01,꼼꼼히 읽어보았고 해당 내용 확인하였음,20.8,해당 사항 없음,"현장 내 온습도계를 비치하여 매시간 체감온도를 확인하고 근로자에게 전파하고 있음|깨끗하고 시원한 물, 이온음료, 식염포도당 등을 작업장 인근에 상시 비치함|2인 1조  작업을 통해 근로자 간 상호 건강 상태를 수시로 확인하도록 하고 있음|응급상황 대비 비상연락망을 구축하고, 인근 의료기관 및 구급차 진입로를 사전에 파악하고 있음",해당 사항 없음,해당없음,지급하고 있지 않음,이해하였으며 관리 중임,이해함,이해함,
2026-06-01 8:04,593,KB국민은행 대천연수원,2026-06-01,꼼꼼히 읽어보았고 해당 내용 확인하였음,20,해당 사항 없음,"현장 내 온습도계를 비치하여 매시간 체감온도를 확인하고 근로자에게 전파하고 있음|금일 온열질환 예방 교육을 실시함 (TBM 혹은 별도 교육)|현장에 <온열질환 예방 수칙 OPS> 게시함|깨끗하고 시원한 물, 이온음료, 식염포도당 등을 작업장 인근에 상시 비치함|햇볕을 차단할 수 있는 그늘막 및 휴게공간을 제공함|체감온도 33℃ 이상이 되는 작업장소에서 폭염작업을 하는 경우 매 2시간 이내 20분 이상의 휴식을 취하도록 함 (1시간마다 10분 이상의 휴식을 부여하는 것도 가능)|실내, 옥외 작업 시 냉방장치를 설치 및 가동 중임|근로자에게 쿨토시, 아이스 조끼 등 냉감용품을 지급함|2인 1조  작업을 통해 근로자 간 상호 건강 상태를 수시로 확인하도록 하고 있음|응급상황 대비 비상연락망을 구축하고, 인근 의료기관 및 구급차 진입로를 사전에 파악하고 있음",해당 사항 없음,해당없음,"섭취 주의사항 확인하였으며, 낱개형태의 식염포도당 혹은 분말형 이온음료 비치함",이해하였으며 관리 중임,이해함,이해함,
2026-06-01 8:11,594,국민은행 일산연수원,2026-06-01,꼼꼼히 읽어보았고 해당 내용 확인하였음,22,해당 사항 없음,현장에 <온열질환 예방 수칙 OPS> 게시함|햇볕을 차단할 수 있는 그늘막 및 휴게공간을 제공함|체감온도 33℃ 이상이 되는 작업장소에서 폭염작업을 하는 경우 매 2시간 이내 20분 이상의 휴식을 취하도록 함 (1시간마다 10분 이상의 휴식을 부여하는 것도 가능)|2인 1조  작업을 통해 근로자 간 상호 건강 상태를 수시로 확인하도록 하고 있음,해당 사항 없음,해당없음,지급하고 있지 않음,이해하였으며 관리 중임,이해함,이해함,금일 해당사항 없음 .
2026-06-01 8:17,595,LG에너지솔루션 과천R&D캠퍼스,2026-05-29,꼼꼼히 읽어보았고 해당 내용 확인하였음,27,해당 사항 없음,"현장 내 온습도계를 비치하여 매시간 체감온도를 확인하고 근로자에게 전파하고 있음|금일 온열질환 예방 교육을 실시함 (TBM 혹은 별도 교육)|현장에 <온열질환 예방 수칙 OPS> 게시함|깨끗하고 시원한 물, 이온음료, 식염포도당 등을 작업장 인근에 상시 비치함|햇볕을 차단할 수 있는 그늘막 및 휴게공간을 제공함",해당 사항 없음,해당없음,"섭취 주의사항 확인하였으며, 낱개형태의 식염포도당 혹은 분말형 이온음료 비치함",이해하였으며 관리 중임,이해함,이해함,
2026-06-01 8:31,596,한양대학교,2026-06-01,꼼꼼히 읽어보았고 해당 내용 확인하였음,21.7,해당 사항 없음,"현장 내 온습도계를 비치하여 매시간 체감온도를 확인하고 근로자에게 전파하고 있음|금일 온열질환 예방 교육을 실시함 (TBM 혹은 별도 교육)|현장에 <온열질환 예방 수칙 OPS> 게시함|깨끗하고 시원한 물, 이온음료, 식염포도당 등을 작업장 인근에 상시 비치함|햇볕을 차단할 수 있는 그늘막 및 휴게공간을 제공함|체감온도 33℃ 이상이 되는 작업장소에서 폭염작업을 하는 경우 매 2시간 이내 20분 이상의 휴식을 취하도록 함 (1시간마다 10분 이상의 휴식을 부여하는 것도 가능)|무더위 시간대(14~17시) 사이에 실외 작업을 되도록 하지 않았음|실내, 옥외 작업 시 냉방장치를 설치 및 가동 중임|근로자에게 쿨토시, 아이스 조끼 등 냉감용품을 지급함|근로자 중 온열질환 민감군(※ 신규 배치자, 과거 온열질환 경력자, 고령자, 뇌심혈관질환자, 고·저혈압환자, 당뇨질환자, 신장질환자, 음주자, 장애인 등)을 파악하여 관리하고 있음|2인 1조  작업을 통해 근로자 간 상호 건강 상태를 수시로 확인하도록 하고 있음|응급상황 대비 비상연락망을 구축하고, 인근 의료기관 및 구급차 진입로를 사전에 파악하고 있음",해당 사항 없음,해당없음,지급하고 있지 않음,이해하였으며 관리 중임,이해함,이해함,작업전 근로자 건강상태 확인
2026-06-01 8:37,597,국민은행 속초 연수원,2026-06-01,꼼꼼히 읽어보았고 해당 내용 확인하였음,24.6,해당 사항 없음,"현장 내 온습도계를 비치하여 매시간 체감온도를 확인하고 근로자에게 전파하고 있음|금일 온열질환 예방 교육을 실시함 (TBM 혹은 별도 교육)|현장에 <온열질환 예방 수칙 OPS> 게시함|깨끗하고 시원한 물, 이온음료, 식염포도당 등을 작업장 인근에 상시 비치함|햇볕을 차단할 수 있는 그늘막 및 휴게공간을 제공함|체감온도 33℃ 이상이 되는 작업장소에서 폭염작업을 하는 경우 매 2시간 이내 20분 이상의 휴식을 취하도록 함 (1시간마다 10분 이상의 휴식을 부여하는 것도 가능)|무더위 시간대(14~17시) 사이에 실외 작업을 되도록 하지 않았음|실내, 옥외 작업 시 냉방장치를 설치 및 가동 중임|근로자에게 쿨토시, 아이스 조끼 등 냉감용품을 지급함|근로자 중 온열질환 민감군(※ 신규 배치자, 과거 온열질환 경력자, 고령자, 뇌심혈관질환자, 고·저혈압환자, 당뇨질환자, 신장질환자, 음주자, 장애인 등)을 파악하여 관리하고 있음|2인 1조  작업을 통해 근로자 간 상호 건강 상태를 수시로 확인하도록 하고 있음|응급상황 대비 비상연락망을 구축하고, 인근 의료기관 및 구급차 진입로를 사전에 파악하고 있음",해당 사항 없음,해당없음,"섭취 주의사항 확인하였으며, 낱개형태의 식염포도당 혹은 분말형 이온음료 비치함",이해하였으며 관리 중임,이해함,이해함,
2026-06-01 8:42,598,LG에너지솔루션 과천R&D캠퍼스,2026-05-30,꼼꼼히 읽어보았고 해당 내용 확인하였음,29,해당 사항 없음,"현장 내 온습도계를 비치하여 매시간 체감온도를 확인하고 근로자에게 전파하고 있음|금일 온열질환 예방 교육을 실시함 (TBM 혹은 별도 교육)|현장에 <온열질환 예방 수칙 OPS> 게시함|깨끗하고 시원한 물, 이온음료, 식염포도당 등을 작업장 인근에 상시 비치함|햇볕을 차단할 수 있는 그늘막 및 휴게공간을 제공함",해당 사항 없음,해당없음,"섭취 주의사항 확인하였으며, 낱개형태의 식염포도당 혹은 분말형 이온음료 비치함",이해하였으며 관리 중임,이해함,이해함,
2026-06-01 8:43,599,LG에너지솔루션 과천R&D캠퍼스,2026-05-31,꼼꼼히 읽어보았고 해당 내용 확인하였음,31,해당 사항 없음,"현장 내 온습도계를 비치하여 매시간 체감온도를 확인하고 근로자에게 전파하고 있음|금일 온열질환 예방 교육을 실시함 (TBM 혹은 별도 교육)|현장에 <온열질환 예방 수칙 OPS> 게시함|깨끗하고 시원한 물, 이온음료, 식염포도당 등을 작업장 인근에 상시 비치함|햇볕을 차단할 수 있는 그늘막 및 휴게공간을 제공함",해당 사항 없음,해당없음,"섭취 주의사항 확인하였으며, 낱개형태의 식염포도당 혹은 분말형 이온음료 비치함",이해하였으며 관리 중임,이해함,이해함,
2026-06-01 8:45,600,한국증권금융,2026-06-01,꼼꼼히 읽어보았고 해당 내용 확인하였음,25,해당 사항 없음,"현장 내 온습도계를 비치하여 매시간 체감온도를 확인하고 근로자에게 전파하고 있음|금일 온열질환 예방 교육을 실시함 (TBM 혹은 별도 교육)|현장에 <온열질환 예방 수칙 OPS> 게시함|깨끗하고 시원한 물, 이온음료, 식염포도당 등을 작업장 인근에 상시 비치함|햇볕을 차단할 수 있는 그늘막 및 휴게공간을 제공함|체감온도 33℃ 이상이 되는 작업장소에서 폭염작업을 하는 경우 매 2시간 이내 20분 이상의 휴식을 취하도록 함 (1시간마다 10분 이상의 휴식을 부여하는 것도 가능)|무더위 시간대(14~17시) 사이에 실외 작업을 되도록 하지 않았음|실내, 옥외 작업 시 냉방장치를 설치 및 가동 중임|근로자에게 쿨토시, 아이스 조끼 등 냉감용품을 지급함|근로자 중 온열질환 민감군(※ 신규 배치자, 과거 온열질환 경력자, 고령자, 뇌심혈관질환자, 고·저혈압환자, 당뇨질환자, 신장질환자, 음주자, 장애인 등)을 파악하여 관리하고 있음|2인 1조  작업을 통해 근로자 간 상호 건강 상태를 수시로 확인하도록 하고 있음|응급상황 대비 비상연락망을 구축하고, 인근 의료기관 및 구급차 진입로를 사전에 파악하고 있음",해당 사항 없음,해당없음,"섭취 주의사항 확인하였으며, 낱개형태의 식염포도당 혹은 분말형 이온음료 비치함",이해하였으며 관리 중임,이해함,이해함,
2026-06-01 8:48,601,제주대 BTL생활관,2026-06-01,꼼꼼히 읽어보았고 해당 내용 확인하였음,22,해당 사항 없음,"현장 내 온습도계를 비치하여 매시간 체감온도를 확인하고 근로자에게 전파하고 있음|금일 온열질환 예방 교육을 실시함 (TBM 혹은 별도 교육)|현장에 <온열질환 예방 수칙 OPS> 게시함|깨끗하고 시원한 물, 이온음료, 식염포도당 등을 작업장 인근에 상시 비치함|햇볕을 차단할 수 있는 그늘막 및 휴게공간을 제공함|체감온도 33℃ 이상이 되는 작업장소에서 폭염작업을 하는 경우 매 2시간 이내 20분 이상의 휴식을 취하도록 함 (1시간마다 10분 이상의 휴식을 부여하는 것도 가능)|무더위 시간대(14~17시) 사이에 실외 작업을 되도록 하지 않았음|실내, 옥외 작업 시 냉방장치를 설치 및 가동 중임|근로자에게 쿨토시, 아이스 조끼 등 냉감용품을 지급함|근로자 중 온열질환 민감군(※ 신규 배치자, 과거 온열질환 경력자, 고령자, 뇌심혈관질환자, 고·저혈압환자, 당뇨질환자, 신장질환자, 음주자, 장애인 등)을 파악하여 관리하고 있음|2인 1조  작업을 통해 근로자 간 상호 건강 상태를 수시로 확인하도록 하고 있음|응급상황 대비 비상연락망을 구축하고, 인근 의료기관 및 구급차 진입로를 사전에 파악하고 있음",해당 사항 없음,해당없음,"섭취 주의사항 확인하였으며, 낱개형태의 식염포도당 혹은 분말형 이온음료 비치함",이해하였으며 관리 중임,이해함,이해함,
2026-06-01 8:53,602,"분당퍼스트타워,백상코퍼레이션",2026-06-01,꼼꼼히 읽어보았고 해당 내용 확인하였음,27,해당 사항 없음,"햇볕을 차단할 수 있는 그늘막 및 휴게공간을 제공함|체감온도 33℃ 이상이 되는 작업장소에서 폭염작업을 하는 경우 매 2시간 이내 20분 이상의 휴식을 취하도록 함 (1시간마다 10분 이상의 휴식을 부여하는 것도 가능)|무더위 시간대(14~17시) 사이에 실외 작업을 되도록 하지 않았음|근로자 중 온열질환 민감군(※ 신규 배치자, 과거 온열질환 경력자, 고령자, 뇌심혈관질환자, 고·저혈압환자, 당뇨질환자, 신장질환자, 음주자, 장애인 등)을 파악하여 관리하고 있음|2인 1조  작업을 통해 근로자 간 상호 건강 상태를 수시로 확인하도록 하고 있음|응급상황 대비 비상연락망을 구축하고, 인근 의료기관 및 구급차 진입로를 사전에 파악하고 있음",해당 사항 없음,해당없음,지급하고 있지 않음,이해하였으며 관리 중임,이해함,이해함,
2026-06-01 8:56,603,도산150빌딩,2026-06-01,꼼꼼히 읽어보았고 해당 내용 확인하였음,21.9,해당 사항 없음,현장 내 온습도계를 비치하여 매시간 체감온도를 확인하고 근로자에게 전파하고 있음|금일 온열질환 예방 교육을 실시함 (TBM 혹은 별도 교육)|2인 1조  작업을 통해 근로자 간 상호 건강 상태를 수시로 확인하도록 하고 있음,해당 사항 없음,해당없음,지급하고 있지 않음,이해하였으며 관리 중임,이해함,이해함,
2026-06-01 9:06,604,안성교원물류,2026-06-01,꼼꼼히 읽어보았고 해당 내용 확인하였음,23,해당 사항 없음,"현장 내 온습도계를 비치하여 매시간 체감온도를 확인하고 근로자에게 전파하고 있음|금일 온열질환 예방 교육을 실시함 (TBM 혹은 별도 교육)|현장에 <온열질환 예방 수칙 OPS> 게시함|깨끗하고 시원한 물, 이온음료, 식염포도당 등을 작업장 인근에 상시 비치함|햇볕을 차단할 수 있는 그늘막 및 휴게공간을 제공함|체감온도 33℃ 이상이 되는 작업장소에서 폭염작업을 하는 경우 매 2시간 이내 20분 이상의 휴식을 취하도록 함 (1시간마다 10분 이상의 휴식을 부여하는 것도 가능)|무더위 시간대(14~17시) 사이에 실외 작업을 되도록 하지 않았음|실내, 옥외 작업 시 냉방장치를 설치 및 가동 중임|근로자 중 온열질환 민감군(※ 신규 배치자, 과거 온열질환 경력자, 고령자, 뇌심혈관질환자, 고·저혈압환자, 당뇨질환자, 신장질환자, 음주자, 장애인 등)을 파악하여 관리하고 있음|응급상황 대비 비상연락망을 구축하고, 인근 의료기관 및 구급차 진입로를 사전에 파악하고 있음",해당 사항 없음,해당없음,"섭취 주의사항 확인하였으며, 낱개형태의 식염포도당 혹은 분말형 이온음료 비치함",이해하였으며 관리 중임,이해함,이해함,
2026-06-01 9:26,605,KB증권 남울산,2026-06-01,꼼꼼히 읽어보았고 해당 내용 확인하였음,28,해당 사항 없음,"현장 내 온습도계를 비치하여 매시간 체감온도를 확인하고 근로자에게 전파하고 있음|금일 온열질환 예방 교육을 실시함 (TBM 혹은 별도 교육)|현장에 <온열질환 예방 수칙 OPS> 게시함|깨끗하고 시원한 물, 이온음료, 식염포도당 등을 작업장 인근에 상시 비치함|햇볕을 차단할 수 있는 그늘막 및 휴게공간을 제공함|체감온도 33℃ 이상이 되는 작업장소에서 폭염작업을 하는 경우 매 2시간 이내 20분 이상의 휴식을 취하도록 함 (1시간마다 10분 이상의 휴식을 부여하는 것도 가능)|무더위 시간대(14~17시) 사이에 실외 작업을 되도록 하지 않았음|실내, 옥외 작업 시 냉방장치를 설치 및 가동 중임|근로자에게 쿨토시, 아이스 조끼 등 냉감용품을 지급함|근로자 중 온열질환 민감군(※ 신규 배치자, 과거 온열질환 경력자, 고령자, 뇌심혈관질환자, 고·저혈압환자, 당뇨질환자, 신장질환자, 음주자, 장애인 등)을 파악하여 관리하고 있음|2인 1조  작업을 통해 근로자 간 상호 건강 상태를 수시로 확인하도록 하고 있음|응급상황 대비 비상연락망을 구축하고, 인근 의료기관 및 구급차 진입로를 사전에 파악하고 있음",해당 사항 없음,해당없음,소금 및 얼음물 비치함,이해하였으며 관리 중임,이해함,이해함,온열질환 예방 일일체크리스트 작성
2026-06-01 9:30,606,메리츠화재 부천사옥,2026-06-01,꼼꼼히 읽어보았고 해당 내용 확인하였음,24.4,해당 사항 없음,"현장 내 온습도계를 비치하여 매시간 체감온도를 확인하고 근로자에게 전파하고 있음|금일 온열질환 예방 교육을 실시함 (TBM 혹은 별도 교육)|현장에 <온열질환 예방 수칙 OPS> 게시함|깨끗하고 시원한 물, 이온음료, 식염포도당 등을 작업장 인근에 상시 비치함|햇볕을 차단할 수 있는 그늘막 및 휴게공간을 제공함|체감온도 33℃ 이상이 되는 작업장소에서 폭염작업을 하는 경우 매 2시간 이내 20분 이상의 휴식을 취하도록 함 (1시간마다 10분 이상의 휴식을 부여하는 것도 가능)|무더위 시간대(14~17시) 사이에 실외 작업을 되도록 하지 않았음|실내, 옥외 작업 시 냉방장치를 설치 및 가동 중임|근로자 중 온열질환 민감군(※ 신규 배치자, 과거 온열질환 경력자, 고령자, 뇌심혈관질환자, 고·저혈압환자, 당뇨질환자, 신장질환자, 음주자, 장애인 등)을 파악하여 관리하고 있음|2인 1조  작업을 통해 근로자 간 상호 건강 상태를 수시로 확인하도록 하고 있음|응급상황 대비 비상연락망을 구축하고, 인근 의료기관 및 구급차 진입로를 사전에 파악하고 있음",해당 사항 없음,해당없음,"섭취 주의사항 확인하였으며, 대용량 식염포도당 비치함",이해하였으며 관리 중임,이해함,이해함,이상 없음
2026-06-01 9:48,607,풀브라이트빌딩,2026-06-01,꼼꼼히 읽어보았고 해당 내용 확인하였음,23.1,해당 사항 없음,"현장 내 온습도계를 비치하여 매시간 체감온도를 확인하고 근로자에게 전파하고 있음|금일 온열질환 예방 교육을 실시함 (TBM 혹은 별도 교육)|깨끗하고 시원한 물, 이온음료, 식염포도당 등을 작업장 인근에 상시 비치함|햇볕을 차단할 수 있는 그늘막 및 휴게공간을 제공함|실내, 옥외 작업 시 냉방장치를 설치 및 가동 중임|2인 1조  작업을 통해 근로자 간 상호 건강 상태를 수시로 확인하도록 하고 있음|응급상황 대비 비상연락망을 구축하고, 인근 의료기관 및 구급차 진입로를 사전에 파악하고 있음",해당 사항 없음,해당없음,"섭취 주의사항 확인하였으며, 낱개형태의 식염포도당 혹은 분말형 이온음료 비치함",이해하였으며 관리 중임,이해함,이해함,
2026-06-01 10:03,608,교원인천공장,2026-06-01,꼼꼼히 읽어보았고 해당 내용 확인하였음,24,해당 사항 없음,"현장 내 온습도계를 비치하여 매시간 체감온도를 확인하고 근로자에게 전파하고 있음|현장에 <온열질환 예방 수칙 OPS> 게시함|깨끗하고 시원한 물, 이온음료, 식염포도당 등을 작업장 인근에 상시 비치함|햇볕을 차단할 수 있는 그늘막 및 휴게공간을 제공함|체감온도 33℃ 이상이 되는 작업장소에서 폭염작업을 하는 경우 매 2시간 이내 20분 이상의 휴식을 취하도록 함 (1시간마다 10분 이상의 휴식을 부여하는 것도 가능)|무더위 시간대(14~17시) 사이에 실외 작업을 되도록 하지 않았음|실내, 옥외 작업 시 냉방장치를 설치 및 가동 중임|근로자 중 온열질환 민감군(※ 신규 배치자, 과거 온열질환 경력자, 고령자, 뇌심혈관질환자, 고·저혈압환자, 당뇨질환자, 신장질환자, 음주자, 장애인 등)을 파악하여 관리하고 있음|2인 1조  작업을 통해 근로자 간 상호 건강 상태를 수시로 확인하도록 하고 있음|응급상황 대비 비상연락망을 구축하고, 인근 의료기관 및 구급차 진입로를 사전에 파악하고 있음",해당 사항 없음,해당없음,지급하고 있지 않음,이해하였으며 관리 중임,이해함,이해함,
2026-06-01 10:03,609,동탄lh스마트주차장,2026-06-01,꼼꼼히 읽어보았고 해당 내용 확인하였음,24,해당 사항 없음,"금일 온열질환 예방 교육을 실시함 (TBM 혹은 별도 교육)|현장에 <온열질환 예방 수칙 OPS> 게시함|깨끗하고 시원한 물, 이온음료, 식염포도당 등을 작업장 인근에 상시 비치함",해당 사항 없음,해당없음,지급하고 있지 않음,이해하였으며 관리 중임,이해함,이해함,
2026-06-01 10:03,610,당산한경빌딩,2026-06-01,꼼꼼히 읽어보았고 해당 내용 확인하였음,31,해당 사항 없음,"햇볕을 차단할 수 있는 그늘막 및 휴게공간을 제공함|실내, 옥외 작업 시 냉방장치를 설치 및 가동 중임|응급상황 대비 비상연락망을 구축하고, 인근 의료기관 및 구급차 진입로를 사전에 파악하고 있음",매시간 15분씩 그늘(휴식공간)에서 휴식 제공|불가피한 옥외작업 시 휴식시간 충분히 부여,재난 및 안전관리 등에 필요한 긴급조치 작업 외 옥외작업 중지|열사병 등 온열질환 민감군에 대하여 옥외작업 제한,지급하고 있지 않음,이해하였으며 관리 중임,이해함,이해함,
2026-06-01 10:06,611,마곡뉴파워프라즈마,2026-06-01,꼼꼼히 읽어보았고 해당 내용 확인하였음,24.9,해당 사항 없음,"금일 온열질환 예방 교육을 실시함 (TBM 혹은 별도 교육)|현장에 <온열질환 예방 수칙 OPS> 게시함|햇볕을 차단할 수 있는 그늘막 및 휴게공간을 제공함|체감온도 33℃ 이상이 되는 작업장소에서 폭염작업을 하는 경우 매 2시간 이내 20분 이상의 휴식을 취하도록 함 (1시간마다 10분 이상의 휴식을 부여하는 것도 가능)|무더위 시간대(14~17시) 사이에 실외 작업을 되도록 하지 않았음|실내, 옥외 작업 시 냉방장치를 설치 및 가동 중임|근로자에게 쿨토시, 아이스 조끼 등 냉감용품을 지급함|근로자 중 온열질환 민감군(※ 신규 배치자, 과거 온열질환 경력자, 고령자, 뇌심혈관질환자, 고·저혈압환자, 당뇨질환자, 신장질환자, 음주자, 장애인 등)을 파악하여 관리하고 있음|응급상황 대비 비상연락망을 구축하고, 인근 의료기관 및 구급차 진입로를 사전에 파악하고 있음",해당 사항 없음,해당없음,지급하고 있지 않음,이해하였으며 관리 중임,이해함,이해함,
2026-06-01 10:06,612,쿠팡 인천 17센타,2026-06-01,꼼꼼히 읽어보았고 해당 내용 확인하였음,24.6,해당 사항 없음,"현장 내 온습도계를 비치하여 매시간 체감온도를 확인하고 근로자에게 전파하고 있음|금일 온열질환 예방 교육을 실시함 (TBM 혹은 별도 교육)|현장에 <온열질환 예방 수칙 OPS> 게시함|깨끗하고 시원한 물, 이온음료, 식염포도당 등을 작업장 인근에 상시 비치함|햇볕을 차단할 수 있는 그늘막 및 휴게공간을 제공함|체감온도 33℃ 이상이 되는 작업장소에서 폭염작업을 하는 경우 매 2시간 이내 20분 이상의 휴식을 취하도록 함 (1시간마다 10분 이상의 휴식을 부여하는 것도 가능)|무더위 시간대(14~17시) 사이에 실외 작업을 되도록 하지 않았음|실내, 옥외 작업 시 냉방장치를 설치 및 가동 중임|근로자 중 온열질환 민감군(※ 신규 배치자, 과거 온열질환 경력자, 고령자, 뇌심혈관질환자, 고·저혈압환자, 당뇨질환자, 신장질환자, 음주자, 장애인 등)을 파악하여 관리하고 있음|응급상황 대비 비상연락망을 구축하고, 인근 의료기관 및 구급차 진입로를 사전에 파악하고 있음",해당 사항 없음,해당없음,"섭취 주의사항 확인하였으며, 낱개형태의 식염포도당 혹은 분말형 이온음료 비치함",이해하였으며 관리 중임,이해함,이해함,
2026-06-01 10:08,613,백상앨리츠2차 오피스텔,2026-05-30,꼼꼼히 읽어보았고 해당 내용 확인하였음,30,해당 사항 없음,"햇볕을 차단할 수 있는 그늘막 및 휴게공간을 제공함|실내, 옥외 작업 시 냉방장치를 설치 및 가동 중임",해당 사항 없음,해당없음,지급하고 있지 않음,이해하였으며 관리 중임,이해함,이해함,
2026-06-01 10:09,614,백상앨리츠2차 오피스텔,2026-05-31,꼼꼼히 읽어보았고 해당 내용 확인하였음,30.5,해당 사항 없음,"햇볕을 차단할 수 있는 그늘막 및 휴게공간을 제공함|실내, 옥외 작업 시 냉방장치를 설치 및 가동 중임",해당 사항 없음,해당없음,지급하고 있지 않음,이해하였으며 관리 중임,이해함,이해함,
2026-06-01 10:10,615,백상앨리츠2차 오피스텔,2026-06-01,꼼꼼히 읽어보았고 해당 내용 확인하였음,29,해당 사항 없음,"햇볕을 차단할 수 있는 그늘막 및 휴게공간을 제공함|실내, 옥외 작업 시 냉방장치를 설치 및 가동 중임",해당 사항 없음,해당없음,지급하고 있지 않음,이해하였으며 관리 중임,이해함,이해함,
2026-06-01 10:11,616,국민은행천안,2026-06-01,꼼꼼히 읽어보았고 해당 내용 확인하였음,22,해당 사항 없음,"현장 내 온습도계를 비치하여 매시간 체감온도를 확인하고 근로자에게 전파하고 있음|금일 온열질환 예방 교육을 실시함 (TBM 혹은 별도 교육)|현장에 <온열질환 예방 수칙 OPS> 게시함|깨끗하고 시원한 물, 이온음료, 식염포도당 등을 작업장 인근에 상시 비치함|무더위 시간대(14~17시) 사이에 실외 작업을 되도록 하지 않았음|실내, 옥외 작업 시 냉방장치를 설치 및 가동 중임|근로자 중 온열질환 민감군(※ 신규 배치자, 과거 온열질환 경력자, 고령자, 뇌심혈관질환자, 고·저혈압환자, 당뇨질환자, 신장질환자, 음주자, 장애인 등)을 파악하여 관리하고 있음|2인 1조  작업을 통해 근로자 간 상호 건강 상태를 수시로 확인하도록 하고 있음|응급상황 대비 비상연락망을 구축하고, 인근 의료기관 및 구급차 진입로를 사전에 파악하고 있음",해당 사항 없음,해당없음,"섭취 주의사항 확인하였으며, 낱개형태의 식염포도당 혹은 분말형 이온음료 비치함",이해하였으며 관리 중임,이해함,이해함,
2026-06-01 10:12,617,나라키움대전통합청사,2026-06-01,꼼꼼히 읽어보았고 해당 내용 확인하였음,28,해당 사항 없음,현장 내 온습도계를 비치하여 매시간 체감온도를 확인하고 근로자에게 전파하고 있음|2인 1조  작업을 통해 근로자 간 상호 건강 상태를 수시로 확인하도록 하고 있음,해당 사항 없음,해당없음,지급하고 있지 않음,이해하였으며 관리 중임,이해함,이해함,직원들 건강상태 체크
2026-06-01 10:16,618,홍익대(서울),2026-06-01,꼼꼼히 읽어보았고 해당 내용 확인하였음,24,해당 사항 없음,2인 1조  작업을 통해 근로자 간 상호 건강 상태를 수시로 확인하도록 하고 있음|작업전 건강상태 확인,해당 사항 없음,해당없음,"섭취 주의사항 확인하였으며, 낱개형태의 식염포도당 혹은 분말형 이온음료 비치함",이해하였으며 관리 중임,이해함,이해함,작업전 건강상태 관리자 확인
2026-06-01 10:19,619,사이언스파크2차부지,2026-06-01,꼼꼼히 읽어보았고 해당 내용 확인하였음,27,해당 사항 없음,"현장 내 온습도계를 비치하여 매시간 체감온도를 확인하고 근로자에게 전파하고 있음|금일 온열질환 예방 교육을 실시함 (TBM 혹은 별도 교육)|현장에 <온열질환 예방 수칙 OPS> 게시함|깨끗하고 시원한 물, 이온음료, 식염포도당 등을 작업장 인근에 상시 비치함|체감온도 33℃ 이상이 되는 작업장소에서 폭염작업을 하는 경우 매 2시간 이내 20분 이상의 휴식을 취하도록 함 (1시간마다 10분 이상의 휴식을 부여하는 것도 가능)|무더위 시간대(14~17시) 사이에 실외 작업을 되도록 하지 않았음|근로자 중 온열질환 민감군(※ 신규 배치자, 과거 온열질환 경력자, 고령자, 뇌심혈관질환자, 고·저혈압환자, 당뇨질환자, 신장질환자, 음주자, 장애인 등)을 파악하여 관리하고 있음|2인 1조  작업을 통해 근로자 간 상호 건강 상태를 수시로 확인하도록 하고 있음|응급상황 대비 비상연락망을 구축하고, 인근 의료기관 및 구급차 진입로를 사전에 파악하고 있음",해당 사항 없음,해당없음,"섭취 주의사항 확인하였으며, 낱개형태의 식염포도당 혹은 분말형 이온음료 비치함",이해하였으며 관리 중임,이해함,이해함,체감몬도 수시측정
2026-06-01 10:20,620,홍대세종캠퍼스,2026-06-01,꼼꼼히 읽어보았고 해당 내용 확인하였음,30,해당 사항 없음,"현장 내 온습도계를 비치하여 매시간 체감온도를 확인하고 근로자에게 전파하고 있음|금일 온열질환 예방 교육을 실시함 (TBM 혹은 별도 교육)|현장에 <온열질환 예방 수칙 OPS> 게시함|깨끗하고 시원한 물, 이온음료, 식염포도당 등을 작업장 인근에 상시 비치함|햇볕을 차단할 수 있는 그늘막 및 휴게공간을 제공함|체감온도 33℃ 이상이 되는 작업장소에서 폭염작업을 하는 경우 매 2시간 이내 20분 이상의 휴식을 취하도록 함 (1시간마다 10분 이상의 휴식을 부여하는 것도 가능)|무더위 시간대(14~17시) 사이에 실외 작업을 되도록 하지 않았음|실내, 옥외 작업 시 냉방장치를 설치 및 가동 중임|근로자 중 온열질환 민감군(※ 신규 배치자, 과거 온열질환 경력자, 고령자, 뇌심혈관질환자, 고·저혈압환자, 당뇨질환자, 신장질환자, 음주자, 장애인 등)을 파악하여 관리하고 있음|2인 1조  작업을 통해 근로자 간 상호 건강 상태를 수시로 확인하도록 하고 있음|응급상황 대비 비상연락망을 구축하고, 인근 의료기관 및 구급차 진입로를 사전에 파악하고 있음",해당 사항 없음,해당없음,지급하고 있지 않음,이해하였으며 관리 중임,이해함,이해함,체크 학습중
2026-06-01 10:23,621,타워730,2026-06-01,꼼꼼히 읽어보았고 해당 내용 확인하였음,25,해당 사항 없음,"현장 내 온습도계를 비치하여 매시간 체감온도를 확인하고 근로자에게 전파하고 있음|현장에 <온열질환 예방 수칙 OPS> 게시함|깨끗하고 시원한 물, 이온음료, 식염포도당 등을 작업장 인근에 상시 비치함|실내, 옥외 작업 시 냉방장치를 설치 및 가동 중임|응급상황 대비 비상연락망을 구축하고, 인근 의료기관 및 구급차 진입로를 사전에 파악하고 있음",해당 사항 없음,해당없음,"섭취 주의사항 확인하였으며, 대용량 식염포도당 비치함",이해하였으며 관리 중임,이해함,이해함,항상 주의하겠습니다.
2026-06-01 10:26,622,국민건강보험공단 별관,2026-06-01,꼼꼼히 읽어보았고 해당 내용 확인하였음,23.4,해당 사항 없음,"깨끗하고 시원한 물, 이온음료, 식염포도당 등을 작업장 인근에 상시 비치함",해당 사항 없음,해당없음,지급하고 있지 않음,이해하였으며 관리 중임,이해함,이해함,
2026-06-01 10:34,623,페럼클럽,2026-06-01,꼼꼼히 읽어보았고 해당 내용 확인하였음,29,해당 사항 없음,"현장 내 온습도계를 비치하여 매시간 체감온도를 확인하고 근로자에게 전파하고 있음|금일 온열질환 예방 교육을 실시함 (TBM 혹은 별도 교육)|현장에 <온열질환 예방 수칙 OPS> 게시함|깨끗하고 시원한 물, 이온음료, 식염포도당 등을 작업장 인근에 상시 비치함|햇볕을 차단할 수 있는 그늘막 및 휴게공간을 제공함|체감온도 33℃ 이상이 되는 작업장소에서 폭염작업을 하는 경우 매 2시간 이내 20분 이상의 휴식을 취하도록 함 (1시간마다 10분 이상의 휴식을 부여하는 것도 가능)|무더위 시간대(14~17시) 사이에 실외 작업을 되도록 하지 않았음|실내, 옥외 작업 시 냉방장치를 설치 및 가동 중임|근로자에게 쿨토시, 아이스 조끼 등 냉감용품을 지급함|근로자 중 온열질환 민감군(※ 신규 배치자, 과거 온열질환 경력자, 고령자, 뇌심혈관질환자, 고·저혈압환자, 당뇨질환자, 신장질환자, 음주자, 장애인 등)을 파악하여 관리하고 있음|2인 1조  작업을 통해 근로자 간 상호 건강 상태를 수시로 확인하도록 하고 있음|응급상황 대비 비상연락망을 구축하고, 인근 의료기관 및 구급차 진입로를 사전에 파악하고 있음",해당 사항 없음,해당없음,"섭취 주의사항 확인하였으며, 대용량 식염포도당 비치함",이해하였으며 관리 중임,이해함,이해함,
2026-06-01 10:36,624,교원명동빌딩,2026-06-01,꼼꼼히 읽어보았고 해당 내용 확인하였음,23.8,해당 사항 없음,"현장에 <온열질환 예방 수칙 OPS> 게시함|깨끗하고 시원한 물, 이온음료, 식염포도당 등을 작업장 인근에 상시 비치함|2인 1조  작업을 통해 근로자 간 상호 건강 상태를 수시로 확인하도록 하고 있음",해당 사항 없음,해당없음,지급하고 있지 않음,이해하였으며 관리 중임,이해함,이해함,
2026-06-01 10:39,625,현대자동차금정지점,2026-06-01,꼼꼼히 읽어보았고 해당 내용 확인하였음,27,해당 사항 없음,"깨끗하고 시원한 물, 이온음료, 식염포도당 등을 작업장 인근에 상시 비치함|무더위 시간대(14~17시) 사이에 실외 작업을 되도록 하지 않았음|실내, 옥외 작업 시 냉방장치를 설치 및 가동 중임|응급상황 대비 비상연락망을 구축하고, 인근 의료기관 및 구급차 진입로를 사전에 파악하고 있음",해당 사항 없음,해당없음,지급하고 있지 않음,이해하였으며 관리 중임,이해함,이해함,
2026-06-01 10:39,626,나라키움 대전통합청사,2026-06-01,꼼꼼히 읽어보았고 해당 내용 확인하였음,25.1,해당 사항 없음,"현장에 <온열질환 예방 수칙 OPS> 게시함|깨끗하고 시원한 물, 이온음료, 식염포도당 등을 작업장 인근에 상시 비치함|2인 1조  작업을 통해 근로자 간 상호 건강 상태를 수시로 확인하도록 하고 있음",해당 사항 없음,해당없음,"깨끗한 물을 항상 제공하고 있음, 이외 필요시 추가적으로 구매하여 제공하고 있음",이해하였으며 관리 중임,이해함,이해함,온열질환 발생시에 충분한 휴식시간을 제공하고 있습니다.
2026-06-01 10:48,627,화성동탄 인큐베이팅센터,2026-06-01,꼼꼼히 읽어보았고 해당 내용 확인하였음,23,"폭염 주의보 발표됨 (일최고 체감온도 33℃ 이상, 2일 이상 지속)",2인 1조  작업을 통해 근로자 간 상호 건강 상태를 수시로 확인하도록 하고 있음,무더위 시간대(14~17시)에는 불가피한 경우를 제외하고는 옥외작업 중지|해당 사항 없음,해당없음,지급하고 있지 않음,이해하였으며 관리 중임,이해함,이해함,없음
2026-06-01 11:03,628,한국에너지기술연구원,2026-06-01,꼼꼼히 읽어보았고 해당 내용 확인하였음,28,해당 사항 없음,"실내, 옥외 작업 시 냉방장치를 설치 및 가동 중임|실외 작업없음",해당 사항 없음,해당없음,"섭취 주의사항 확인하였으며, 대용량 식염포도당 비치함",이해하였으며 관리 중임,이해함,이해함,
2026-06-01 11:13,629,LG CNS 증미통합이행센터,2026-06-01,꼼꼼히 읽어보았고 해당 내용 확인하였음,24.7,해당 사항 없음,"금일 온열질환 예방 교육을 실시함 (TBM 혹은 별도 교육)|현장에 <온열질환 예방 수칙 OPS> 게시함|깨끗하고 시원한 물, 이온음료, 식염포도당 등을 작업장 인근에 상시 비치함|햇볕을 차단할 수 있는 그늘막 및 휴게공간을 제공함|체감온도 33℃ 이상이 되는 작업장소에서 폭염작업을 하는 경우 매 2시간 이내 20분 이상의 휴식을 취하도록 함 (1시간마다 10분 이상의 휴식을 부여하는 것도 가능)|무더위 시간대(14~17시) 사이에 실외 작업을 되도록 하지 않았음|실내, 옥외 작업 시 냉방장치를 설치 및 가동 중임|근로자 중 온열질환 민감군(※ 신규 배치자, 과거 온열질환 경력자, 고령자, 뇌심혈관질환자, 고·저혈압환자, 당뇨질환자, 신장질환자, 음주자, 장애인 등)을 파악하여 관리하고 있음|2인 1조  작업을 통해 근로자 간 상호 건강 상태를 수시로 확인하도록 하고 있음|응급상황 대비 비상연락망을 구축하고, 인근 의료기관 및 구급차 진입로를 사전에 파악하고 있음",해당 사항 없음,해당없음,지급하고 있지 않음,이해하였으며 관리 중임,이해함,이해함,"실내 온도 및 냉방 상태 수시 확인, 근무자 이상 증상 발생 여부 확인"
2026-06-01 11:18,630,마곡 건와 빌딩,2026-05-30,꼼꼼히 읽어보았고 해당 내용 확인하였음,25,해당 사항 없음,"햇볕을 차단할 수 있는 그늘막 및 휴게공간을 제공함|무더위 시간대(14~17시) 사이에 실외 작업을 되도록 하지 않았음|실내, 옥외 작업 시 냉방장치를 설치 및 가동 중임",해당 사항 없음,해당없음,지급하고 있지 않음,이해하였으며 관리 중임,이해함,이해함,
2026-06-01 11:26,631,부산데상트연구소,2026-06-01,꼼꼼히 읽어보았고 해당 내용 확인하였음,28,해당 사항 없음,"금일 온열질환 예방 교육을 실시함 (TBM 혹은 별도 교육)|현장에 <온열질환 예방 수칙 OPS> 게시함|깨끗하고 시원한 물, 이온음료, 식염포도당 등을 작업장 인근에 상시 비치함|햇볕을 차단할 수 있는 그늘막 및 휴게공간을 제공함|무더위 시간대(14~17시) 사이에 실외 작업을 되도록 하지 않았음|실내, 옥외 작업 시 냉방장치를 설치 및 가동 중임|근로자 중 온열질환 민감군(※ 신규 배치자, 과거 온열질환 경력자, 고령자, 뇌심혈관질환자, 고·저혈압환자, 당뇨질환자, 신장질환자, 음주자, 장애인 등)을 파악하여 관리하고 있음|2인 1조  작업을 통해 근로자 간 상호 건강 상태를 수시로 확인하도록 하고 있음|응급상황 대비 비상연락망을 구축하고, 인근 의료기관 및 구급차 진입로를 사전에 파악하고 있음",해당 사항 없음,해당없음,"섭취 주의사항 확인하였으며, 낱개형태의 식염포도당 혹은 분말형 이온음료 비치함",이해하였으며 관리 중임,이해함,이해함,
2026-06-01 11:49,632,LG사이언스파크 DP2,2026-06-01,꼼꼼히 읽어보았고 해당 내용 확인하였음,30,해당 사항 없음,"현장 내 온습도계를 비치하여 매시간 체감온도를 확인하고 근로자에게 전파하고 있음|금일 온열질환 예방 교육을 실시함 (TBM 혹은 별도 교육)|현장에 <온열질환 예방 수칙 OPS> 게시함|깨끗하고 시원한 물, 이온음료, 식염포도당 등을 작업장 인근에 상시 비치함|햇볕을 차단할 수 있는 그늘막 및 휴게공간을 제공함|체감온도 33℃ 이상이 되는 작업장소에서 폭염작업을 하는 경우 매 2시간 이내 20분 이상의 휴식을 취하도록 함 (1시간마다 10분 이상의 휴식을 부여하는 것도 가능)|무더위 시간대(14~17시) 사이에 실외 작업을 되도록 하지 않았음|실내, 옥외 작업 시 냉방장치를 설치 및 가동 중임|근로자에게 쿨토시, 아이스 조끼 등 냉감용품을 지급함|근로자 중 온열질환 민감군(※ 신규 배치자, 과거 온열질환 경력자, 고령자, 뇌심혈관질환자, 고·저혈압환자, 당뇨질환자, 신장질환자, 음주자, 장애인 등)을 파악하여 관리하고 있음|2인 1조  작업을 통해 근로자 간 상호 건강 상태를 수시로 확인하도록 하고 있음|응급상황 대비 비상연락망을 구축하고, 인근 의료기관 및 구급차 진입로를 사전에 파악하고 있음",해당 사항 없음,해당없음,"섭취 주의사항 확인하였으며, 낱개형태의 식염포도당 혹은 분말형 이온음료 비치함",이해하였으며 관리 중임,이해함,이해함,관리감독자 매시간 온열질한 관련 점검 및 체크
2026-06-01 12:11,633,삼신봉터널,2026-06-01,꼼꼼히 읽어보았고 해당 내용 확인하였음,27.1,해당 사항 없음,"현장 내 온습도계를 비치하여 매시간 체감온도를 확인하고 근로자에게 전파하고 있음|현장에 <온열질환 예방 수칙 OPS> 게시함|깨끗하고 시원한 물, 이온음료, 식염포도당 등을 작업장 인근에 상시 비치함|햇볕을 차단할 수 있는 그늘막 및 휴게공간을 제공함|무더위 시간대(14~17시) 사이에 실외 작업을 되도록 하지 않았음|실내, 옥외 작업 시 냉방장치를 설치 및 가동 중임|근로자 중 온열질환 민감군(※ 신규 배치자, 과거 온열질환 경력자, 고령자, 뇌심혈관질환자, 고·저혈압환자, 당뇨질환자, 신장질환자, 음주자, 장애인 등)을 파악하여 관리하고 있음|2인 1조  작업을 통해 근로자 간 상호 건강 상태를 수시로 확인하도록 하고 있음|응급상황 대비 비상연락망을 구축하고, 인근 의료기관 및 구급차 진입로를 사전에 파악하고 있음",해당 사항 없음,해당없음,얼음과 냉수 비치,이해하였으며 관리 중임,이해함,이해함,"에어콘,정수기,제빙기 작동 점검"
2026-06-01 12:15,634,삼신봉터널,2026-06-01,꼼꼼히 읽어보았고 해당 내용 확인하였음,27.1,해당 사항 없음,"현장 내 온습도계를 비치하여 매시간 체감온도를 확인하고 근로자에게 전파하고 있음|현장에 <온열질환 예방 수칙 OPS> 게시함|깨끗하고 시원한 물, 이온음료, 식염포도당 등을 작업장 인근에 상시 비치함|햇볕을 차단할 수 있는 그늘막 및 휴게공간을 제공함|무더위 시간대(14~17시) 사이에 실외 작업을 되도록 하지 않았음|실내, 옥외 작업 시 냉방장치를 설치 및 가동 중임|근로자 중 온열질환 민감군(※ 신규 배치자, 과거 온열질환 경력자, 고령자, 뇌심혈관질환자, 고·저혈압환자, 당뇨질환자, 신장질환자, 음주자, 장애인 등)을 파악하여 관리하고 있음|2인 1조  작업을 통해 근로자 간 상호 건강 상태를 수시로 확인하도록 하고 있음|응급상황 대비 비상연락망을 구축하고, 인근 의료기관 및 구급차 진입로를 사전에 파악하고 있음",해당 사항 없음,해당없음,"시원한 물, 얼음",이해하였으며 관리 중임,이해함,이해함,"에어콘, 제빙기 작동 점검"
2026-06-01 12:16,635,이마트 경산물류센터,2026-06-01,꼼꼼히 읽어보았고 해당 내용 확인하였음,28,해당 사항 없음,"현장 내 온습도계를 비치하여 매시간 체감온도를 확인하고 근로자에게 전파하고 있음|금일 온열질환 예방 교육을 실시함 (TBM 혹은 별도 교육)|현장에 <온열질환 예방 수칙 OPS> 게시함|깨끗하고 시원한 물, 이온음료, 식염포도당 등을 작업장 인근에 상시 비치함|햇볕을 차단할 수 있는 그늘막 및 휴게공간을 제공함|체감온도 33℃ 이상이 되는 작업장소에서 폭염작업을 하는 경우 매 2시간 이내 20분 이상의 휴식을 취하도록 함 (1시간마다 10분 이상의 휴식을 부여하는 것도 가능)|무더위 시간대(14~17시) 사이에 실외 작업을 되도록 하지 않았음|실내, 옥외 작업 시 냉방장치를 설치 및 가동 중임|근로자 중 온열질환 민감군(※ 신규 배치자, 과거 온열질환 경력자, 고령자, 뇌심혈관질환자, 고·저혈압환자, 당뇨질환자, 신장질환자, 음주자, 장애인 등)을 파악하여 관리하고 있음|응급상황 대비 비상연락망을 구축하고, 인근 의료기관 및 구급차 진입로를 사전에 파악하고 있음",해당 사항 없음,해당없음,생수 비치,이해하였으며 관리 중임,이해함,이해함,
2026-06-01 12:31,636,천안환경에너지사업소,2026-06-01,꼼꼼히 읽어보았고 해당 내용 확인하였음,26,해당 사항 없음,"현장 내 온습도계를 비치하여 매시간 체감온도를 확인하고 근로자에게 전파하고 있음|금일 온열질환 예방 교육을 실시함 (TBM 혹은 별도 교육)|현장에 <온열질환 예방 수칙 OPS> 게시함|깨끗하고 시원한 물, 이온음료, 식염포도당 등을 작업장 인근에 상시 비치함|햇볕을 차단할 수 있는 그늘막 및 휴게공간을 제공함|체감온도 33℃ 이상이 되는 작업장소에서 폭염작업을 하는 경우 매 2시간 이내 20분 이상의 휴식을 취하도록 함 (1시간마다 10분 이상의 휴식을 부여하는 것도 가능)|무더위 시간대(14~17시) 사이에 실외 작업을 되도록 하지 않았음|실내, 옥외 작업 시 냉방장치를 설치 및 가동 중임|근로자에게 쿨토시, 아이스 조끼 등 냉감용품을 지급함|근로자 중 온열질환 민감군(※ 신규 배치자, 과거 온열질환 경력자, 고령자, 뇌심혈관질환자, 고·저혈압환자, 당뇨질환자, 신장질환자, 음주자, 장애인 등)을 파악하여 관리하고 있음|응급상황 대비 비상연락망을 구축하고, 인근 의료기관 및 구급차 진입로를 사전에 파악하고 있음",해당 사항 없음,해당없음,"섭취 주의사항 확인하였으며, 낱개형태의 식염포도당 혹은 분말형 이온음료 비치함",이해하였으며 관리 중임,이해함,이해함,
2026-06-01 12:33,637,홍익대세종미화 박성환소장,2026-06-01,꼼꼼히 읽어보았고 해당 내용 확인하였음,26.7,해당 사항 없음,"현장 내 온습도계를 비치하여 매시간 체감온도를 확인하고 근로자에게 전파하고 있음|금일 온열질환 예방 교육을 실시함 (TBM 혹은 별도 교육)|현장에 <온열질환 예방 수칙 OPS> 게시함|깨끗하고 시원한 물, 이온음료, 식염포도당 등을 작업장 인근에 상시 비치함|햇볕을 차단할 수 있는 그늘막 및 휴게공간을 제공함|체감온도 33℃ 이상이 되는 작업장소에서 폭염작업을 하는 경우 매 2시간 이내 20분 이상의 휴식을 취하도록 함 (1시간마다 10분 이상의 휴식을 부여하는 것도 가능)|무더위 시간대(14~17시) 사이에 실외 작업을 되도록 하지 않았음|실내, 옥외 작업 시 냉방장치를 설치 및 가동 중임|근로자 중 온열질환 민감군(※ 신규 배치자, 과거 온열질환 경력자, 고령자, 뇌심혈관질환자, 고·저혈압환자, 당뇨질환자, 신장질환자, 음주자, 장애인 등)을 파악하여 관리하고 있음|2인 1조  작업을 통해 근로자 간 상호 건강 상태를 수시로 확인하도록 하고 있음|응급상황 대비 비상연락망을 구축하고, 인근 의료기관 및 구급차 진입로를 사전에 파악하고 있음",해당 사항 없음,해당없음,지급하고 있지 않음,이해하였으며 관리 중임,이해함,이해함,수시점검중
2026-06-01 12:36,638,한진 월미도 물류센터,2026-06-01,꼼꼼히 읽어보았고 해당 내용 확인하였음,25.1,해당 사항 없음,"현장 내 온습도계를 비치하여 매시간 체감온도를 확인하고 근로자에게 전파하고 있음|금일 온열질환 예방 교육을 실시함 (TBM 혹은 별도 교육)|현장에 <온열질환 예방 수칙 OPS> 게시함|깨끗하고 시원한 물, 이온음료, 식염포도당 등을 작업장 인근에 상시 비치함|햇볕을 차단할 수 있는 그늘막 및 휴게공간을 제공함|무더위 시간대(14~17시) 사이에 실외 작업을 되도록 하지 않았음|실내, 옥외 작업 시 냉방장치를 설치 및 가동 중임|근로자 중 온열질환 민감군(※ 신규 배치자, 과거 온열질환 경력자, 고령자, 뇌심혈관질환자, 고·저혈압환자, 당뇨질환자, 신장질환자, 음주자, 장애인 등)을 파악하여 관리하고 있음|2인 1조  작업을 통해 근로자 간 상호 건강 상태를 수시로 확인하도록 하고 있음|응급상황 대비 비상연락망을 구축하고, 인근 의료기관 및 구급차 진입로를 사전에 파악하고 있음",해당 사항 없음,해당없음,정수기 냉수,이해하였으며 관리 중임,이해함,이해함,냉방기 정상 작동상태 확인
2026-06-01 12:38,639,현대자동차 군산하이테크센터,2026-06-01,꼼꼼히 읽어보았고 해당 내용 확인하였음,28.3,해당 사항 없음,"현장 내 온습도계를 비치하여 매시간 체감온도를 확인하고 근로자에게 전파하고 있음|현장에 <온열질환 예방 수칙 OPS> 게시함|깨끗하고 시원한 물, 이온음료, 식염포도당 등을 작업장 인근에 상시 비치함|햇볕을 차단할 수 있는 그늘막 및 휴게공간을 제공함|체감온도 33℃ 이상이 되는 작업장소에서 폭염작업을 하는 경우 매 2시간 이내 20분 이상의 휴식을 취하도록 함 (1시간마다 10분 이상의 휴식을 부여하는 것도 가능)|무더위 시간대(14~17시) 사이에 실외 작업을 되도록 하지 않았음|실내, 옥외 작업 시 냉방장치를 설치 및 가동 중임|근로자 중 온열질환 민감군(※ 신규 배치자, 과거 온열질환 경력자, 고령자, 뇌심혈관질환자, 고·저혈압환자, 당뇨질환자, 신장질환자, 음주자, 장애인 등)을 파악하여 관리하고 있음|2인 1조  작업을 통해 근로자 간 상호 건강 상태를 수시로 확인하도록 하고 있음|응급상황 대비 비상연락망을 구축하고, 인근 의료기관 및 구급차 진입로를 사전에 파악하고 있음",해당 사항 없음,해당없음,"식염포도당, 분말형 이온음료는 비치하고 있지 않으나, 인근 휴게시설에서 냉온정수기 및 냉난방시설이 구비되어 있어, 근로자가 근무 중 수시로 휴게가 가능하도록 하고 있습니다.",이해하였으며 관리 중임,이해함,이해함,
2026-06-01 12:38,640,한진 인천 정비공장,2026-06-01,꼼꼼히 읽어보았고 해당 내용 확인하였음,25.6,해당 사항 없음,"현장 내 온습도계를 비치하여 매시간 체감온도를 확인하고 근로자에게 전파하고 있음|금일 온열질환 예방 교육을 실시함 (TBM 혹은 별도 교육)|현장에 <온열질환 예방 수칙 OPS> 게시함|깨끗하고 시원한 물, 이온음료, 식염포도당 등을 작업장 인근에 상시 비치함|햇볕을 차단할 수 있는 그늘막 및 휴게공간을 제공함|무더위 시간대(14~17시) 사이에 실외 작업을 되도록 하지 않았음|실내, 옥외 작업 시 냉방장치를 설치 및 가동 중임|근로자 중 온열질환 민감군(※ 신규 배치자, 과거 온열질환 경력자, 고령자, 뇌심혈관질환자, 고·저혈압환자, 당뇨질환자, 신장질환자, 음주자, 장애인 등)을 파악하여 관리하고 있음|2인 1조  작업을 통해 근로자 간 상호 건강 상태를 수시로 확인하도록 하고 있음|응급상황 대비 비상연락망을 구축하고, 인근 의료기관 및 구급차 진입로를 사전에 파악하고 있음",해당 사항 없음,해당없음,정수기 냉수,이해하였으며 관리 중임,이해함,이해함,냉방기 정상 작동상태 확인
2026-06-01 12:54,641,용산 LG U+ 사옥,2026-06-01,꼼꼼히 읽어보았고 해당 내용 확인하였음,26.3,해당 사항 없음,"금일 온열질환 예방 교육을 실시함 (TBM 혹은 별도 교육)|현장에 <온열질환 예방 수칙 OPS> 게시함|깨끗하고 시원한 물, 이온음료, 식염포도당 등을 작업장 인근에 상시 비치함|햇볕을 차단할 수 있는 그늘막 및 휴게공간을 제공함|체감온도 33℃ 이상이 되는 작업장소에서 폭염작업을 하는 경우 매 2시간 이내 20분 이상의 휴식을 취하도록 함 (1시간마다 10분 이상의 휴식을 부여하는 것도 가능)|무더위 시간대(14~17시) 사이에 실외 작업을 되도록 하지 않았음|실내, 옥외 작업 시 냉방장치를 설치 및 가동 중임|근로자에게 쿨토시, 아이스 조끼 등 냉감용품을 지급함|근로자 중 온열질환 민감군(※ 신규 배치자, 과거 온열질환 경력자, 고령자, 뇌심혈관질환자, 고·저혈압환자, 당뇨질환자, 신장질환자, 음주자, 장애인 등)을 파악하여 관리하고 있음|2인 1조  작업을 통해 근로자 간 상호 건강 상태를 수시로 확인하도록 하고 있음|응급상황 대비 비상연락망을 구축하고, 인근 의료기관 및 구급차 진입로를 사전에 파악하고 있음",해당 사항 없음,해당없음,"섭취 주의사항 확인하였으며, 낱개형태의 식염포도당 혹은 분말형 이온음료 비치함",이해하였으며 관리 중임,이해함,이해함,"오늘 체감온도 26.3 교육및 점검, 특이사항 없습니다."
2026-06-01 13:02,642,파크원 LG에너지솔루션,2026-06-01,꼼꼼히 읽어보았고 해당 내용 확인하였음,24.2,해당 사항 없음,"현장 내 온습도계를 비치하여 매시간 체감온도를 확인하고 근로자에게 전파하고 있음|금일 온열질환 예방 교육을 실시함 (TBM 혹은 별도 교육)|현장에 <온열질환 예방 수칙 OPS> 게시함|깨끗하고 시원한 물, 이온음료, 식염포도당 등을 작업장 인근에 상시 비치함|2인 1조  작업을 통해 근로자 간 상호 건강 상태를 수시로 확인하도록 하고 있음|응급상황 대비 비상연락망을 구축하고, 인근 의료기관 및 구급차 진입로를 사전에 파악하고 있음",해당 사항 없음,해당없음,"섭취 주의사항 확인하였으며, 낱개형태의 식염포도당 혹은 분말형 이온음료 비치함",이해하였으며 관리 중임,이해함,이해함,
2026-06-01 13:03,643,마곡 건와,2026-06-01,꼼꼼히 읽어보았고 해당 내용 확인하였음,26.5,해당 사항 없음,"햇볕을 차단할 수 있는 그늘막 및 휴게공간을 제공함|실내, 옥외 작업 시 냉방장치를 설치 및 가동 중임|근로자 중 온열질환 민감군(※ 신규 배치자, 과거 온열질환 경력자, 고령자, 뇌심혈관질환자, 고·저혈압환자, 당뇨질환자, 신장질환자, 음주자, 장애인 등)을 파악하여 관리하고 있음|2인 1조  작업을 통해 근로자 간 상호 건강 상태를 수시로 확인하도록 하고 있음",해당 사항 없음,해당없음,지급하고 있지 않음,이해하였으며 관리 중임,이해함,이해함,
2026-06-01 13:07,644,국립소방병원,2026-06-01,꼼꼼히 읽어보았고 해당 내용 확인하였음,25.5,해당 사항 없음,"깨끗하고 시원한 물, 이온음료, 식염포도당 등을 작업장 인근에 상시 비치함|실내, 옥외 작업 시 냉방장치를 설치 및 가동 중임|근로자 중 온열질환 민감군(※ 신규 배치자, 과거 온열질환 경력자, 고령자, 뇌심혈관질환자, 고·저혈압환자, 당뇨질환자, 신장질환자, 음주자, 장애인 등)을 파악하여 관리하고 있음|2인 1조  작업을 통해 근로자 간 상호 건강 상태를 수시로 확인하도록 하고 있음|응급상황 대비 비상연락망을 구축하고, 인근 의료기관 및 구급차 진입로를 사전에 파악하고 있음",해당 사항 없음,해당없음,냉장고에 포카리스웨트 등 이온음료 비치하고 있음,이해하였으며 관리 중임,이해함,이해함,"냉방설비,식수, 휴게시설 상태를 점검하였으면 온열질환 예방교육 및 근로자 건강상태 확인을 실시함"
2026-06-01 13:11,645,의왕연구소,2026-06-01,꼼꼼히 읽어보았고 해당 내용 확인하였음,23,해당 사항 없음,"현장에 <온열질환 예방 수칙 OPS> 게시함|실내, 옥외 작업 시 냉방장치를 설치 및 가동 중임",해당 사항 없음,해당없음,"섭취 주의사항 확인하였으며, 대용량 식염포도당 비치함",이해하였으며 관리 중임,이해함,이해함,
2026-06-01 13:16,646,천경 을지로 운영센터,2026-06-01,꼼꼼히 읽어보았고 해당 내용 확인하였음,27,해당 사항 없음,"금일 온열질환 예방 교육을 실시함 (TBM 혹은 별도 교육)|현장에 <온열질환 예방 수칙 OPS> 게시함|깨끗하고 시원한 물, 이온음료, 식염포도당 등을 작업장 인근에 상시 비치함|햇볕을 차단할 수 있는 그늘막 및 휴게공간을 제공함|체감온도 33℃ 이상이 되는 작업장소에서 폭염작업을 하는 경우 매 2시간 이내 20분 이상의 휴식을 취하도록 함 (1시간마다 10분 이상의 휴식을 부여하는 것도 가능)|무더위 시간대(14~17시) 사이에 실외 작업을 되도록 하지 않았음|실내, 옥외 작업 시 냉방장치를 설치 및 가동 중임|근로자에게 쿨토시, 아이스 조끼 등 냉감용품을 지급함|근로자 중 온열질환 민감군(※ 신규 배치자, 과거 온열질환 경력자, 고령자, 뇌심혈관질환자, 고·저혈압환자, 당뇨질환자, 신장질환자, 음주자, 장애인 등)을 파악하여 관리하고 있음|2인 1조  작업을 통해 근로자 간 상호 건강 상태를 수시로 확인하도록 하고 있음|응급상황 대비 비상연락망을 구축하고, 인근 의료기관 및 구급차 진입로를 사전에 파악하고 있음",해당 사항 없음,해당없음,"섭취 주의사항 확인하였으며, 낱개형태의 식염포도당 혹은 분말형 이온음료 비치함",이해하였으며 관리 중임,이해함,이해함,외곽 청소 작업 시 시원하고 깨끗한 물을 충분히 제공
2026-06-01 13:19,647,교원대구빌딩,2026-06-01,꼼꼼히 읽어보았고 해당 내용 확인하였음,28.7,해당 사항 없음,"현장 내 온습도계를 비치하여 매시간 체감온도를 확인하고 근로자에게 전파하고 있음|현장에 <온열질환 예방 수칙 OPS> 게시함|깨끗하고 시원한 물, 이온음료, 식염포도당 등을 작업장 인근에 상시 비치함|햇볕을 차단할 수 있는 그늘막 및 휴게공간을 제공함|근로자 중 온열질환 민감군(※ 신규 배치자, 과거 온열질환 경력자, 고령자, 뇌심혈관질환자, 고·저혈압환자, 당뇨질환자, 신장질환자, 음주자, 장애인 등)을 파악하여 관리하고 있음|응급상황 대비 비상연락망을 구축하고, 인근 의료기관 및 구급차 진입로를 사전에 파악하고 있음",해당 사항 없음,해당없음,지급하고 있지 않음,이해하였으며 관리 중임,이해함,이해함,
2026-06-01 13:25,648,GS타워,2026-06-01,꼼꼼히 읽어보았고 해당 내용 확인하였음,27,해당 사항 없음,"현장 내 온습도계를 비치하여 매시간 체감온도를 확인하고 근로자에게 전파하고 있음|현장에 <온열질환 예방 수칙 OPS> 게시함|깨끗하고 시원한 물, 이온음료, 식염포도당 등을 작업장 인근에 상시 비치함|체감온도 33℃ 이상이 되는 작업장소에서 폭염작업을 하는 경우 매 2시간 이내 20분 이상의 휴식을 취하도록 함 (1시간마다 10분 이상의 휴식을 부여하는 것도 가능)|근로자에게 쿨토시, 아이스 조끼 등 냉감용품을 지급함|근로자 중 온열질환 민감군(※ 신규 배치자, 과거 온열질환 경력자, 고령자, 뇌심혈관질환자, 고·저혈압환자, 당뇨질환자, 신장질환자, 음주자, 장애인 등)을 파악하여 관리하고 있음|2인 1조  작업을 통해 근로자 간 상호 건강 상태를 수시로 확인하도록 하고 있음|응급상황 대비 비상연락망을 구축하고, 인근 의료기관 및 구급차 진입로를 사전에 파악하고 있음|순찰중 근로자들에게 무리하지 않도록 지도",해당 사항 없음,해당없음,무더운 날씨엔 이온음료 지급,이해하였으며 관리 중임,이해함,이해함,매일 근무자들에게 작업시간중 충분한 휴식시간을 갖도록 지도합니다.
2026-06-01 13:31,649,교원대구빌딩,2026-05-28,꼼꼼히 읽어보았고 해당 내용 확인하였음,27,해당 사항 없음,"현장 내 온습도계를 비치하여 매시간 체감온도를 확인하고 근로자에게 전파하고 있음|현장에 <온열질환 예방 수칙 OPS> 게시함|깨끗하고 시원한 물, 이온음료, 식염포도당 등을 작업장 인근에 상시 비치함|햇볕을 차단할 수 있는 그늘막 및 휴게공간을 제공함|실내, 옥외 작업 시 냉방장치를 설치 및 가동 중임|근로자 중 온열질환 민감군(※ 신규 배치자, 과거 온열질환 경력자, 고령자, 뇌심혈관질환자, 고·저혈압환자, 당뇨질환자, 신장질환자, 음주자, 장애인 등)을 파악하여 관리하고 있음|응급상황 대비 비상연락망을 구축하고, 인근 의료기관 및 구급차 진입로를 사전에 파악하고 있음",해당 사항 없음,해당없음,지급하고 있지 않음,이해하였으며 관리 중임,이해함,이해함,
2026-06-01 13:32,650,가든파이브웍스,2026-06-01,꼼꼼히 읽어보았고 해당 내용 확인하였음,28,해당 사항 없음,"깨끗하고 시원한 물, 이온음료, 식염포도당 등을 작업장 인근에 상시 비치함|무더위 시간대(14~17시) 사이에 실외 작업을 되도록 하지 않았음|2인 1조  작업을 통해 근로자 간 상호 건강 상태를 수시로 확인하도록 하고 있음",해당 사항 없음,해당없음,지급하고 있지 않음,이해하였으며 관리 중임,이해함,이해함,
2026-06-01 13:32,651,경주교원드림센터,2026-06-01,꼼꼼히 읽어보았고 해당 내용 확인하였음,29,해당 사항 없음,"현장 내 온습도계를 비치하여 매시간 체감온도를 확인하고 근로자에게 전파하고 있음|금일 온열질환 예방 교육을 실시함 (TBM 혹은 별도 교육)|현장에 <온열질환 예방 수칙 OPS> 게시함|깨끗하고 시원한 물, 이온음료, 식염포도당 등을 작업장 인근에 상시 비치함|햇볕을 차단할 수 있는 그늘막 및 휴게공간을 제공함|체감온도 33℃ 이상이 되는 작업장소에서 폭염작업을 하는 경우 매 2시간 이내 20분 이상의 휴식을 취하도록 함 (1시간마다 10분 이상의 휴식을 부여하는 것도 가능)|무더위 시간대(14~17시) 사이에 실외 작업을 되도록 하지 않았음|실내, 옥외 작업 시 냉방장치를 설치 및 가동 중임|근로자 중 온열질환 민감군(※ 신규 배치자, 과거 온열질환 경력자, 고령자, 뇌심혈관질환자, 고·저혈압환자, 당뇨질환자, 신장질환자, 음주자, 장애인 등)을 파악하여 관리하고 있음|2인 1조  작업을 통해 근로자 간 상호 건강 상태를 수시로 확인하도록 하고 있음|응급상황 대비 비상연락망을 구축하고, 인근 의료기관 및 구급차 진입로를 사전에 파악하고 있음",해당 사항 없음,해당없음,지급하고 있지 않음,이해하였으며 관리 중임,이해함,이해함,
2026-06-01 13:33,652,현대자동차 전주공장 미화팀,2026-06-01,꼼꼼히 읽어보았고 해당 내용 확인하였음,26.3,해당 사항 없음,"실내, 옥외 작업 시 냉방장치를 설치 및 가동 중임",해당 사항 없음,해당없음,"섭취 주의사항 확인하였으며, 대용량 식염포도당 비치함",이해하였으며 관리 중임,이해함,이해함,
2026-06-01 13:34,653,남대문 자유상가,2026-06-01,꼼꼼히 읽어보았고 해당 내용 확인하였음,27,해당 사항 없음,"현장에 <온열질환 예방 수칙 OPS> 게시함|깨끗하고 시원한 물, 이온음료, 식염포도당 등을 작업장 인근에 상시 비치함|햇볕을 차단할 수 있는 그늘막 및 휴게공간을 제공함|무더위 시간대(14~17시) 사이에 실외 작업을 되도록 하지 않았음|실내, 옥외 작업 시 냉방장치를 설치 및 가동 중임|근로자 중 온열질환 민감군(※ 신규 배치자, 과거 온열질환 경력자, 고령자, 뇌심혈관질환자, 고·저혈압환자, 당뇨질환자, 신장질환자, 음주자, 장애인 등)을 파악하여 관리하고 있음|2인 1조  작업을 통해 근로자 간 상호 건강 상태를 수시로 확인하도록 하고 있음|응급상황 대비 비상연락망을 구축하고, 인근 의료기관 및 구급차 진입로를 사전에 파악하고 있음",해당 사항 없음,해당없음,지급하고 있지 않음,이해하였으며 관리 중임,이해함,이해함,
2026-06-01 13:37,654,교원파주문류센타,2026-06-01,꼼꼼히 읽어보았고 해당 내용 확인하였음,28,해당 사항 없음,현장 내 온습도계를 비치하여 매시간 체감온도를 확인하고 근로자에게 전파하고 있음|2인 1조  작업을 통해 근로자 간 상호 건강 상태를 수시로 확인하도록 하고 있음,해당 사항 없음,해당없음,지급하고 있지 않음,이해하였으며 관리 중임,이해함,이해함,
2026-06-01 13:42,655,교원성수빌딩,2026-06-01,꼼꼼히 읽어보았고 해당 내용 확인하였음,27.4,해당 사항 없음,"현장 내 온습도계를 비치하여 매시간 체감온도를 확인하고 근로자에게 전파하고 있음|현장에 <온열질환 예방 수칙 OPS> 게시함|깨끗하고 시원한 물, 이온음료, 식염포도당 등을 작업장 인근에 상시 비치함|햇볕을 차단할 수 있는 그늘막 및 휴게공간을 제공함|체감온도 33℃ 이상이 되는 작업장소에서 폭염작업을 하는 경우 매 2시간 이내 20분 이상의 휴식을 취하도록 함 (1시간마다 10분 이상의 휴식을 부여하는 것도 가능)|무더위 시간대(14~17시) 사이에 실외 작업을 되도록 하지 않았음|실내, 옥외 작업 시 냉방장치를 설치 및 가동 중임|근로자 중 온열질환 민감군(※ 신규 배치자, 과거 온열질환 경력자, 고령자, 뇌심혈관질환자, 고·저혈압환자, 당뇨질환자, 신장질환자, 음주자, 장애인 등)을 파악하여 관리하고 있음|응급상황 대비 비상연락망을 구축하고, 인근 의료기관 및 구급차 진입로를 사전에 파악하고 있음",해당 사항 없음,해당없음,지급하고 있지 않음,이해하였으며 관리 중임,이해함,이해함,"체감온도 및 폭염주위보 발령시
휴게실시로 건강상태 이상없도록 관 실시함."
2026-06-01 13:43,656,LG에너지솔루션 과천R&D캠퍼스,2026-06-01,꼼꼼히 읽어보았고 해당 내용 확인하였음,26.5,해당 사항 없음,"현장 내 온습도계를 비치하여 매시간 체감온도를 확인하고 근로자에게 전파하고 있음|금일 온열질환 예방 교육을 실시함 (TBM 혹은 별도 교육)|현장에 <온열질환 예방 수칙 OPS> 게시함|깨끗하고 시원한 물, 이온음료, 식염포도당 등을 작업장 인근에 상시 비치함|햇볕을 차단할 수 있는 그늘막 및 휴게공간을 제공함|체감온도 33℃ 이상이 되는 작업장소에서 폭염작업을 하는 경우 매 2시간 이내 20분 이상의 휴식을 취하도록 함 (1시간마다 10분 이상의 휴식을 부여하는 것도 가능)|무더위 시간대(14~17시) 사이에 실외 작업을 되도록 하지 않았음|실내, 옥외 작업 시 냉방장치를 설치 및 가동 중임|근로자에게 쿨토시, 아이스 조끼 등 냉감용품을 지급함|근로자 중 온열질환 민감군(※ 신규 배치자, 과거 온열질환 경력자, 고령자, 뇌심혈관질환자, 고·저혈압환자, 당뇨질환자, 신장질환자, 음주자, 장애인 등)을 파악하여 관리하고 있음|2인 1조  작업을 통해 근로자 간 상호 건강 상태를 수시로 확인하도록 하고 있음|응급상황 대비 비상연락망을 구축하고, 인근 의료기관 및 구급차 진입로를 사전에 파악하고 있음",해당 사항 없음,해당없음,지급하고 있지 않음,이해하였으며 관리 중임,이해함,이해함,
2026-06-01 13:45,657,343강남빌딩,2026-06-01,꼼꼼히 읽어보았고 해당 내용 확인하였음,23,해당 사항 없음,"현장 내 온습도계를 비치하여 매시간 체감온도를 확인하고 근로자에게 전파하고 있음|금일 온열질환 예방 교육을 실시함 (TBM 혹은 별도 교육)|깨끗하고 시원한 물, 이온음료, 식염포도당 등을 작업장 인근에 상시 비치함|실내, 옥외 작업 시 냉방장치를 설치 및 가동 중임|근로자 중 온열질환 민감군(※ 신규 배치자, 과거 온열질환 경력자, 고령자, 뇌심혈관질환자, 고·저혈압환자, 당뇨질환자, 신장질환자, 음주자, 장애인 등)을 파악하여 관리하고 있음|2인 1조  작업을 통해 근로자 간 상호 건강 상태를 수시로 확인하도록 하고 있음|응급상황 대비 비상연락망을 구축하고, 인근 의료기관 및 구급차 진입로를 사전에 파악하고 있음",해당 사항 없음,해당없음,실내작업으로 정수기 상시배치,이해하였으며 관리 중임,이해함,이해함,"실외 작업시 오전중 실시
금일 실외작업 없음"
2026-06-01 13:45,658,이대서울병원,2026-06-01,꼼꼼히 읽어보았고 해당 내용 확인하였음,27.2,해당 사항 없음,"현장 내 온습도계를 비치하여 매시간 체감온도를 확인하고 근로자에게 전파하고 있음|금일 온열질환 예방 교육을 실시함 (TBM 혹은 별도 교육)|현장에 <온열질환 예방 수칙 OPS> 게시함|깨끗하고 시원한 물, 이온음료, 식염포도당 등을 작업장 인근에 상시 비치함|근로자에게 쿨토시, 아이스 조끼 등 냉감용품을 지급함",해당 사항 없음,해당없음,"섭취 주의사항 확인하였으며, 낱개형태의 식염포도당 혹은 분말형 이온음료 비치함",이해하였으며 관리 중임,이해함,이해함,
2026-06-01 13:50,659,교직원공제회 여의도,2026-06-01,꼼꼼히 읽어보았고 해당 내용 확인하였음,38,해당 사항 없음,"금일 온열질환 예방 교육을 실시함 (TBM 혹은 별도 교육)|현장에 <온열질환 예방 수칙 OPS> 게시함|깨끗하고 시원한 물, 이온음료, 식염포도당 등을 작업장 인근에 상시 비치함|햇볕을 차단할 수 있는 그늘막 및 휴게공간을 제공함|체감온도 33℃ 이상이 되는 작업장소에서 폭염작업을 하는 경우 매 2시간 이내 20분 이상의 휴식을 취하도록 함 (1시간마다 10분 이상의 휴식을 부여하는 것도 가능)|무더위 시간대(14~17시) 사이에 실외 작업을 되도록 하지 않았음|실내, 옥외 작업 시 냉방장치를 설치 및 가동 중임|근로자에게 쿨토시, 아이스 조끼 등 냉감용품을 지급함|근로자 중 온열질환 민감군(※ 신규 배치자, 과거 온열질환 경력자, 고령자, 뇌심혈관질환자, 고·저혈압환자, 당뇨질환자, 신장질환자, 음주자, 장애인 등)을 파악하여 관리하고 있음|응급상황 대비 비상연락망을 구축하고, 인근 의료기관 및 구급차 진입로를 사전에 파악하고 있음",해당 사항 없음,해당없음,지급하고 있지 않음,이해하였으며 관리 중임,이해함,이해함,
2026-06-01 13:52,660,서우빌딩,2026-06-01,꼼꼼히 읽어보았고 해당 내용 확인하였음,29,해당 사항 없음,"현장 내 온습도계를 비치하여 매시간 체감온도를 확인하고 근로자에게 전파하고 있음|금일 온열질환 예방 교육을 실시함 (TBM 혹은 별도 교육)|현장에 <온열질환 예방 수칙 OPS> 게시함|깨끗하고 시원한 물, 이온음료, 식염포도당 등을 작업장 인근에 상시 비치함|햇볕을 차단할 수 있는 그늘막 및 휴게공간을 제공함|체감온도 33℃ 이상이 되는 작업장소에서 폭염작업을 하는 경우 매 2시간 이내 20분 이상의 휴식을 취하도록 함 (1시간마다 10분 이상의 휴식을 부여하는 것도 가능)|무더위 시간대(14~17시) 사이에 실외 작업을 되도록 하지 않았음|근로자 중 온열질환 민감군(※ 신규 배치자, 과거 온열질환 경력자, 고령자, 뇌심혈관질환자, 고·저혈압환자, 당뇨질환자, 신장질환자, 음주자, 장애인 등)을 파악하여 관리하고 있음",해당 사항 없음,해당없음,지급하고 있지 않음,이해하였으며 관리 중임,이해함,이해함,
2026-06-01 13:56,661,성우빌딩,2026-06-01,꼼꼼히 읽어보았고 해당 내용 확인하였음,28.9,해당 사항 없음,"금일 온열질환 예방 교육을 실시함 (TBM 혹은 별도 교육)|현장에 <온열질환 예방 수칙 OPS> 게시함|체감온도 33℃ 이상이 되는 작업장소에서 폭염작업을 하는 경우 매 2시간 이내 20분 이상의 휴식을 취하도록 함 (1시간마다 10분 이상의 휴식을 부여하는 것도 가능)|무더위 시간대(14~17시) 사이에 실외 작업을 되도록 하지 않았음|실내, 옥외 작업 시 냉방장치를 설치 및 가동 중임|근로자 중 온열질환 민감군(※ 신규 배치자, 과거 온열질환 경력자, 고령자, 뇌심혈관질환자, 고·저혈압환자, 당뇨질환자, 신장질환자, 음주자, 장애인 등)을 파악하여 관리하고 있음|2인 1조  작업을 통해 근로자 간 상호 건강 상태를 수시로 확인하도록 하고 있음|응급상황 대비 비상연락망을 구축하고, 인근 의료기관 및 구급차 진입로를 사전에 파악하고 있음",해당 사항 없음,해당없음,지급하고 있지 않음,이해하였으며 관리 중임,이해함,이해함,
2026-06-01 13:57,662,가든파이브툴,2026-06-01,꼼꼼히 읽어보았고 해당 내용 확인하였음,27,해당 사항 없음,"현장에 <온열질환 예방 수칙 OPS> 게시함|깨끗하고 시원한 물, 이온음료, 식염포도당 등을 작업장 인근에 상시 비치함|응급상황 대비 비상연락망을 구축하고, 인근 의료기관 및 구급차 진입로를 사전에 파악하고 있음",해당 사항 없음,해당없음,"섭취 주의사항 확인하였으며, 낱개형태의 식염포도당 혹은 분말형 이온음료 비치함",이해하였으며 관리 중임,이해함,이해함,네
2026-06-01 13:59,663,쿠팡 양산1fc,2026-06-01,꼼꼼히 읽어보았고 해당 내용 확인하였음,29,해당 사항 없음,"현장 내 온습도계를 비치하여 매시간 체감온도를 확인하고 근로자에게 전파하고 있음|현장에 <온열질환 예방 수칙 OPS> 게시함|깨끗하고 시원한 물, 이온음료, 식염포도당 등을 작업장 인근에 상시 비치함|햇볕을 차단할 수 있는 그늘막 및 휴게공간을 제공함|체감온도 33℃ 이상이 되는 작업장소에서 폭염작업을 하는 경우 매 2시간 이내 20분 이상의 휴식을 취하도록 함 (1시간마다 10분 이상의 휴식을 부여하는 것도 가능)|무더위 시간대(14~17시) 사이에 실외 작업을 되도록 하지 않았음|근로자 중 온열질환 민감군(※ 신규 배치자, 과거 온열질환 경력자, 고령자, 뇌심혈관질환자, 고·저혈압환자, 당뇨질환자, 신장질환자, 음주자, 장애인 등)을 파악하여 관리하고 있음|응급상황 대비 비상연락망을 구축하고, 인근 의료기관 및 구급차 진입로를 사전에 파악하고 있음",해당 사항 없음,해당없음,지급하고 있지 않음,이해하였으며 관리 중임,이해함,이해함,네 알겠습니다.
2026-06-01 14:00,664,서울예대 기숙사,2026-06-01,꼼꼼히 읽어보았고 해당 내용 확인하였음,26.3,해당 사항 없음,"현장 내 온습도계를 비치하여 매시간 체감온도를 확인하고 근로자에게 전파하고 있음|금일 온열질환 예방 교육을 실시함 (TBM 혹은 별도 교육)|깨끗하고 시원한 물, 이온음료, 식염포도당 등을 작업장 인근에 상시 비치함|무더위 시간대(14~17시) 사이에 실외 작업을 되도록 하지 않았음|실내, 옥외 작업 시 냉방장치를 설치 및 가동 중임|응급상황 대비 비상연락망을 구축하고, 인근 의료기관 및 구급차 진입로를 사전에 파악하고 있음",해당 사항 없음,해당없음,지급하고 있지 않음,이해하였으며 관리 중임,이해함,이해함,"무더운날은 야외작업금지
실내냉방장치 가동
1시간일하고 10분간 휴식취함"
2026-06-01 14:01,665,LG에너지솔루션 과천R&D캠퍼스,2026-06-01,꼼꼼히 읽어보았고 해당 내용 확인하였음,25,해당 사항 없음,"현장 내 온습도계를 비치하여 매시간 체감온도를 확인하고 근로자에게 전파하고 있음|금일 온열질환 예방 교육을 실시함 (TBM 혹은 별도 교육)|현장에 <온열질환 예방 수칙 OPS> 게시함|깨끗하고 시원한 물, 이온음료, 식염포도당 등을 작업장 인근에 상시 비치함|햇볕을 차단할 수 있는 그늘막 및 휴게공간을 제공함",해당 사항 없음,해당없음,"섭취 주의사항 확인하였으며, 낱개형태의 식염포도당 혹은 분말형 이온음료 비치함",이해하였으며 관리 중임,이해함,이해함,
2026-06-01 14:02,666,한진인천국제물류센터,2026-06-01,꼼꼼히 읽어보았고 해당 내용 확인하였음,25.4,해당 사항 없음,"현장 내 온습도계를 비치하여 매시간 체감온도를 확인하고 근로자에게 전파하고 있음|깨끗하고 시원한 물, 이온음료, 식염포도당 등을 작업장 인근에 상시 비치함|체감온도 33℃ 이상이 되는 작업장소에서 폭염작업을 하는 경우 매 2시간 이내 20분 이상의 휴식을 취하도록 함 (1시간마다 10분 이상의 휴식을 부여하는 것도 가능)|무더위 시간대(14~17시) 사이에 실외 작업을 되도록 하지 않았음|실내, 옥외 작업 시 냉방장치를 설치 및 가동 중임|근로자 중 온열질환 민감군(※ 신규 배치자, 과거 온열질환 경력자, 고령자, 뇌심혈관질환자, 고·저혈압환자, 당뇨질환자, 신장질환자, 음주자, 장애인 등)을 파악하여 관리하고 있음|2인 1조  작업을 통해 근로자 간 상호 건강 상태를 수시로 확인하도록 하고 있음|응급상황 대비 비상연락망을 구축하고, 인근 의료기관 및 구급차 진입로를 사전에 파악하고 있음",해당 사항 없음,해당없음,"섭취 주의사항 확인하였으며, 낱개형태의 식염포도당 혹은 분말형 이온음료 비치함",이해하였으며 관리 중임,이해함,이해함,
2026-06-01 14:03,667,현대자동차 광주하이테크센터,2026-06-01,꼼꼼히 읽어보았고 해당 내용 확인하였음,28.3,해당 사항 없음,"깨끗하고 시원한 물, 이온음료, 식염포도당 등을 작업장 인근에 상시 비치함|햇볕을 차단할 수 있는 그늘막 및 휴게공간을 제공함",해당 사항 없음,해당없음,"섭취 주의사항 확인하였으며, 대용량 식염포도당 비치함",이해하였으며 관리 중임,이해함,이해함,
2026-06-01 14:15,668,현대자동차 전주보안,2026-06-01,꼼꼼히 읽어보았고 해당 내용 확인하였음,30.2,해당 사항 없음,"현장 내 온습도계를 비치하여 매시간 체감온도를 확인하고 근로자에게 전파하고 있음|현장에 <온열질환 예방 수칙 OPS> 게시함|깨끗하고 시원한 물, 이온음료, 식염포도당 등을 작업장 인근에 상시 비치함|햇볕을 차단할 수 있는 그늘막 및 휴게공간을 제공함",해당 사항 없음,해당없음,"섭취 주의사항 확인하였으며, 대용량 식염포도당 비치함",이해하였으며 관리 중임,이해함,이해함,
2026-06-01 14:21,669,파인디지털,2026-06-01,꼼꼼히 읽어보았고 해당 내용 확인하였음,26.8,해당 사항 없음,"현장에 <온열질환 예방 수칙 OPS> 게시함|깨끗하고 시원한 물, 이온음료, 식염포도당 등을 작업장 인근에 상시 비치함|햇볕을 차단할 수 있는 그늘막 및 휴게공간을 제공함|실내, 옥외 작업 시 냉방장치를 설치 및 가동 중임|근로자 중 온열질환 민감군(※ 신규 배치자, 과거 온열질환 경력자, 고령자, 뇌심혈관질환자, 고·저혈압환자, 당뇨질환자, 신장질환자, 음주자, 장애인 등)을 파악하여 관리하고 있음|2인 1조  작업을 통해 근로자 간 상호 건강 상태를 수시로 확인하도록 하고 있음|응급상황 대비 비상연락망을 구축하고, 인근 의료기관 및 구급차 진입로를 사전에 파악하고 있음",해당 사항 없음,해당없음,"섭취 주의사항 확인하였으며, 낱개형태의 식염포도당 혹은 분말형 이온음료 비치함",이해하였으며 관리 중임,이해함,이해함,
2026-06-01 14:22,670,현대자동차 전주보안,2026-05-29,꼼꼼히 읽어보았고 해당 내용 확인하였음,30,해당 사항 없음,"현장 내 온습도계를 비치하여 매시간 체감온도를 확인하고 근로자에게 전파하고 있음|현장에 <온열질환 예방 수칙 OPS> 게시함|깨끗하고 시원한 물, 이온음료, 식염포도당 등을 작업장 인근에 상시 비치함|햇볕을 차단할 수 있는 그늘막 및 휴게공간을 제공함",해당 사항 없음,해당없음,"섭취 주의사항 확인하였으며, 대용량 식염포도당 비치함",이해하였으며 관리 중임,이해함,이해함,
2026-06-01 14:22,671,쿠팡 부천1FC,2026-06-01,꼼꼼히 읽어보았고 해당 내용 확인하였음,29.9,해당 사항 없음,"현장 내 온습도계를 비치하여 매시간 체감온도를 확인하고 근로자에게 전파하고 있음|금일 온열질환 예방 교육을 실시함 (TBM 혹은 별도 교육)|현장에 <온열질환 예방 수칙 OPS> 게시함|깨끗하고 시원한 물, 이온음료, 식염포도당 등을 작업장 인근에 상시 비치함|체감온도 33℃ 이상이 되는 작업장소에서 폭염작업을 하는 경우 매 2시간 이내 20분 이상의 휴식을 취하도록 함 (1시간마다 10분 이상의 휴식을 부여하는 것도 가능)|실내, 옥외 작업 시 냉방장치를 설치 및 가동 중임|근로자 중 온열질환 민감군(※ 신규 배치자, 과거 온열질환 경력자, 고령자, 뇌심혈관질환자, 고·저혈압환자, 당뇨질환자, 신장질환자, 음주자, 장애인 등)을 파악하여 관리하고 있음|응급상황 대비 비상연락망을 구축하고, 인근 의료기관 및 구급차 진입로를 사전에 파악하고 있음",해당 사항 없음,해당없음,"섭취 주의사항 확인하였으며, 대용량 식염포도당 비치함",이해하였으며 관리 중임,이해함,이해함,"급성질환 유무(두통,어지럼증,근육경련,피로감 등) 확인"
2026-06-01 14:23,672,송암빌딩,2026-06-01,꼼꼼히 읽어보았고 해당 내용 확인하였음,26.3,해당 사항 없음,"현장 내 온습도계를 비치하여 매시간 체감온도를 확인하고 근로자에게 전파하고 있음|금일 온열질환 예방 교육을 실시함 (TBM 혹은 별도 교육)|현장에 <온열질환 예방 수칙 OPS> 게시함|깨끗하고 시원한 물, 이온음료, 식염포도당 등을 작업장 인근에 상시 비치함|햇볕을 차단할 수 있는 그늘막 및 휴게공간을 제공함|체감온도 33℃ 이상이 되는 작업장소에서 폭염작업을 하는 경우 매 2시간 이내 20분 이상의 휴식을 취하도록 함 (1시간마다 10분 이상의 휴식을 부여하는 것도 가능)|무더위 시간대(14~17시) 사이에 실외 작업을 되도록 하지 않았음|실내, 옥외 작업 시 냉방장치를 설치 및 가동 중임|근로자에게 쿨토시, 아이스 조끼 등 냉감용품을 지급함|근로자 중 온열질환 민감군(※ 신규 배치자, 과거 온열질환 경력자, 고령자, 뇌심혈관질환자, 고·저혈압환자, 당뇨질환자, 신장질환자, 음주자, 장애인 등)을 파악하여 관리하고 있음|2인 1조  작업을 통해 근로자 간 상호 건강 상태를 수시로 확인하도록 하고 있음|응급상황 대비 비상연락망을 구축하고, 인근 의료기관 및 구급차 진입로를 사전에 파악하고 있음",해당 사항 없음,해당없음,"섭취 주의사항 확인하였으며, 낱개형태의 식염포도당 혹은 분말형 이온음료 비치함",이해하였으며 관리 중임,이해함,이해함,
2026-06-01 14:24,673,인하대병원 정석타운,2026-06-01,꼼꼼히 읽어보았고 해당 내용 확인하였음,24.4,해당 사항 없음,무더위 시간대(14~17시) 사이에 실외 작업을 되도록 하지 않았음|2인 1조  작업을 통해 근로자 간 상호 건강 상태를 수시로 확인하도록 하고 있음,해당 사항 없음,해당없음,지급하고 있지 않음,이해하였으며 관리 중임,이해함,이해함,시간별 체감온도 확인
2026-06-01 14:24,674,슈피겐 인천물류센터,2026-06-01,꼼꼼히 읽어보았고 해당 내용 확인하였음,24.6,해당 사항 없음,"현장 내 온습도계를 비치하여 매시간 체감온도를 확인하고 근로자에게 전파하고 있음|금일 온열질환 예방 교육을 실시함 (TBM 혹은 별도 교육)|현장에 <온열질환 예방 수칙 OPS> 게시함|깨끗하고 시원한 물, 이온음료, 식염포도당 등을 작업장 인근에 상시 비치함|무더위 시간대(14~17시) 사이에 실외 작업을 되도록 하지 않았음|근로자에게 쿨토시, 아이스 조끼 등 냉감용품을 지급함|근로자 중 온열질환 민감군(※ 신규 배치자, 과거 온열질환 경력자, 고령자, 뇌심혈관질환자, 고·저혈압환자, 당뇨질환자, 신장질환자, 음주자, 장애인 등)을 파악하여 관리하고 있음|응급상황 대비 비상연락망을 구축하고, 인근 의료기관 및 구급차 진입로를 사전에 파악하고 있음",해당 사항 없음,해당없음,"섭취 주의사항 확인하였으며, 낱개형태의 식염포도당 혹은 분말형 이온음료 비치함",온열질환 민감군 온열질환 대층 방법 전파교육,이해함,이해함,
2026-06-01 14:41,675,한국교직원공제회강원회관,2026-06-01,꼼꼼히 읽어보았고 해당 내용 확인하였음,26,해당 사항 없음,"현장 내 온습도계를 비치하여 매시간 체감온도를 확인하고 근로자에게 전파하고 있음|금일 온열질환 예방 교육을 실시함 (TBM 혹은 별도 교육)|현장에 <온열질환 예방 수칙 OPS> 게시함|깨끗하고 시원한 물, 이온음료, 식염포도당 등을 작업장 인근에 상시 비치함|햇볕을 차단할 수 있는 그늘막 및 휴게공간을 제공함|체감온도 33℃ 이상이 되는 작업장소에서 폭염작업을 하는 경우 매 2시간 이내 20분 이상의 휴식을 취하도록 함 (1시간마다 10분 이상의 휴식을 부여하는 것도 가능)|무더위 시간대(14~17시) 사이에 실외 작업을 되도록 하지 않았음|실내, 옥외 작업 시 냉방장치를 설치 및 가동 중임|근로자에게 쿨토시, 아이스 조끼 등 냉감용품을 지급함|근로자 중 온열질환 민감군(※ 신규 배치자, 과거 온열질환 경력자, 고령자, 뇌심혈관질환자, 고·저혈압환자, 당뇨질환자, 신장질환자, 음주자, 장애인 등)을 파악하여 관리하고 있음|2인 1조  작업을 통해 근로자 간 상호 건강 상태를 수시로 확인하도록 하고 있음|응급상황 대비 비상연락망을 구축하고, 인근 의료기관 및 구급차 진입로를 사전에 파악하고 있음",해당 사항 없음,해당없음,지급하고 있지 않음,이해하였으며 관리 중임,이해함,이해함,
2026-06-01 14:43,676,페럼타워,2026-06-01,꼼꼼히 읽어보았고 해당 내용 확인하였음,30,해당 사항 없음,"현장 내 온습도계를 비치하여 매시간 체감온도를 확인하고 근로자에게 전파하고 있음|금일 온열질환 예방 교육을 실시함 (TBM 혹은 별도 교육)|현장에 <온열질환 예방 수칙 OPS> 게시함|깨끗하고 시원한 물, 이온음료, 식염포도당 등을 작업장 인근에 상시 비치함|햇볕을 차단할 수 있는 그늘막 및 휴게공간을 제공함|체감온도 33℃ 이상이 되는 작업장소에서 폭염작업을 하는 경우 매 2시간 이내 20분 이상의 휴식을 취하도록 함 (1시간마다 10분 이상의 휴식을 부여하는 것도 가능)|실내, 옥외 작업 시 냉방장치를 설치 및 가동 중임|근로자 중 온열질환 민감군(※ 신규 배치자, 과거 온열질환 경력자, 고령자, 뇌심혈관질환자, 고·저혈압환자, 당뇨질환자, 신장질환자, 음주자, 장애인 등)을 파악하여 관리하고 있음|2인 1조  작업을 통해 근로자 간 상호 건강 상태를 수시로 확인하도록 하고 있음|응급상황 대비 비상연락망을 구축하고, 인근 의료기관 및 구급차 진입로를 사전에 파악하고 있음",해당 사항 없음,해당없음,"섭취 주의사항 확인하였으며, 낱개형태의 식염포도당 혹은 분말형 이온음료 비치함",이해하였으며 관리 중임,이해함,이해함,
2026-06-01 14:44,677,한남동 청암빌딩,2026-06-01,꼼꼼히 읽어보았고 해당 내용 확인하였음,27,해당 사항 없음,"현장에 <온열질환 예방 수칙 OPS> 게시함|깨끗하고 시원한 물, 이온음료, 식염포도당 등을 작업장 인근에 상시 비치함|무더위 시간대(14~17시) 사이에 실외 작업을 되도록 하지 않았음",해당 사항 없음,해당없음,정수기의 깨끗한물 비치,이해하였으며 관리 중임,이해함,이해함,"2인 이상 작업, 작업장소 및 작업사항 보고 교육"
2026-06-01 14:50,678,교직원공제회 인천회관,2026-06-01,꼼꼼히 읽어보았고 해당 내용 확인하였음,26.1,해당 사항 없음,"현장 내 온습도계를 비치하여 매시간 체감온도를 확인하고 근로자에게 전파하고 있음|금일 온열질환 예방 교육을 실시함 (TBM 혹은 별도 교육)|현장에 <온열질환 예방 수칙 OPS> 게시함|깨끗하고 시원한 물, 이온음료, 식염포도당 등을 작업장 인근에 상시 비치함|햇볕을 차단할 수 있는 그늘막 및 휴게공간을 제공함|체감온도 33℃ 이상이 되는 작업장소에서 폭염작업을 하는 경우 매 2시간 이내 20분 이상의 휴식을 취하도록 함 (1시간마다 10분 이상의 휴식을 부여하는 것도 가능)|무더위 시간대(14~17시) 사이에 실외 작업을 되도록 하지 않았음|실내, 옥외 작업 시 냉방장치를 설치 및 가동 중임|근로자에게 쿨토시, 아이스 조끼 등 냉감용품을 지급함|근로자 중 온열질환 민감군(※ 신규 배치자, 과거 온열질환 경력자, 고령자, 뇌심혈관질환자, 고·저혈압환자, 당뇨질환자, 신장질환자, 음주자, 장애인 등)을 파악하여 관리하고 있음|2인 1조  작업을 통해 근로자 간 상호 건강 상태를 수시로 확인하도록 하고 있음|응급상황 대비 비상연락망을 구축하고, 인근 의료기관 및 구급차 진입로를 사전에 파악하고 있음",해당 사항 없음,해당없음,"섭취 주의사항 확인하였으며, 낱개형태의 식염포도당 혹은 분말형 이온음료 비치함",이해하였으며 관리 중임,이해함,이해함,"미화팀 냉방얼음조끼 구매함, 상품 수령 후 배분예정"
2026-06-01 14:52,679,쿠팡인천30fc,2026-06-01,꼼꼼히 읽어보았고 해당 내용 확인하였음,23.8,해당 사항 없음,"금일 온열질환 예방 교육을 실시함 (TBM 혹은 별도 교육)|현장에 <온열질환 예방 수칙 OPS> 게시함|깨끗하고 시원한 물, 이온음료, 식염포도당 등을 작업장 인근에 상시 비치함|햇볕을 차단할 수 있는 그늘막 및 휴게공간을 제공함|무더위 시간대(14~17시) 사이에 실외 작업을 되도록 하지 않았음|실내, 옥외 작업 시 냉방장치를 설치 및 가동 중임|근로자 중 온열질환 민감군(※ 신규 배치자, 과거 온열질환 경력자, 고령자, 뇌심혈관질환자, 고·저혈압환자, 당뇨질환자, 신장질환자, 음주자, 장애인 등)을 파악하여 관리하고 있음|응급상황 대비 비상연락망을 구축하고, 인근 의료기관 및 구급차 진입로를 사전에 파악하고 있음",해당 사항 없음,해당없음,"섭취 주의사항 확인하였으며, 낱개형태의 식염포도당 혹은 분말형 이온음료 비치함",이해하였으며 관리 중임,이해함,이해함,
2026-06-01 14:55,680,여수 세이지우드,2026-06-01,꼼꼼히 읽어보았고 해당 내용 확인하였음,27.6,해당 사항 없음,"현장 내 온습도계를 비치하여 매시간 체감온도를 확인하고 근로자에게 전파하고 있음|금일 온열질환 예방 교육을 실시함 (TBM 혹은 별도 교육)|현장에 <온열질환 예방 수칙 OPS> 게시함|깨끗하고 시원한 물, 이온음료, 식염포도당 등을 작업장 인근에 상시 비치함|햇볕을 차단할 수 있는 그늘막 및 휴게공간을 제공함|체감온도 33℃ 이상이 되는 작업장소에서 폭염작업을 하는 경우 매 2시간 이내 20분 이상의 휴식을 취하도록 함 (1시간마다 10분 이상의 휴식을 부여하는 것도 가능)|무더위 시간대(14~17시) 사이에 실외 작업을 되도록 하지 않았음|실내, 옥외 작업 시 냉방장치를 설치 및 가동 중임|근로자에게 쿨토시, 아이스 조끼 등 냉감용품을 지급함|근로자 중 온열질환 민감군(※ 신규 배치자, 과거 온열질환 경력자, 고령자, 뇌심혈관질환자, 고·저혈압환자, 당뇨질환자, 신장질환자, 음주자, 장애인 등)을 파악하여 관리하고 있음|2인 1조  작업을 통해 근로자 간 상호 건강 상태를 수시로 확인하도록 하고 있음|응급상황 대비 비상연락망을 구축하고, 인근 의료기관 및 구급차 진입로를 사전에 파악하고 있음",해당 사항 없음,해당없음,"섭취 주의사항 확인하였으며, 대용량 식염포도당 비치함",이해하였으며 관리 중임,이해함,이해함,
2026-06-01 14:59,681,도고 교원연수원,2026-06-01,꼼꼼히 읽어보았고 해당 내용 확인하였음,28.1,해당 사항 없음,"금일 온열질환 예방 교육을 실시함 (TBM 혹은 별도 교육)|깨끗하고 시원한 물, 이온음료, 식염포도당 등을 작업장 인근에 상시 비치함",해당 사항 없음,해당없음,"섭취 주의사항 확인하였으며, 낱개형태의 식염포도당 혹은 분말형 이온음료 비치함",이해하였으며 관리 중임,이해함,이해함,
2026-06-01 15:12,682,GS칼텍스 내곡,2026-06-01,꼼꼼히 읽어보았고 해당 내용 확인하였음,25.4,해당 사항 없음,"현장 내 온습도계를 비치하여 매시간 체감온도를 확인하고 근로자에게 전파하고 있음|금일 온열질환 예방 교육을 실시함 (TBM 혹은 별도 교육)|현장에 <온열질환 예방 수칙 OPS> 게시함|깨끗하고 시원한 물, 이온음료, 식염포도당 등을 작업장 인근에 상시 비치함|햇볕을 차단할 수 있는 그늘막 및 휴게공간을 제공함|체감온도 33℃ 이상이 되는 작업장소에서 폭염작업을 하는 경우 매 2시간 이내 20분 이상의 휴식을 취하도록 함 (1시간마다 10분 이상의 휴식을 부여하는 것도 가능)|무더위 시간대(14~17시) 사이에 실외 작업을 되도록 하지 않았음|실내, 옥외 작업 시 냉방장치를 설치 및 가동 중임|근로자에게 쿨토시, 아이스 조끼 등 냉감용품을 지급함|근로자 중 온열질환 민감군(※ 신규 배치자, 과거 온열질환 경력자, 고령자, 뇌심혈관질환자, 고·저혈압환자, 당뇨질환자, 신장질환자, 음주자, 장애인 등)을 파악하여 관리하고 있음|2인 1조  작업을 통해 근로자 간 상호 건강 상태를 수시로 확인하도록 하고 있음|응급상황 대비 비상연락망을 구축하고, 인근 의료기관 및 구급차 진입로를 사전에 파악하고 있음",해당 사항 없음,해당없음,"섭취 주의사항 확인하였으며, 대용량 식염포도당 비치함",이해하였으며 관리 중임,이해함,이해함,
2026-06-01 15:14,683,KB증권대구,2026-06-01,꼼꼼히 읽어보았고 해당 내용 확인하였음,28.7,해당 사항 없음,현장에 <온열질환 예방 수칙 OPS> 게시함|무더위 시간대(14~17시) 사이에 실외 작업을 되도록 하지 않았음,해당 사항 없음,해당없음,지급하고 있지 않음,이해하였으며 관리 중임,이해함,이해함,
2026-06-01 15:28,684,쿠팡인천5센타,2026-06-01,꼼꼼히 읽어보았고 해당 내용 확인하였음,25.2,해당 사항 없음,"현장 내 온습도계를 비치하여 매시간 체감온도를 확인하고 근로자에게 전파하고 있음|금일 온열질환 예방 교육을 실시함 (TBM 혹은 별도 교육)|현장에 <온열질환 예방 수칙 OPS> 게시함|깨끗하고 시원한 물, 이온음료, 식염포도당 등을 작업장 인근에 상시 비치함|체감온도 33℃ 이상이 되는 작업장소에서 폭염작업을 하는 경우 매 2시간 이내 20분 이상의 휴식을 취하도록 함 (1시간마다 10분 이상의 휴식을 부여하는 것도 가능)|근로자 중 온열질환 민감군(※ 신규 배치자, 과거 온열질환 경력자, 고령자, 뇌심혈관질환자, 고·저혈압환자, 당뇨질환자, 신장질환자, 음주자, 장애인 등)을 파악하여 관리하고 있음|2인 1조  작업을 통해 근로자 간 상호 건강 상태를 수시로 확인하도록 하고 있음|응급상황 대비 비상연락망을 구축하고, 인근 의료기관 및 구급차 진입로를 사전에 파악하고 있음",해당 사항 없음,해당없음,지급하고 있지 않음,이해하였으며 관리 중임,이해함,이해함,
2026-06-01 15:29,685,공덕빌딩,2026-06-01,꼼꼼히 읽어보았고 해당 내용 확인하였음,26,해당 사항 없음,"현장 내 온습도계를 비치하여 매시간 체감온도를 확인하고 근로자에게 전파하고 있음|현장에 <온열질환 예방 수칙 OPS> 게시함|햇볕을 차단할 수 있는 그늘막 및 휴게공간을 제공함|체감온도 33℃ 이상이 되는 작업장소에서 폭염작업을 하는 경우 매 2시간 이내 20분 이상의 휴식을 취하도록 함 (1시간마다 10분 이상의 휴식을 부여하는 것도 가능)|무더위 시간대(14~17시) 사이에 실외 작업을 되도록 하지 않았음|실내, 옥외 작업 시 냉방장치를 설치 및 가동 중임|근로자 중 온열질환 민감군(※ 신규 배치자, 과거 온열질환 경력자, 고령자, 뇌심혈관질환자, 고·저혈압환자, 당뇨질환자, 신장질환자, 음주자, 장애인 등)을 파악하여 관리하고 있음|2인 1조  작업을 통해 근로자 간 상호 건강 상태를 수시로 확인하도록 하고 있음|응급상황 대비 비상연락망을 구축하고, 인근 의료기관 및 구급차 진입로를 사전에 파악하고 있음|없음",해당 사항 없음,해당없음,"섭취 주의사항 확인하였으며, 대용량 식염포도당 비치함",이해하였으며 관리 중임,이해함,이해함,없음
2026-06-01 15:46,686,KB국민은행연수원천안,2026-05-27,꼼꼼히 읽어보았고 해당 내용 확인하였음,27,해당 사항 없음,현장 내 온습도계를 비치하여 매시간 체감온도를 확인하고 근로자에게 전파하고 있음|금일 온열질환 예방 교육을 실시함 (TBM 혹은 별도 교육)|현장에 <온열질환 예방 수칙 OPS> 게시함,해당 사항 없음,해당없음,"섭취 주의사항 확인하였으며, 낱개형태의 식염포도당 혹은 분말형 이온음료 비치함",이해하였으며 관리 중임,이해함,이해함,네
2026-06-01 15:49,687,부산교원빌딩,2026-06-01,꼼꼼히 읽어보았고 해당 내용 확인하였음,27.2,해당 사항 없음,"현장 내 온습도계를 비치하여 매시간 체감온도를 확인하고 근로자에게 전파하고 있음|금일 온열질환 예방 교육을 실시함 (TBM 혹은 별도 교육)|현장에 <온열질환 예방 수칙 OPS> 게시함|깨끗하고 시원한 물, 이온음료, 식염포도당 등을 작업장 인근에 상시 비치함|햇볕을 차단할 수 있는 그늘막 및 휴게공간을 제공함|체감온도 33℃ 이상이 되는 작업장소에서 폭염작업을 하는 경우 매 2시간 이내 20분 이상의 휴식을 취하도록 함 (1시간마다 10분 이상의 휴식을 부여하는 것도 가능)|무더위 시간대(14~17시) 사이에 실외 작업을 되도록 하지 않았음|실내, 옥외 작업 시 냉방장치를 설치 및 가동 중임|근로자에게 쿨토시, 아이스 조끼 등 냉감용품을 지급함|근로자 중 온열질환 민감군(※ 신규 배치자, 과거 온열질환 경력자, 고령자, 뇌심혈관질환자, 고·저혈압환자, 당뇨질환자, 신장질환자, 음주자, 장애인 등)을 파악하여 관리하고 있음|2인 1조  작업을 통해 근로자 간 상호 건강 상태를 수시로 확인하도록 하고 있음|응급상황 대비 비상연락망을 구축하고, 인근 의료기관 및 구급차 진입로를 사전에 파악하고 있음",해당 사항 없음,해당없음,"섭취 주의사항 확인하였으며, 낱개형태의 식염포도당 혹은 분말형 이온음료 비치함",이해하였으며 관리 중임,이해함,이해함,특이사항없음
2026-06-01 15:49,688,KB증권 대치사옥,2026-06-01,꼼꼼히 읽어보았고 해당 내용 확인하였음,25.8,해당 사항 없음,"근로자 중 온열질환 민감군(※ 신규 배치자, 과거 온열질환 경력자, 고령자, 뇌심혈관질환자, 고·저혈압환자, 당뇨질환자, 신장질환자, 음주자, 장애인 등)을 파악하여 관리하고 있음|2인 1조  작업을 통해 근로자 간 상호 건강 상태를 수시로 확인하도록 하고 있음",해당 사항 없음,해당없음,지급하고 있지 않음,이해하였으며 관리 중임,이해함,이해함,옥상 냉각탑 및 수변전 작업 유무 확인
2026-06-01 15:52,689,국민은행천안연수원,2026-05-27,꼼꼼히 읽어보았고 해당 내용 확인하였음,27,해당 사항 없음,"현장 내 온습도계를 비치하여 매시간 체감온도를 확인하고 근로자에게 전파하고 있음|금일 온열질환 예방 교육을 실시함 (TBM 혹은 별도 교육)|현장에 <온열질환 예방 수칙 OPS> 게시함|깨끗하고 시원한 물, 이온음료, 식염포도당 등을 작업장 인근에 상시 비치함|햇볕을 차단할 수 있는 그늘막 및 휴게공간을 제공함",해당 사항 없음,해당없음,"섭취 주의사항 확인하였으며, 낱개형태의 식염포도당 혹은 분말형 이온음료 비치함",이해하였으며 관리 중임,이해함,이해함,네
2026-06-01 15:53,690,국민은행천안 연수원,2026-05-28,꼼꼼히 읽어보았고 해당 내용 확인하였음,20,해당 사항 없음,"현장 내 온습도계를 비치하여 매시간 체감온도를 확인하고 근로자에게 전파하고 있음|금일 온열질환 예방 교육을 실시함 (TBM 혹은 별도 교육)|현장에 <온열질환 예방 수칙 OPS> 게시함|깨끗하고 시원한 물, 이온음료, 식염포도당 등을 작업장 인근에 상시 비치함|체감온도 33℃ 이상이 되는 작업장소에서 폭염작업을 하는 경우 매 2시간 이내 20분 이상의 휴식을 취하도록 함 (1시간마다 10분 이상의 휴식을 부여하는 것도 가능)|무더위 시간대(14~17시) 사이에 실외 작업을 되도록 하지 않았음|실내, 옥외 작업 시 냉방장치를 설치 및 가동 중임|근로자 중 온열질환 민감군(※ 신규 배치자, 과거 온열질환 경력자, 고령자, 뇌심혈관질환자, 고·저혈압환자, 당뇨질환자, 신장질환자, 음주자, 장애인 등)을 파악하여 관리하고 있음|2인 1조  작업을 통해 근로자 간 상호 건강 상태를 수시로 확인하도록 하고 있음|응급상황 대비 비상연락망을 구축하고, 인근 의료기관 및 구급차 진입로를 사전에 파악하고 있음",해당 사항 없음,해당없음,"섭취 주의사항 확인하였으며, 낱개형태의 식염포도당 혹은 분말형 이온음료 비치함",이해하였으며 관리 중임,이해함,이해함,
2026-06-01 15:53,691,국민은행천안연수원,2026-05-28,꼼꼼히 읽어보았고 해당 내용 확인하였음,27,해당 사항 없음,"현장 내 온습도계를 비치하여 매시간 체감온도를 확인하고 근로자에게 전파하고 있음|금일 온열질환 예방 교육을 실시함 (TBM 혹은 별도 교육)|현장에 <온열질환 예방 수칙 OPS> 게시함|깨끗하고 시원한 물, 이온음료, 식염포도당 등을 작업장 인근에 상시 비치함|무더위 시간대(14~17시) 사이에 실외 작업을 되도록 하지 않았음|실내, 옥외 작업 시 냉방장치를 설치 및 가동 중임",해당 사항 없음,해당없음,"섭취 주의사항 확인하였으며, 낱개형태의 식염포도당 혹은 분말형 이온음료 비치함",이해하였으며 관리 중임,이해함,이해함,네
2026-06-01 15:56,692,GS칼텍스 죽전,2026-06-01,꼼꼼히 읽어보았고 해당 내용 확인하였음,25.4,해당 사항 없음,"현장 내 온습도계를 비치하여 매시간 체감온도를 확인하고 근로자에게 전파하고 있음|금일 온열질환 예방 교육을 실시함 (TBM 혹은 별도 교육)|실내, 옥외 작업 시 냉방장치를 설치 및 가동 중임",해당 사항 없음,해당없음,"섭취 주의사항 확인하였으며, 낱개형태의 식염포도당 혹은 분말형 이온음료 비치함",이해하였으며 관리 중임,이해함,이해함,특이사항 없음
2026-06-01 15:56,693,국민은행 천안연수원,2026-05-29,꼼꼼히 읽어보았고 해당 내용 확인하였음,21,해당 사항 없음,"현장 내 온습도계를 비치하여 매시간 체감온도를 확인하고 근로자에게 전파하고 있음|금일 온열질환 예방 교육을 실시함 (TBM 혹은 별도 교육)|현장에 <온열질환 예방 수칙 OPS> 게시함|깨끗하고 시원한 물, 이온음료, 식염포도당 등을 작업장 인근에 상시 비치함|무더위 시간대(14~17시) 사이에 실외 작업을 되도록 하지 않았음|실내, 옥외 작업 시 냉방장치를 설치 및 가동 중임|근로자 중 온열질환 민감군(※ 신규 배치자, 과거 온열질환 경력자, 고령자, 뇌심혈관질환자, 고·저혈압환자, 당뇨질환자, 신장질환자, 음주자, 장애인 등)을 파악하여 관리하고 있음|2인 1조  작업을 통해 근로자 간 상호 건강 상태를 수시로 확인하도록 하고 있음|응급상황 대비 비상연락망을 구축하고, 인근 의료기관 및 구급차 진입로를 사전에 파악하고 있음",해당 사항 없음,해당없음,"섭취 주의사항 확인하였으며, 낱개형태의 식염포도당 혹은 분말형 이온음료 비치함",이해하였으며 관리 중임,이해함,이해함,
2026-06-01 15:57,694,가평교원비전센터,2026-06-01,꼼꼼히 읽어보았고 해당 내용 확인하였음,25.7,해당 사항 없음,"현장 내 온습도계를 비치하여 매시간 체감온도를 확인하고 근로자에게 전파하고 있음|금일 온열질환 예방 교육을 실시함 (TBM 혹은 별도 교육)|현장에 <온열질환 예방 수칙 OPS> 게시함|깨끗하고 시원한 물, 이온음료, 식염포도당 등을 작업장 인근에 상시 비치함|햇볕을 차단할 수 있는 그늘막 및 휴게공간을 제공함|체감온도 33℃ 이상이 되는 작업장소에서 폭염작업을 하는 경우 매 2시간 이내 20분 이상의 휴식을 취하도록 함 (1시간마다 10분 이상의 휴식을 부여하는 것도 가능)|무더위 시간대(14~17시) 사이에 실외 작업을 되도록 하지 않았음|실내, 옥외 작업 시 냉방장치를 설치 및 가동 중임|근로자에게 쿨토시, 아이스 조끼 등 냉감용품을 지급함|근로자 중 온열질환 민감군(※ 신규 배치자, 과거 온열질환 경력자, 고령자, 뇌심혈관질환자, 고·저혈압환자, 당뇨질환자, 신장질환자, 음주자, 장애인 등)을 파악하여 관리하고 있음|2인 1조  작업을 통해 근로자 간 상호 건강 상태를 수시로 확인하도록 하고 있음|응급상황 대비 비상연락망을 구축하고, 인근 의료기관 및 구급차 진입로를 사전에 파악하고 있음",해당 사항 없음,해당없음,지급하고 있지 않음,이해하였으며 관리 중임,이해함,이해함,
2026-06-01 16:06,695,성지하이츠1,2026-06-01,꼼꼼히 읽어보았고 해당 내용 확인하였음,25.6,해당 사항 없음,현장에 <온열질환 예방 수칙 OPS> 게시함|무더위 시간대(14~17시) 사이에 실외 작업을 되도록 하지 않았음,해당 사항 없음,해당없음,지급하고 있지 않음,이해하였으며 관리 중임,이해함,이해함,
2026-06-01 16:07,696,한진빌딩,2026-06-01,꼼꼼히 읽어보았고 해당 내용 확인하였음,31,해당 사항 없음,현장 내 온습도계를 비치하여 매시간 체감온도를 확인하고 근로자에게 전파하고 있음,해당 사항 없음,해당없음,"섭취 주의사항 확인하였으며, 낱개형태의 식염포도당 혹은 분말형 이온음료 비치함",이해하였으며 관리 중임,이해함,이해함,
2026-06-01 16:14,697,이폴리스빌딩,2026-06-01,꼼꼼히 읽어보았고 해당 내용 확인하였음,26.5,해당 사항 없음,"현장에 <온열질환 예방 수칙 OPS> 게시함|실내, 옥외 작업 시 냉방장치를 설치 및 가동 중임|근로자 중 온열질환 민감군(※ 신규 배치자, 과거 온열질환 경력자, 고령자, 뇌심혈관질환자, 고·저혈압환자, 당뇨질환자, 신장질환자, 음주자, 장애인 등)을 파악하여 관리하고 있음|응급상황 대비 비상연락망을 구축하고, 인근 의료기관 및 구급차 진입로를 사전에 파악하고 있음",해당 사항 없음,해당없음,지급하고 있지 않음,이해하였으며 관리 중임,이해함,이해함,
2026-06-01 16:14,698,교원인천공장 소장 김동배,2026-06-01,꼼꼼히 읽어보았고 해당 내용 확인하였음,24,해당 사항 없음,"현장 내 온습도계를 비치하여 매시간 체감온도를 확인하고 근로자에게 전파하고 있음|현장에 <온열질환 예방 수칙 OPS> 게시함|깨끗하고 시원한 물, 이온음료, 식염포도당 등을 작업장 인근에 상시 비치함|햇볕을 차단할 수 있는 그늘막 및 휴게공간을 제공함|체감온도 33℃ 이상이 되는 작업장소에서 폭염작업을 하는 경우 매 2시간 이내 20분 이상의 휴식을 취하도록 함 (1시간마다 10분 이상의 휴식을 부여하는 것도 가능)|무더위 시간대(14~17시) 사이에 실외 작업을 되도록 하지 않았음|실내, 옥외 작업 시 냉방장치를 설치 및 가동 중임|근로자 중 온열질환 민감군(※ 신규 배치자, 과거 온열질환 경력자, 고령자, 뇌심혈관질환자, 고·저혈압환자, 당뇨질환자, 신장질환자, 음주자, 장애인 등)을 파악하여 관리하고 있음|2인 1조  작업을 통해 근로자 간 상호 건강 상태를 수시로 확인하도록 하고 있음|응급상황 대비 비상연락망을 구축하고, 인근 의료기관 및 구급차 진입로를 사전에 파악하고 있음","매시간 15분씩 그늘(휴식공간)에서 휴식 제공|온열질환 민감군, 작업강도가 높은 작업자에게는 휴식시간 추가 배정|무더위 시간대(14~17시)에는 불가피한 경우를 제외하고는 옥외작업 중지|불가피한 옥외작업 시 휴식시간 충분히 부여|업무담당자 지정 혹은 2인 1조 근무하도록 하여 근로자의 건강상태 상호 확인",해당없음,지급하고 있지 않음,이해하였으며 관리 중임,이해함,이해함,
2026-06-01 16:15,699,시그니처 키친 스위트 논현 sks,2026-06-01,꼼꼼히 읽어보았고 해당 내용 확인하였음,25.6,해당 사항 없음,"깨끗하고 시원한 물, 이온음료, 식염포도당 등을 작업장 인근에 상시 비치함|실내, 옥외 작업 시 냉방장치를 설치 및 가동 중임",해당 사항 없음,해당없음,정수기 시원한 물 있습니다,냉방 가동중이며 실내에서 근무합니다,이해함,이해함,시원한 물 자주 마시며 관리 하고 있습니다
2026-06-01 16:26,700,교원 낙산호텔,2026-06-01,꼼꼼히 읽어보았고 해당 내용 확인하였음,25.4,해당 사항 없음,"현장 내 온습도계를 비치하여 매시간 체감온도를 확인하고 근로자에게 전파하고 있음|금일 온열질환 예방 교육을 실시함 (TBM 혹은 별도 교육)|현장에 <온열질환 예방 수칙 OPS> 게시함|깨끗하고 시원한 물, 이온음료, 식염포도당 등을 작업장 인근에 상시 비치함|햇볕을 차단할 수 있는 그늘막 및 휴게공간을 제공함|체감온도 33℃ 이상이 되는 작업장소에서 폭염작업을 하는 경우 매 2시간 이내 20분 이상의 휴식을 취하도록 함 (1시간마다 10분 이상의 휴식을 부여하는 것도 가능)|무더위 시간대(14~17시) 사이에 실외 작업을 되도록 하지 않았음|실내, 옥외 작업 시 냉방장치를 설치 및 가동 중임|근로자에게 쿨토시, 아이스 조끼 등 냉감용품을 지급함|근로자 중 온열질환 민감군(※ 신규 배치자, 과거 온열질환 경력자, 고령자, 뇌심혈관질환자, 고·저혈압환자, 당뇨질환자, 신장질환자, 음주자, 장애인 등)을 파악하여 관리하고 있음|2인 1조  작업을 통해 근로자 간 상호 건강 상태를 수시로 확인하도록 하고 있음|응급상황 대비 비상연락망을 구축하고, 인근 의료기관 및 구급차 진입로를 사전에 파악하고 있음",해당 사항 없음,해당없음,"섭취 주의사항 확인하였으며, 낱개형태의 식염포도당 혹은 분말형 이온음료 비치함",이해하였으며 관리 중임,이해함,이해함,
2026-06-01 16:40,701,백상엘리츠1차,2026-06-01,꼼꼼히 읽어보았고 해당 내용 확인하였음,27,해당 사항 없음,"현장 내 온습도계를 비치하여 매시간 체감온도를 확인하고 근로자에게 전파하고 있음|금일 온열질환 예방 교육을 실시함 (TBM 혹은 별도 교육)|현장에 <온열질환 예방 수칙 OPS> 게시함|깨끗하고 시원한 물, 이온음료, 식염포도당 등을 작업장 인근에 상시 비치함|햇볕을 차단할 수 있는 그늘막 및 휴게공간을 제공함|2인 1조  작업을 통해 근로자 간 상호 건강 상태를 수시로 확인하도록 하고 있음|응급상황 대비 비상연락망을 구축하고, 인근 의료기관 및 구급차 진입로를 사전에 파악하고 있음",해당 사항 없음,해당없음,"섭취 주의사항 확인하였으며, 낱개형태의 식염포도당 혹은 분말형 이온음료 비치함",이해하였으며 관리 중임,이해함,이해함,
2026-06-01 16:50,702,사이언스파크DP3(안전환경),2026-06-01,꼼꼼히 읽어보았고 해당 내용 확인하였음,25.1,해당 사항 없음,"현장 내 온습도계를 비치하여 매시간 체감온도를 확인하고 근로자에게 전파하고 있음|현장에 <온열질환 예방 수칙 OPS> 게시함|깨끗하고 시원한 물, 이온음료, 식염포도당 등을 작업장 인근에 상시 비치함|실내, 옥외 작업 시 냉방장치를 설치 및 가동 중임|근로자 중 온열질환 민감군(※ 신규 배치자, 과거 온열질환 경력자, 고령자, 뇌심혈관질환자, 고·저혈압환자, 당뇨질환자, 신장질환자, 음주자, 장애인 등)을 파악하여 관리하고 있음|응급상황 대비 비상연락망을 구축하고, 인근 의료기관 및 구급차 진입로를 사전에 파악하고 있음",해당 사항 없음,해당없음,지급하고 있지 않음,이해하였으며 관리 중임,이해함,이해함,현장 순회점검 실시
2026-06-01 16:54,703,아일렉스상가,2026-06-01,꼼꼼히 읽어보았고 해당 내용 확인하였음,29,해당 사항 없음,"현장 내 온습도계를 비치하여 매시간 체감온도를 확인하고 근로자에게 전파하고 있음|현장에 <온열질환 예방 수칙 OPS> 게시함|햇볕을 차단할 수 있는 그늘막 및 휴게공간을 제공함|무더위 시간대(14~17시) 사이에 실외 작업을 되도록 하지 않았음|응급상황 대비 비상연락망을 구축하고, 인근 의료기관 및 구급차 진입로를 사전에 파악하고 있음",해당 사항 없음,해당없음,지급하고 있지 않음,이해하였으며 관리 중임,이해함,이해함,특이사항 없음
2026-06-01 17:05,704,인하대병원,2026-06-01,꼼꼼히 읽어보았고 해당 내용 확인하였음,23,해당 사항 없음,"현장 내 온습도계를 비치하여 매시간 체감온도를 확인하고 근로자에게 전파하고 있음|현장에 <온열질환 예방 수칙 OPS> 게시함|깨끗하고 시원한 물, 이온음료, 식염포도당 등을 작업장 인근에 상시 비치함|햇볕을 차단할 수 있는 그늘막 및 휴게공간을 제공함|무더위 시간대(14~17시) 사이에 실외 작업을 되도록 하지 않았음|실내, 옥외 작업 시 냉방장치를 설치 및 가동 중임|근로자에게 쿨토시, 아이스 조끼 등 냉감용품을 지급함|근로자 중 온열질환 민감군(※ 신규 배치자, 과거 온열질환 경력자, 고령자, 뇌심혈관질환자, 고·저혈압환자, 당뇨질환자, 신장질환자, 음주자, 장애인 등)을 파악하여 관리하고 있음|2인 1조  작업을 통해 근로자 간 상호 건강 상태를 수시로 확인하도록 하고 있음|응급상황 대비 비상연락망을 구축하고, 인근 의료기관 및 구급차 진입로를 사전에 파악하고 있음",해당 사항 없음,해당없음,지급하고 있지 않음,이해하였으며 관리 중임,이해함,이해함,이상없음
2026-06-01 17:08,705,페덱스 인천공항 물류센터,2026-06-01,꼼꼼히 읽어보았고 해당 내용 확인하였음,23,해당 사항 없음,"금일 온열질환 예방 교육을 실시함 (TBM 혹은 별도 교육)|현장에 <온열질환 예방 수칙 OPS> 게시함|깨끗하고 시원한 물, 이온음료, 식염포도당 등을 작업장 인근에 상시 비치함|햇볕을 차단할 수 있는 그늘막 및 휴게공간을 제공함|근로자에게 쿨토시, 아이스 조끼 등 냉감용품을 지급함|근로자 중 온열질환 민감군(※ 신규 배치자, 과거 온열질환 경력자, 고령자, 뇌심혈관질환자, 고·저혈압환자, 당뇨질환자, 신장질환자, 음주자, 장애인 등)을 파악하여 관리하고 있음|응급상황 대비 비상연락망을 구축하고, 인근 의료기관 및 구급차 진입로를 사전에 파악하고 있음",해당 사항 없음,해당없음,"섭취 주의사항 확인하였으며, 대용량 식염포도당 비치함",이해하였으며 관리 중임,이해함,이해함,
2026-06-01 17:12,706,"쿠팡 대구 1,2,6센터",2026-06-01,꼼꼼히 읽어보았고 해당 내용 확인하였음,29.5,해당 사항 없음,"현장에 <온열질환 예방 수칙 OPS> 게시함|근로자에게 쿨토시, 아이스 조끼 등 냉감용품을 지급함|응급상황 대비 비상연락망을 구축하고, 인근 의료기관 및 구급차 진입로를 사전에 파악하고 있음",해당 사항 없음,해당없음,"섭취 주의사항 확인하였으며, 낱개형태의 식염포도당 혹은 분말형 이온음료 비치함",이해하였으며 관리 중임,이해함,이해함,식염포도당 비치
2026-06-01 18:00,707,LG사이언스파크_DP3_동측1차부지,2026-06-01,꼼꼼히 읽어보았고 해당 내용 확인하였음,30,해당 사항 없음,"현장 내 온습도계를 비치하여 매시간 체감온도를 확인하고 근로자에게 전파하고 있음|금일 온열질환 예방 교육을 실시함 (TBM 혹은 별도 교육)|현장에 <온열질환 예방 수칙 OPS> 게시함|깨끗하고 시원한 물, 이온음료, 식염포도당 등을 작업장 인근에 상시 비치함|햇볕을 차단할 수 있는 그늘막 및 휴게공간을 제공함|체감온도 33℃ 이상이 되는 작업장소에서 폭염작업을 하는 경우 매 2시간 이내 20분 이상의 휴식을 취하도록 함 (1시간마다 10분 이상의 휴식을 부여하는 것도 가능)|무더위 시간대(14~17시) 사이에 실외 작업을 되도록 하지 않았음|실내, 옥외 작업 시 냉방장치를 설치 및 가동 중임|근로자에게 쿨토시, 아이스 조끼 등 냉감용품을 지급함|근로자 중 온열질환 민감군(※ 신규 배치자, 과거 온열질환 경력자, 고령자, 뇌심혈관질환자, 고·저혈압환자, 당뇨질환자, 신장질환자, 음주자, 장애인 등)을 파악하여 관리하고 있음|2인 1조  작업을 통해 근로자 간 상호 건강 상태를 수시로 확인하도록 하고 있음|응급상황 대비 비상연락망을 구축하고, 인근 의료기관 및 구급차 진입로를 사전에 파악하고 있음",해당 사항 없음,해당없음,"섭취 주의사항 확인하였으며, 낱개형태의 식염포도당 혹은 분말형 이온음료 비치함",이해하였으며 관리 중임,이해함,이해함,특이사항 없음
2026-06-01 18:19,708,쿠팡인12FC,2026-06-01,꼼꼼히 읽어보았고 해당 내용 확인하였음,30,해당 사항 없음,"현장 내 온습도계를 비치하여 매시간 체감온도를 확인하고 근로자에게 전파하고 있음|금일 온열질환 예방 교육을 실시함 (TBM 혹은 별도 교육)|현장에 <온열질환 예방 수칙 OPS> 게시함|깨끗하고 시원한 물, 이온음료, 식염포도당 등을 작업장 인근에 상시 비치함|햇볕을 차단할 수 있는 그늘막 및 휴게공간을 제공함|무더위 시간대(14~17시) 사이에 실외 작업을 되도록 하지 않았음|실내, 옥외 작업 시 냉방장치를 설치 및 가동 중임|근로자 중 온열질환 민감군(※ 신규 배치자, 과거 온열질환 경력자, 고령자, 뇌심혈관질환자, 고·저혈압환자, 당뇨질환자, 신장질환자, 음주자, 장애인 등)을 파악하여 관리하고 있음|2인 1조  작업을 통해 근로자 간 상호 건강 상태를 수시로 확인하도록 하고 있음|응급상황 대비 비상연락망을 구축하고, 인근 의료기관 및 구급차 진입로를 사전에 파악하고 있음",해당 사항 없음,해당없음,지급하고 있지 않음,이해하였으며 관리 중임,이해함,이해함,매일TB일을10분이상실시햬 직원들의 안전에 최선의 노력중임
2026-06-02 7:45,709,풀브라이트빌딩-김신규,2026-06-02,꼼꼼히 읽어보았고 해당 내용 확인하였음,24,해당 사항 없음,"현장 내 온습도계를 비치하여 매시간 체감온도를 확인하고 근로자에게 전파하고 있음|현장에 <온열질환 예방 수칙 OPS> 게시함|깨끗하고 시원한 물, 이온음료, 식염포도당 등을 작업장 인근에 상시 비치함|햇볕을 차단할 수 있는 그늘막 및 휴게공간을 제공함|무더위 시간대(14~17시) 사이에 실외 작업을 되도록 하지 않았음|실내, 옥외 작업 시 냉방장치를 설치 및 가동 중임|응급상황 대비 비상연락망을 구축하고, 인근 의료기관 및 구급차 진입로를 사전에 파악하고 있음",해당 사항 없음,해당없음,"섭취 주의사항 확인하였으며, 낱개형태의 식염포도당 혹은 분말형 이온음료 비치함",이해하였으며 관리 중임,이해함,이해함,
2026-06-02 7:55,710,KB국민은행 대천연수원,2026-06-02,꼼꼼히 읽어보았고 해당 내용 확인하였음,21,해당 사항 없음,"현장 내 온습도계를 비치하여 매시간 체감온도를 확인하고 근로자에게 전파하고 있음|금일 온열질환 예방 교육을 실시함 (TBM 혹은 별도 교육)|현장에 <온열질환 예방 수칙 OPS> 게시함|깨끗하고 시원한 물, 이온음료, 식염포도당 등을 작업장 인근에 상시 비치함|햇볕을 차단할 수 있는 그늘막 및 휴게공간을 제공함|체감온도 33℃ 이상이 되는 작업장소에서 폭염작업을 하는 경우 매 2시간 이내 20분 이상의 휴식을 취하도록 함 (1시간마다 10분 이상의 휴식을 부여하는 것도 가능)|실내, 옥외 작업 시 냉방장치를 설치 및 가동 중임|근로자에게 쿨토시, 아이스 조끼 등 냉감용품을 지급함|근로자 중 온열질환 민감군(※ 신규 배치자, 과거 온열질환 경력자, 고령자, 뇌심혈관질환자, 고·저혈압환자, 당뇨질환자, 신장질환자, 음주자, 장애인 등)을 파악하여 관리하고 있음|2인 1조  작업을 통해 근로자 간 상호 건강 상태를 수시로 확인하도록 하고 있음|응급상황 대비 비상연락망을 구축하고, 인근 의료기관 및 구급차 진입로를 사전에 파악하고 있음",해당 사항 없음,해당없음,"섭취 주의사항 확인하였으며, 낱개형태의 식염포도당 혹은 분말형 이온음료 비치함",이해하였으며 관리 중임,이해함,이해함,
2026-06-02 7:58,711,국민은행 일산연수원,2026-06-02,꼼꼼히 읽어보았고 해당 내용 확인하였음,22,해당 사항 없음,현장에 <온열질환 예방 수칙 OPS> 게시함|햇볕을 차단할 수 있는 그늘막 및 휴게공간을 제공함|체감온도 33℃ 이상이 되는 작업장소에서 폭염작업을 하는 경우 매 2시간 이내 20분 이상의 휴식을 취하도록 함 (1시간마다 10분 이상의 휴식을 부여하는 것도 가능)|무더위 시간대(14~17시) 사이에 실외 작업을 되도록 하지 않았음|2인 1조  작업을 통해 근로자 간 상호 건강 상태를 수시로 확인하도록 하고 있음,해당 사항 없음,해당없음,지급하고 있지 않음,이해하였으며 관리 중임,이해함,이해함,금일 해당사항 없음
2026-06-02 8:08,712,교원파주 물류센터,2026-06-02,꼼꼼히 읽어보았고 해당 내용 확인하였음,21.9,해당 사항 없음,"현장 내 온습도계를 비치하여 매시간 체감온도를 확인하고 근로자에게 전파하고 있음|금일 온열질환 예방 교육을 실시함 (TBM 혹은 별도 교육)|현장에 <온열질환 예방 수칙 OPS> 게시함|깨끗하고 시원한 물, 이온음료, 식염포도당 등을 작업장 인근에 상시 비치함|햇볕을 차단할 수 있는 그늘막 및 휴게공간을 제공함|체감온도 33℃ 이상이 되는 작업장소에서 폭염작업을 하는 경우 매 2시간 이내 20분 이상의 휴식을 취하도록 함 (1시간마다 10분 이상의 휴식을 부여하는 것도 가능)|무더위 시간대(14~17시) 사이에 실외 작업을 되도록 하지 않았음|실내, 옥외 작업 시 냉방장치를 설치 및 가동 중임|근로자에게 쿨토시, 아이스 조끼 등 냉감용품을 지급함|근로자 중 온열질환 민감군(※ 신규 배치자, 과거 온열질환 경력자, 고령자, 뇌심혈관질환자, 고·저혈압환자, 당뇨질환자, 신장질환자, 음주자, 장애인 등)을 파악하여 관리하고 있음|2인 1조  작업을 통해 근로자 간 상호 건강 상태를 수시로 확인하도록 하고 있음|응급상황 대비 비상연락망을 구축하고, 인근 의료기관 및 구급차 진입로를 사전에 파악하고 있음",해당 사항 없음,해당없음,지급하고 있지 않음,이해하였으며 관리 중임,이해함,이해함,
2026-06-02 8:20,713,국민은행 속초연수원,2026-06-02,꼼꼼히 읽어보았고 해당 내용 확인하였음,21.9,해당 사항 없음,"현장 내 온습도계를 비치하여 매시간 체감온도를 확인하고 근로자에게 전파하고 있음|금일 온열질환 예방 교육을 실시함 (TBM 혹은 별도 교육)|현장에 <온열질환 예방 수칙 OPS> 게시함|깨끗하고 시원한 물, 이온음료, 식염포도당 등을 작업장 인근에 상시 비치함|햇볕을 차단할 수 있는 그늘막 및 휴게공간을 제공함|체감온도 33℃ 이상이 되는 작업장소에서 폭염작업을 하는 경우 매 2시간 이내 20분 이상의 휴식을 취하도록 함 (1시간마다 10분 이상의 휴식을 부여하는 것도 가능)|무더위 시간대(14~17시) 사이에 실외 작업을 되도록 하지 않았음|실내, 옥외 작업 시 냉방장치를 설치 및 가동 중임|근로자에게 쿨토시, 아이스 조끼 등 냉감용품을 지급함|근로자 중 온열질환 민감군(※ 신규 배치자, 과거 온열질환 경력자, 고령자, 뇌심혈관질환자, 고·저혈압환자, 당뇨질환자, 신장질환자, 음주자, 장애인 등)을 파악하여 관리하고 있음|2인 1조  작업을 통해 근로자 간 상호 건강 상태를 수시로 확인하도록 하고 있음|응급상황 대비 비상연락망을 구축하고, 인근 의료기관 및 구급차 진입로를 사전에 파악하고 있음",해당 사항 없음,해당없음,"섭취 주의사항 확인하였으며, 낱개형태의 식염포도당 혹은 분말형 이온음료 비치함",이해하였으며 관리 중임,이해함,이해함,
2026-06-02 8:29,714,도산150빌딩,2026-06-02,꼼꼼히 읽어보았고 해당 내용 확인하였음,23.1,해당 사항 없음,현장 내 온습도계를 비치하여 매시간 체감온도를 확인하고 근로자에게 전파하고 있음|금일 온열질환 예방 교육을 실시함 (TBM 혹은 별도 교육)|2인 1조  작업을 통해 근로자 간 상호 건강 상태를 수시로 확인하도록 하고 있음,해당 사항 없음,해당없음,지급하고 있지 않음,이해하였으며 관리 중임,이해함,이해함,
2026-06-02 8:32,715,사이언스파크2차부지,2026-06-02,꼼꼼히 읽어보았고 해당 내용 확인하였음,26,해당 사항 없음,"현장 내 온습도계를 비치하여 매시간 체감온도를 확인하고 근로자에게 전파하고 있음|금일 온열질환 예방 교육을 실시함 (TBM 혹은 별도 교육)|깨끗하고 시원한 물, 이온음료, 식염포도당 등을 작업장 인근에 상시 비치함|체감온도 33℃ 이상이 되는 작업장소에서 폭염작업을 하는 경우 매 2시간 이내 20분 이상의 휴식을 취하도록 함 (1시간마다 10분 이상의 휴식을 부여하는 것도 가능)|무더위 시간대(14~17시) 사이에 실외 작업을 되도록 하지 않았음|근로자 중 온열질환 민감군(※ 신규 배치자, 과거 온열질환 경력자, 고령자, 뇌심혈관질환자, 고·저혈압환자, 당뇨질환자, 신장질환자, 음주자, 장애인 등)을 파악하여 관리하고 있음|2인 1조  작업을 통해 근로자 간 상호 건강 상태를 수시로 확인하도록 하고 있음|응급상황 대비 비상연락망을 구축하고, 인근 의료기관 및 구급차 진입로를 사전에 파악하고 있음",해당 사항 없음,해당없음,"섭취 주의사항 확인하였으며, 낱개형태의 식염포도당 혹은 분말형 이온음료 비치함",이해하였으며 관리 중임,이해함,이해함,체감온도 수시체크
2026-06-02 8:32,716,슈피겐HQ빌딩,2026-06-02,꼼꼼히 읽어보았고 해당 내용 확인하였음,23.4,해당 사항 없음,"현장 내 온습도계를 비치하여 매시간 체감온도를 확인하고 근로자에게 전파하고 있음|깨끗하고 시원한 물, 이온음료, 식염포도당 등을 작업장 인근에 상시 비치함|2인 1조  작업을 통해 근로자 간 상호 건강 상태를 수시로 확인하도록 하고 있음|응급상황 대비 비상연락망을 구축하고, 인근 의료기관 및 구급차 진입로를 사전에 파악하고 있음",해당 사항 없음,해당없음,지급하고 있지 않음,이해하였으며 관리 중임,이해함,이해함,
2026-06-02 8:43,717,K스퀘어,2026-06-01,꼼꼼히 읽어보았고 해당 내용 확인하였음,30,해당 사항 없음,"현장에 <온열질환 예방 수칙 OPS> 게시함|햇볕을 차단할 수 있는 그늘막 및 휴게공간을 제공함|근로자에게 쿨토시, 아이스 조끼 등 냉감용품을 지급함|응급상황 대비 비상연락망을 구축하고, 인근 의료기관 및 구급차 진입로를 사전에 파악하고 있음",해당 사항 없음,해당없음,지급하고 있지 않음,이해하였으며 관리 중임,이해함,이해함,
2026-06-02 8:48,718,"분당퍼스트타워,백상코퍼레이션",2026-06-02,꼼꼼히 읽어보았고 해당 내용 확인하였음,29,해당 사항 없음,"햇볕을 차단할 수 있는 그늘막 및 휴게공간을 제공함|체감온도 33℃ 이상이 되는 작업장소에서 폭염작업을 하는 경우 매 2시간 이내 20분 이상의 휴식을 취하도록 함 (1시간마다 10분 이상의 휴식을 부여하는 것도 가능)|무더위 시간대(14~17시) 사이에 실외 작업을 되도록 하지 않았음|근로자 중 온열질환 민감군(※ 신규 배치자, 과거 온열질환 경력자, 고령자, 뇌심혈관질환자, 고·저혈압환자, 당뇨질환자, 신장질환자, 음주자, 장애인 등)을 파악하여 관리하고 있음|2인 1조  작업을 통해 근로자 간 상호 건강 상태를 수시로 확인하도록 하고 있음|응급상황 대비 비상연락망을 구축하고, 인근 의료기관 및 구급차 진입로를 사전에 파악하고 있음",해당 사항 없음,해당없음,지급하고 있지 않음,이해하였으며 관리 중임,이해함,이해함,
2026-06-02 8:50,719,제주대 BTL 생활관,2026-06-02,꼼꼼히 읽어보았고 해당 내용 확인하였음,23,해당 사항 없음,"현장 내 온습도계를 비치하여 매시간 체감온도를 확인하고 근로자에게 전파하고 있음|금일 온열질환 예방 교육을 실시함 (TBM 혹은 별도 교육)|현장에 <온열질환 예방 수칙 OPS> 게시함|깨끗하고 시원한 물, 이온음료, 식염포도당 등을 작업장 인근에 상시 비치함|햇볕을 차단할 수 있는 그늘막 및 휴게공간을 제공함|체감온도 33℃ 이상이 되는 작업장소에서 폭염작업을 하는 경우 매 2시간 이내 20분 이상의 휴식을 취하도록 함 (1시간마다 10분 이상의 휴식을 부여하는 것도 가능)|무더위 시간대(14~17시) 사이에 실외 작업을 되도록 하지 않았음|실내, 옥외 작업 시 냉방장치를 설치 및 가동 중임|근로자에게 쿨토시, 아이스 조끼 등 냉감용품을 지급함|근로자 중 온열질환 민감군(※ 신규 배치자, 과거 온열질환 경력자, 고령자, 뇌심혈관질환자, 고·저혈압환자, 당뇨질환자, 신장질환자, 음주자, 장애인 등)을 파악하여 관리하고 있음|2인 1조  작업을 통해 근로자 간 상호 건강 상태를 수시로 확인하도록 하고 있음|응급상황 대비 비상연락망을 구축하고, 인근 의료기관 및 구급차 진입로를 사전에 파악하고 있음",해당 사항 없음,해당없음,"섭취 주의사항 확인하였으며, 낱개형태의 식염포도당 혹은 분말형 이온음료 비치함",이해하였으며 관리 중임,이해함,이해함,
2026-06-02 8:53,720,LG사이언스파크 DP2,2026-06-02,꼼꼼히 읽어보았고 해당 내용 확인하였음,32,해당 사항 없음,"현장 내 온습도계를 비치하여 매시간 체감온도를 확인하고 근로자에게 전파하고 있음|금일 온열질환 예방 교육을 실시함 (TBM 혹은 별도 교육)|현장에 <온열질환 예방 수칙 OPS> 게시함|깨끗하고 시원한 물, 이온음료, 식염포도당 등을 작업장 인근에 상시 비치함|햇볕을 차단할 수 있는 그늘막 및 휴게공간을 제공함|체감온도 33℃ 이상이 되는 작업장소에서 폭염작업을 하는 경우 매 2시간 이내 20분 이상의 휴식을 취하도록 함 (1시간마다 10분 이상의 휴식을 부여하는 것도 가능)|무더위 시간대(14~17시) 사이에 실외 작업을 되도록 하지 않았음|실내, 옥외 작업 시 냉방장치를 설치 및 가동 중임|근로자에게 쿨토시, 아이스 조끼 등 냉감용품을 지급함|근로자 중 온열질환 민감군(※ 신규 배치자, 과거 온열질환 경력자, 고령자, 뇌심혈관질환자, 고·저혈압환자, 당뇨질환자, 신장질환자, 음주자, 장애인 등)을 파악하여 관리하고 있음|2인 1조  작업을 통해 근로자 간 상호 건강 상태를 수시로 확인하도록 하고 있음|응급상황 대비 비상연락망을 구축하고, 인근 의료기관 및 구급차 진입로를 사전에 파악하고 있음",해당 사항 없음,해당없음,"섭취 주의사항 확인하였으며, 낱개형태의 식염포도당 혹은 분말형 이온음료 비치함",이해하였으며 관리 중임,이해함,이해함,각동 관리감독자 매시간 온열질환 관련 점검 및 체크
2026-06-02 8:55,721,한국증권금융,2026-06-02,꼼꼼히 읽어보았고 해당 내용 확인하였음,24,해당 사항 없음,"현장 내 온습도계를 비치하여 매시간 체감온도를 확인하고 근로자에게 전파하고 있음|금일 온열질환 예방 교육을 실시함 (TBM 혹은 별도 교육)|현장에 <온열질환 예방 수칙 OPS> 게시함|깨끗하고 시원한 물, 이온음료, 식염포도당 등을 작업장 인근에 상시 비치함|햇볕을 차단할 수 있는 그늘막 및 휴게공간을 제공함|체감온도 33℃ 이상이 되는 작업장소에서 폭염작업을 하는 경우 매 2시간 이내 20분 이상의 휴식을 취하도록 함 (1시간마다 10분 이상의 휴식을 부여하는 것도 가능)|무더위 시간대(14~17시) 사이에 실외 작업을 되도록 하지 않았음|실내, 옥외 작업 시 냉방장치를 설치 및 가동 중임|근로자에게 쿨토시, 아이스 조끼 등 냉감용품을 지급함|근로자 중 온열질환 민감군(※ 신규 배치자, 과거 온열질환 경력자, 고령자, 뇌심혈관질환자, 고·저혈압환자, 당뇨질환자, 신장질환자, 음주자, 장애인 등)을 파악하여 관리하고 있음|2인 1조  작업을 통해 근로자 간 상호 건강 상태를 수시로 확인하도록 하고 있음|응급상황 대비 비상연락망을 구축하고, 인근 의료기관 및 구급차 진입로를 사전에 파악하고 있음",해당 사항 없음,해당없음,"섭취 주의사항 확인하였으며, 낱개형태의 식염포도당 혹은 분말형 이온음료 비치함",이해하였으며 관리 중임,이해함,이해함,
2026-06-02 9:05,722,상암 디지털큐브,2026-06-01,꼼꼼히 읽어보았고 해당 내용 확인하였음,24.9,해당 사항 없음,"현장 내 온습도계를 비치하여 매시간 체감온도를 확인하고 근로자에게 전파하고 있음|금일 온열질환 예방 교육을 실시함 (TBM 혹은 별도 교육)|현장에 <온열질환 예방 수칙 OPS> 게시함|깨끗하고 시원한 물, 이온음료, 식염포도당 등을 작업장 인근에 상시 비치함|햇볕을 차단할 수 있는 그늘막 및 휴게공간을 제공함|체감온도 33℃ 이상이 되는 작업장소에서 폭염작업을 하는 경우 매 2시간 이내 20분 이상의 휴식을 취하도록 함 (1시간마다 10분 이상의 휴식을 부여하는 것도 가능)|무더위 시간대(14~17시) 사이에 실외 작업을 되도록 하지 않았음|실내, 옥외 작업 시 냉방장치를 설치 및 가동 중임|근로자에게 쿨토시, 아이스 조끼 등 냉감용품을 지급함|근로자 중 온열질환 민감군(※ 신규 배치자, 과거 온열질환 경력자, 고령자, 뇌심혈관질환자, 고·저혈압환자, 당뇨질환자, 신장질환자, 음주자, 장애인 등)을 파악하여 관리하고 있음|2인 1조  작업을 통해 근로자 간 상호 건강 상태를 수시로 확인하도록 하고 있음|응급상황 대비 비상연락망을 구축하고, 인근 의료기관 및 구급차 진입로를 사전에 파악하고 있음",해당 사항 없음,해당없음,"섭취 주의사항 확인하였으며, 낱개형태의 식염포도당 혹은 분말형 이온음료 비치함",이해하였으며 관리 중임,이해함,이해함,
2026-06-02 9:09,723,교원인천공장 김동배 소장,2026-06-02,꼼꼼히 읽어보았고 해당 내용 확인하였음,25,해당 사항 없음,"현장 내 온습도계를 비치하여 매시간 체감온도를 확인하고 근로자에게 전파하고 있음|금일 온열질환 예방 교육을 실시함 (TBM 혹은 별도 교육)|현장에 <온열질환 예방 수칙 OPS> 게시함|깨끗하고 시원한 물, 이온음료, 식염포도당 등을 작업장 인근에 상시 비치함|햇볕을 차단할 수 있는 그늘막 및 휴게공간을 제공함|체감온도 33℃ 이상이 되는 작업장소에서 폭염작업을 하는 경우 매 2시간 이내 20분 이상의 휴식을 취하도록 함 (1시간마다 10분 이상의 휴식을 부여하는 것도 가능)|무더위 시간대(14~17시) 사이에 실외 작업을 되도록 하지 않았음|실내, 옥외 작업 시 냉방장치를 설치 및 가동 중임|근로자 중 온열질환 민감군(※ 신규 배치자, 과거 온열질환 경력자, 고령자, 뇌심혈관질환자, 고·저혈압환자, 당뇨질환자, 신장질환자, 음주자, 장애인 등)을 파악하여 관리하고 있음|2인 1조  작업을 통해 근로자 간 상호 건강 상태를 수시로 확인하도록 하고 있음|응급상황 대비 비상연락망을 구축하고, 인근 의료기관 및 구급차 진입로를 사전에 파악하고 있음",해당 사항 없음,해당없음,지급하고 있지 않음,이해하였으며 관리 중임,이해함,이해함,
2026-06-02 9:12,724,홍익대세종미화 박성환소장,2026-06-02,꼼꼼히 읽어보았고 해당 내용 확인하였음,22.8,해당 사항 없음,"현장 내 온습도계를 비치하여 매시간 체감온도를 확인하고 근로자에게 전파하고 있음|금일 온열질환 예방 교육을 실시함 (TBM 혹은 별도 교육)|현장에 <온열질환 예방 수칙 OPS> 게시함|깨끗하고 시원한 물, 이온음료, 식염포도당 등을 작업장 인근에 상시 비치함|햇볕을 차단할 수 있는 그늘막 및 휴게공간을 제공함|체감온도 33℃ 이상이 되는 작업장소에서 폭염작업을 하는 경우 매 2시간 이내 20분 이상의 휴식을 취하도록 함 (1시간마다 10분 이상의 휴식을 부여하는 것도 가능)|무더위 시간대(14~17시) 사이에 실외 작업을 되도록 하지 않았음|실내, 옥외 작업 시 냉방장치를 설치 및 가동 중임|근로자 중 온열질환 민감군(※ 신규 배치자, 과거 온열질환 경력자, 고령자, 뇌심혈관질환자, 고·저혈압환자, 당뇨질환자, 신장질환자, 음주자, 장애인 등)을 파악하여 관리하고 있음|2인 1조  작업을 통해 근로자 간 상호 건강 상태를 수시로 확인하도록 하고 있음|응급상황 대비 비상연락망을 구축하고, 인근 의료기관 및 구급차 진입로를 사전에 파악하고 있음",해당 사항 없음,해당없음,지급하고 있지 않음,이해하였으며 관리 중임,이해함,이해함,수시점검중
2026-06-02 9:15,725,KB증권 남울산,2026-06-02,꼼꼼히 읽어보았고 해당 내용 확인하였음,23.2,해당 사항 없음,"현장 내 온습도계를 비치하여 매시간 체감온도를 확인하고 근로자에게 전파하고 있음|금일 온열질환 예방 교육을 실시함 (TBM 혹은 별도 교육)|현장에 <온열질환 예방 수칙 OPS> 게시함|깨끗하고 시원한 물, 이온음료, 식염포도당 등을 작업장 인근에 상시 비치함|햇볕을 차단할 수 있는 그늘막 및 휴게공간을 제공함|체감온도 33℃ 이상이 되는 작업장소에서 폭염작업을 하는 경우 매 2시간 이내 20분 이상의 휴식을 취하도록 함 (1시간마다 10분 이상의 휴식을 부여하는 것도 가능)|무더위 시간대(14~17시) 사이에 실외 작업을 되도록 하지 않았음|실내, 옥외 작업 시 냉방장치를 설치 및 가동 중임|근로자에게 쿨토시, 아이스 조끼 등 냉감용품을 지급함|근로자 중 온열질환 민감군(※ 신규 배치자, 과거 온열질환 경력자, 고령자, 뇌심혈관질환자, 고·저혈압환자, 당뇨질환자, 신장질환자, 음주자, 장애인 등)을 파악하여 관리하고 있음|2인 1조  작업을 통해 근로자 간 상호 건강 상태를 수시로 확인하도록 하고 있음|응급상황 대비 비상연락망을 구축하고, 인근 의료기관 및 구급차 진입로를 사전에 파악하고 있음",해당 사항 없음,해당없음,"소금, 시원한 물 비치함",이해하였으며 관리 중임,이해함,이해함,온열질환 예방 일일체크리스트 작성
2026-06-02 9:15,726,상암 디지털큐브,2026-06-02,꼼꼼히 읽어보았고 해당 내용 확인하였음,23.8,해당 사항 없음,"현장 내 온습도계를 비치하여 매시간 체감온도를 확인하고 근로자에게 전파하고 있음|금일 온열질환 예방 교육을 실시함 (TBM 혹은 별도 교육)|현장에 <온열질환 예방 수칙 OPS> 게시함|깨끗하고 시원한 물, 이온음료, 식염포도당 등을 작업장 인근에 상시 비치함|햇볕을 차단할 수 있는 그늘막 및 휴게공간을 제공함|체감온도 33℃ 이상이 되는 작업장소에서 폭염작업을 하는 경우 매 2시간 이내 20분 이상의 휴식을 취하도록 함 (1시간마다 10분 이상의 휴식을 부여하는 것도 가능)|무더위 시간대(14~17시) 사이에 실외 작업을 되도록 하지 않았음|실내, 옥외 작업 시 냉방장치를 설치 및 가동 중임|근로자에게 쿨토시, 아이스 조끼 등 냉감용품을 지급함|근로자 중 온열질환 민감군(※ 신규 배치자, 과거 온열질환 경력자, 고령자, 뇌심혈관질환자, 고·저혈압환자, 당뇨질환자, 신장질환자, 음주자, 장애인 등)을 파악하여 관리하고 있음|2인 1조  작업을 통해 근로자 간 상호 건강 상태를 수시로 확인하도록 하고 있음|응급상황 대비 비상연락망을 구축하고, 인근 의료기관 및 구급차 진입로를 사전에 파악하고 있음",해당 사항 없음,해당없음,"섭취 주의사항 확인하였으며, 낱개형태의 식염포도당 혹은 분말형 이온음료 비치함",이해하였으며 관리 중임,이해함,이해함,
2026-06-02 9:18,727,국민건강보험공단 별관,2026-06-02,꼼꼼히 읽어보았고 해당 내용 확인하였음,30,해당 사항 없음,"현장에 <온열질환 예방 수칙 OPS> 게시함|깨끗하고 시원한 물, 이온음료, 식염포도당 등을 작업장 인근에 상시 비치함|햇볕을 차단할 수 있는 그늘막 및 휴게공간을 제공함|실내, 옥외 작업 시 냉방장치를 설치 및 가동 중임",해당 사항 없음,해당없음,지급하고 있지 않음,이해하였으며 관리 중임,이해함,이해함,
2026-06-02 9:25,728,백상앨리츠2차 오피스텔,2026-06-02,꼼꼼히 읽어보았고 해당 내용 확인하였음,31,해당 사항 없음,햇볕을 차단할 수 있는 그늘막 및 휴게공간을 제공함,해당 사항 없음,해당없음,지급하고 있지 않음,이해하였으며 관리 중임,이해함,이해함,
2026-06-02 9:40,729,나라키움 대전통합청사,2026-06-02,꼼꼼히 읽어보았고 해당 내용 확인하였음,23.6,해당 사항 없음,"현장에 <온열질환 예방 수칙 OPS> 게시함|깨끗하고 시원한 물, 이온음료, 식염포도당 등을 작업장 인근에 상시 비치함|2인 1조  작업을 통해 근로자 간 상호 건강 상태를 수시로 확인하도록 하고 있음",해당 사항 없음,해당없음,"깨끗한 물을 항상 제공하고 있음, 이외 필요시 추가적으로 구매하여 제공하고 있음",이해하였으며 관리 중임,이해함,이해함,온열질환 발생시에 충분한 휴식시간을 제공하고 있습니다.
2026-06-02 9:49,730,국민은행천안연수원,2026-06-02,꼼꼼히 읽어보았고 해당 내용 확인하였음,22,해당 사항 없음,"현장 내 온습도계를 비치하여 매시간 체감온도를 확인하고 근로자에게 전파하고 있음|금일 온열질환 예방 교육을 실시함 (TBM 혹은 별도 교육)|현장에 <온열질환 예방 수칙 OPS> 게시함|깨끗하고 시원한 물, 이온음료, 식염포도당 등을 작업장 인근에 상시 비치함|햇볕을 차단할 수 있는 그늘막 및 휴게공간을 제공함|체감온도 33℃ 이상이 되는 작업장소에서 폭염작업을 하는 경우 매 2시간 이내 20분 이상의 휴식을 취하도록 함 (1시간마다 10분 이상의 휴식을 부여하는 것도 가능)|무더위 시간대(14~17시) 사이에 실외 작업을 되도록 하지 않았음|실내, 옥외 작업 시 냉방장치를 설치 및 가동 중임|근로자 중 온열질환 민감군(※ 신규 배치자, 과거 온열질환 경력자, 고령자, 뇌심혈관질환자, 고·저혈압환자, 당뇨질환자, 신장질환자, 음주자, 장애인 등)을 파악하여 관리하고 있음|2인 1조  작업을 통해 근로자 간 상호 건강 상태를 수시로 확인하도록 하고 있음|응급상황 대비 비상연락망을 구축하고, 인근 의료기관 및 구급차 진입로를 사전에 파악하고 있음",해당 사항 없음,해당없음,"섭취 주의사항 확인하였으며, 대용량 식염포도당 비치함",이해하였으며 관리 중임,이해함,이해함,
2026-06-02 10:03,731,화성동탄 인큐베이팅센터,2026-06-02,꼼꼼히 읽어보았고 해당 내용 확인하였음,23,해당 사항 없음,"현장에 <온열질환 예방 수칙 OPS> 게시함|실내, 옥외 작업 시 냉방장치를 설치 및 가동 중임",해당 사항 없음,해당없음,지급하고 있지 않음,이해하였으며 관리 중임,이해함,이해함,
2026-06-02 10:04,732,현대자동차 부산하이테크센터,2026-06-02,꼼꼼히 읽어보았고 해당 내용 확인하였음,23.4,해당 사항 없음,현장에 <온열질환 예방 수칙 OPS> 게시함|햇볕을 차단할 수 있는 그늘막 및 휴게공간을 제공함,해당 사항 없음,해당없음,지급하고 있지 않음,이해하였으며 관리 중임,이해함,이해함,
2026-06-02 10:04,733,당산한경빌딩,2026-06-02,꼼꼼히 읽어보았고 해당 내용 확인하였음,27.1,해당 사항 없음,"햇볕을 차단할 수 있는 그늘막 및 휴게공간을 제공함|실내, 옥외 작업 시 냉방장치를 설치 및 가동 중임",해당 사항 없음,해당없음,지급하고 있지 않음,이해하였으며 관리 중임,이해함,이해함,
2026-06-02 10:04,734,안성교원물류,2026-06-02,꼼꼼히 읽어보았고 해당 내용 확인하였음,25,해당 사항 없음,"현장 내 온습도계를 비치하여 매시간 체감온도를 확인하고 근로자에게 전파하고 있음|금일 온열질환 예방 교육을 실시함 (TBM 혹은 별도 교육)|현장에 <온열질환 예방 수칙 OPS> 게시함|깨끗하고 시원한 물, 이온음료, 식염포도당 등을 작업장 인근에 상시 비치함|햇볕을 차단할 수 있는 그늘막 및 휴게공간을 제공함|체감온도 33℃ 이상이 되는 작업장소에서 폭염작업을 하는 경우 매 2시간 이내 20분 이상의 휴식을 취하도록 함 (1시간마다 10분 이상의 휴식을 부여하는 것도 가능)|무더위 시간대(14~17시) 사이에 실외 작업을 되도록 하지 않았음|실내, 옥외 작업 시 냉방장치를 설치 및 가동 중임|근로자에게 쿨토시, 아이스 조끼 등 냉감용품을 지급함|근로자 중 온열질환 민감군(※ 신규 배치자, 과거 온열질환 경력자, 고령자, 뇌심혈관질환자, 고·저혈압환자, 당뇨질환자, 신장질환자, 음주자, 장애인 등)을 파악하여 관리하고 있음|2인 1조  작업을 통해 근로자 간 상호 건강 상태를 수시로 확인하도록 하고 있음|응급상황 대비 비상연락망을 구축하고, 인근 의료기관 및 구급차 진입로를 사전에 파악하고 있음",해당 사항 없음,해당없음,"섭취 주의사항 확인하였으며, 낱개형태의 식염포도당 혹은 분말형 이온음료 비치함",이해하였으며 관리 중임,이해함,이해함,
2026-06-02 10:06,735,마곡뉴파워프라즈마,2026-06-02,꼼꼼히 읽어보았고 해당 내용 확인하였음,26.4,해당 사항 없음,"금일 온열질환 예방 교육을 실시함 (TBM 혹은 별도 교육)|현장에 <온열질환 예방 수칙 OPS> 게시함|깨끗하고 시원한 물, 이온음료, 식염포도당 등을 작업장 인근에 상시 비치함|햇볕을 차단할 수 있는 그늘막 및 휴게공간을 제공함|체감온도 33℃ 이상이 되는 작업장소에서 폭염작업을 하는 경우 매 2시간 이내 20분 이상의 휴식을 취하도록 함 (1시간마다 10분 이상의 휴식을 부여하는 것도 가능)|무더위 시간대(14~17시) 사이에 실외 작업을 되도록 하지 않았음|실내, 옥외 작업 시 냉방장치를 설치 및 가동 중임|근로자에게 쿨토시, 아이스 조끼 등 냉감용품을 지급함|근로자 중 온열질환 민감군(※ 신규 배치자, 과거 온열질환 경력자, 고령자, 뇌심혈관질환자, 고·저혈압환자, 당뇨질환자, 신장질환자, 음주자, 장애인 등)을 파악하여 관리하고 있음|응급상황 대비 비상연락망을 구축하고, 인근 의료기관 및 구급차 진입로를 사전에 파악하고 있음",해당 사항 없음,해당없음,"섭취 주의사항 확인하였으며, 낱개형태의 식염포도당 혹은 분말형 이온음료 비치함",이해하였으며 관리 중임,이해함,이해함,
2026-06-02 10:06,736,안성교원물류,2026-06-02,꼼꼼히 읽어보았고 해당 내용 확인하였음,25,해당 사항 없음,"현장 내 온습도계를 비치하여 매시간 체감온도를 확인하고 근로자에게 전파하고 있음|금일 온열질환 예방 교육을 실시함 (TBM 혹은 별도 교육)|현장에 <온열질환 예방 수칙 OPS> 게시함|깨끗하고 시원한 물, 이온음료, 식염포도당 등을 작업장 인근에 상시 비치함|햇볕을 차단할 수 있는 그늘막 및 휴게공간을 제공함|체감온도 33℃ 이상이 되는 작업장소에서 폭염작업을 하는 경우 매 2시간 이내 20분 이상의 휴식을 취하도록 함 (1시간마다 10분 이상의 휴식을 부여하는 것도 가능)|무더위 시간대(14~17시) 사이에 실외 작업을 되도록 하지 않았음|실내, 옥외 작업 시 냉방장치를 설치 및 가동 중임|근로자 중 온열질환 민감군(※ 신규 배치자, 과거 온열질환 경력자, 고령자, 뇌심혈관질환자, 고·저혈압환자, 당뇨질환자, 신장질환자, 음주자, 장애인 등)을 파악하여 관리하고 있음|2인 1조  작업을 통해 근로자 간 상호 건강 상태를 수시로 확인하도록 하고 있음|응급상황 대비 비상연락망을 구축하고, 인근 의료기관 및 구급차 진입로를 사전에 파악하고 있음",해당 사항 없음,해당없음,"섭취 주의사항 확인하였으며, 낱개형태의 식염포도당 혹은 분말형 이온음료 비치함",이해하였으며 관리 중임,이해함,이해함,
2026-06-02 10:07,737,타워730,2026-06-02,꼼꼼히 읽어보았고 해당 내용 확인하였음,26,해당 사항 없음,현장 내 온습도계를 비치하여 매시간 체감온도를 확인하고 근로자에게 전파하고 있음|현장에 <온열질환 예방 수칙 OPS> 게시함,해당 사항 없음,해당없음,"섭취 주의사항 확인하였으며, 대용량 식염포도당 비치함",이해하였으며 관리 중임,이해함,이해함,
2026-06-02 10:07,738,경주교원드림 임현석,2026-06-02,꼼꼼히 읽어보았고 해당 내용 확인하였음,25,해당 사항 없음,"현장 내 온습도계를 비치하여 매시간 체감온도를 확인하고 근로자에게 전파하고 있음|금일 온열질환 예방 교육을 실시함 (TBM 혹은 별도 교육)|현장에 <온열질환 예방 수칙 OPS> 게시함|깨끗하고 시원한 물, 이온음료, 식염포도당 등을 작업장 인근에 상시 비치함|햇볕을 차단할 수 있는 그늘막 및 휴게공간을 제공함|체감온도 33℃ 이상이 되는 작업장소에서 폭염작업을 하는 경우 매 2시간 이내 20분 이상의 휴식을 취하도록 함 (1시간마다 10분 이상의 휴식을 부여하는 것도 가능)|무더위 시간대(14~17시) 사이에 실외 작업을 되도록 하지 않았음|실내, 옥외 작업 시 냉방장치를 설치 및 가동 중임|근로자에게 쿨토시, 아이스 조끼 등 냉감용품을 지급함|근로자 중 온열질환 민감군(※ 신규 배치자, 과거 온열질환 경력자, 고령자, 뇌심혈관질환자, 고·저혈압환자, 당뇨질환자, 신장질환자, 음주자, 장애인 등)을 파악하여 관리하고 있음|2인 1조  작업을 통해 근로자 간 상호 건강 상태를 수시로 확인하도록 하고 있음|응급상황 대비 비상연락망을 구축하고, 인근 의료기관 및 구급차 진입로를 사전에 파악하고 있음",해당 사항 없음,해당없음,지급하고 있지 않음,이해하였으며 관리 중임,이해함,이해함,
2026-06-02 10:11,739,343강남빌딩,2026-06-02,꼼꼼히 읽어보았고 해당 내용 확인하였음,23,해당 사항 없음,"현장 내 온습도계를 비치하여 매시간 체감온도를 확인하고 근로자에게 전파하고 있음|금일 온열질환 예방 교육을 실시함 (TBM 혹은 별도 교육)|현장에 <온열질환 예방 수칙 OPS> 게시함|깨끗하고 시원한 물, 이온음료, 식염포도당 등을 작업장 인근에 상시 비치함|햇볕을 차단할 수 있는 그늘막 및 휴게공간을 제공함|체감온도 33℃ 이상이 되는 작업장소에서 폭염작업을 하는 경우 매 2시간 이내 20분 이상의 휴식을 취하도록 함 (1시간마다 10분 이상의 휴식을 부여하는 것도 가능)|무더위 시간대(14~17시) 사이에 실외 작업을 되도록 하지 않았음|실내, 옥외 작업 시 냉방장치를 설치 및 가동 중임|근로자 중 온열질환 민감군(※ 신규 배치자, 과거 온열질환 경력자, 고령자, 뇌심혈관질환자, 고·저혈압환자, 당뇨질환자, 신장질환자, 음주자, 장애인 등)을 파악하여 관리하고 있음|2인 1조  작업을 통해 근로자 간 상호 건강 상태를 수시로 확인하도록 하고 있음|응급상황 대비 비상연락망을 구축하고, 인근 의료기관 및 구급차 진입로를 사전에 파악하고 있음",해당 사항 없음,해당없음,정수기 사용,이해하였으며 관리 중임,이해함,이해함,기온상승시 야외활동 자제
2026-06-02 10:11,740,대전통합청사 이준수소장,2026-06-02,꼼꼼히 읽어보았고 해당 내용 확인하였음,26,해당 사항 없음,2인 1조  작업을 통해 근로자 간 상호 건강 상태를 수시로 확인하도록 하고 있음,해당 사항 없음,해당없음,지급하고 있지 않음,없음,이해함,이해함,야외작업후 충분한휴식 부여
2026-06-02 10:19,741,홍대세종캠퍼스시설,2026-06-02,꼼꼼히 읽어보았고 해당 내용 확인하였음,29,해당 사항 없음,"현장 내 온습도계를 비치하여 매시간 체감온도를 확인하고 근로자에게 전파하고 있음|금일 온열질환 예방 교육을 실시함 (TBM 혹은 별도 교육)|현장에 <온열질환 예방 수칙 OPS> 게시함|깨끗하고 시원한 물, 이온음료, 식염포도당 등을 작업장 인근에 상시 비치함|햇볕을 차단할 수 있는 그늘막 및 휴게공간을 제공함|체감온도 33℃ 이상이 되는 작업장소에서 폭염작업을 하는 경우 매 2시간 이내 20분 이상의 휴식을 취하도록 함 (1시간마다 10분 이상의 휴식을 부여하는 것도 가능)|무더위 시간대(14~17시) 사이에 실외 작업을 되도록 하지 않았음|실내, 옥외 작업 시 냉방장치를 설치 및 가동 중임|근로자 중 온열질환 민감군(※ 신규 배치자, 과거 온열질환 경력자, 고령자, 뇌심혈관질환자, 고·저혈압환자, 당뇨질환자, 신장질환자, 음주자, 장애인 등)을 파악하여 관리하고 있음|2인 1조  작업을 통해 근로자 간 상호 건강 상태를 수시로 확인하도록 하고 있음|응급상황 대비 비상연락망을 구축하고, 인근 의료기관 및 구급차 진입로를 사전에 파악하고 있음",해당 사항 없음,해당없음,지급하고 있지 않음,이해하였으며 관리 중임,이해함,이해함,학습 진행중
2026-06-02 10:21,742,동탄lh스마트주차장,2026-06-02,꼼꼼히 읽어보았고 해당 내용 확인하였음,26,해당 사항 없음,"금일 온열질환 예방 교육을 실시함 (TBM 혹은 별도 교육)|깨끗하고 시원한 물, 이온음료, 식염포도당 등을 작업장 인근에 상시 비치함|햇볕을 차단할 수 있는 그늘막 및 휴게공간을 제공함",해당 사항 없음,해당없음,지급하고 있지 않음,이해하였으며 관리 중임,이해함,이해함,
2026-06-02 10:29,743,한양대학교,2026-06-01,꼼꼼히 읽어보았고 해당 내용 확인하였음,26.6,해당 사항 없음,"현장 내 온습도계를 비치하여 매시간 체감온도를 확인하고 근로자에게 전파하고 있음|금일 온열질환 예방 교육을 실시함 (TBM 혹은 별도 교육)|현장에 <온열질환 예방 수칙 OPS> 게시함|깨끗하고 시원한 물, 이온음료, 식염포도당 등을 작업장 인근에 상시 비치함|햇볕을 차단할 수 있는 그늘막 및 휴게공간을 제공함|체감온도 33℃ 이상이 되는 작업장소에서 폭염작업을 하는 경우 매 2시간 이내 20분 이상의 휴식을 취하도록 함 (1시간마다 10분 이상의 휴식을 부여하는 것도 가능)|무더위 시간대(14~17시) 사이에 실외 작업을 되도록 하지 않았음|실내, 옥외 작업 시 냉방장치를 설치 및 가동 중임|근로자에게 쿨토시, 아이스 조끼 등 냉감용품을 지급함|근로자 중 온열질환 민감군(※ 신규 배치자, 과거 온열질환 경력자, 고령자, 뇌심혈관질환자, 고·저혈압환자, 당뇨질환자, 신장질환자, 음주자, 장애인 등)을 파악하여 관리하고 있음|2인 1조  작업을 통해 근로자 간 상호 건강 상태를 수시로 확인하도록 하고 있음|응급상황 대비 비상연락망을 구축하고, 인근 의료기관 및 구급차 진입로를 사전에 파악하고 있음",해당 사항 없음,해당없음,지급하고 있지 않음,이해하였으며 관리 중임,이해함,이해함,"집하장 인원 충분한 휴식시간 확인(2시간 마다 20분 이상), 수분섭취 확인(개인 음료수통 차안 비치 수시로 음용)"
2026-06-02 10:37,744,LG CNS 증미통합이행센터,2026-06-02,꼼꼼히 읽어보았고 해당 내용 확인하였음,26.3,해당 사항 없음,"금일 온열질환 예방 교육을 실시함 (TBM 혹은 별도 교육)|현장에 <온열질환 예방 수칙 OPS> 게시함|깨끗하고 시원한 물, 이온음료, 식염포도당 등을 작업장 인근에 상시 비치함|햇볕을 차단할 수 있는 그늘막 및 휴게공간을 제공함|체감온도 33℃ 이상이 되는 작업장소에서 폭염작업을 하는 경우 매 2시간 이내 20분 이상의 휴식을 취하도록 함 (1시간마다 10분 이상의 휴식을 부여하는 것도 가능)|무더위 시간대(14~17시) 사이에 실외 작업을 되도록 하지 않았음|실내, 옥외 작업 시 냉방장치를 설치 및 가동 중임|근로자 중 온열질환 민감군(※ 신규 배치자, 과거 온열질환 경력자, 고령자, 뇌심혈관질환자, 고·저혈압환자, 당뇨질환자, 신장질환자, 음주자, 장애인 등)을 파악하여 관리하고 있음|2인 1조  작업을 통해 근로자 간 상호 건강 상태를 수시로 확인하도록 하고 있음|응급상황 대비 비상연락망을 구축하고, 인근 의료기관 및 구급차 진입로를 사전에 파악하고 있음",해당 사항 없음,해당없음,지급하고 있지 않음,이해하였으며 관리 중임,이해함,이해함,"실내 온도 및 냉방 상태 수시 확인, 근무자 이상 증상 발생 여부 확인"
2026-06-02 10:46,745,부산데상트연구소,2026-06-02,꼼꼼히 읽어보았고 해당 내용 확인하였음,27.8,해당 사항 없음,"금일 온열질환 예방 교육을 실시함 (TBM 혹은 별도 교육)|현장에 <온열질환 예방 수칙 OPS> 게시함|깨끗하고 시원한 물, 이온음료, 식염포도당 등을 작업장 인근에 상시 비치함|실내, 옥외 작업 시 냉방장치를 설치 및 가동 중임|근로자 중 온열질환 민감군(※ 신규 배치자, 과거 온열질환 경력자, 고령자, 뇌심혈관질환자, 고·저혈압환자, 당뇨질환자, 신장질환자, 음주자, 장애인 등)을 파악하여 관리하고 있음|응급상황 대비 비상연락망을 구축하고, 인근 의료기관 및 구급차 진입로를 사전에 파악하고 있음",해당 사항 없음,해당없음,"섭취 주의사항 확인하였으며, 낱개형태의 식염포도당 혹은 분말형 이온음료 비치함",이해하였으며 관리 중임,이해함,이해함,
2026-06-02 10:54,746,페럼클럽 이영삼 소장,2026-06-02,꼼꼼히 읽어보았고 해당 내용 확인하였음,30,해당 사항 없음,"현장 내 온습도계를 비치하여 매시간 체감온도를 확인하고 근로자에게 전파하고 있음|금일 온열질환 예방 교육을 실시함 (TBM 혹은 별도 교육)|현장에 <온열질환 예방 수칙 OPS> 게시함|깨끗하고 시원한 물, 이온음료, 식염포도당 등을 작업장 인근에 상시 비치함|햇볕을 차단할 수 있는 그늘막 및 휴게공간을 제공함|체감온도 33℃ 이상이 되는 작업장소에서 폭염작업을 하는 경우 매 2시간 이내 20분 이상의 휴식을 취하도록 함 (1시간마다 10분 이상의 휴식을 부여하는 것도 가능)|무더위 시간대(14~17시) 사이에 실외 작업을 되도록 하지 않았음|실내, 옥외 작업 시 냉방장치를 설치 및 가동 중임|근로자에게 쿨토시, 아이스 조끼 등 냉감용품을 지급함|근로자 중 온열질환 민감군(※ 신규 배치자, 과거 온열질환 경력자, 고령자, 뇌심혈관질환자, 고·저혈압환자, 당뇨질환자, 신장질환자, 음주자, 장애인 등)을 파악하여 관리하고 있음|응급상황 대비 비상연락망을 구축하고, 인근 의료기관 및 구급차 진입로를 사전에 파악하고 있음",해당 사항 없음,해당없음,"섭취 주의사항 확인하였으며, 대용량 식염포도당 비치함",이해하였으며 관리 중임,이해함,이해함,
2026-06-02 11:01,747,현대자동차금정지점,2026-06-02,꼼꼼히 읽어보았고 해당 내용 확인하였음,21,해당 사항 없음,"깨끗하고 시원한 물, 이온음료, 식염포도당 등을 작업장 인근에 상시 비치함|무더위 시간대(14~17시) 사이에 실외 작업을 되도록 하지 않았음|실내, 옥외 작업 시 냉방장치를 설치 및 가동 중임|응급상황 대비 비상연락망을 구축하고, 인근 의료기관 및 구급차 진입로를 사전에 파악하고 있음",해당 사항 없음,해당없음,지급하고 있지 않음,이해하였으며 관리 중임,이해함,이해함,없습니다
2026-06-02 11:03,748,한국에너지기술연구원,2026-06-02,꼼꼼히 읽어보았고 해당 내용 확인하였음,28,해당 사항 없음,"실내, 옥외 작업 시 냉방장치를 설치 및 가동 중임|실외작업 없음",해당 사항 없음,해당없음,"섭취 주의사항 확인하였으며, 대용량 식염포도당 비치함",이해하였으며 관리 중임,이해함,이해함,
2026-06-02 11:04,749,성우빌딩,2026-06-02,꼼꼼히 읽어보았고 해당 내용 확인하였음,26.8,해당 사항 없음,"금일 온열질환 예방 교육을 실시함 (TBM 혹은 별도 교육)|현장에 <온열질환 예방 수칙 OPS> 게시함|체감온도 33℃ 이상이 되는 작업장소에서 폭염작업을 하는 경우 매 2시간 이내 20분 이상의 휴식을 취하도록 함 (1시간마다 10분 이상의 휴식을 부여하는 것도 가능)|무더위 시간대(14~17시) 사이에 실외 작업을 되도록 하지 않았음|실내, 옥외 작업 시 냉방장치를 설치 및 가동 중임|근로자 중 온열질환 민감군(※ 신규 배치자, 과거 온열질환 경력자, 고령자, 뇌심혈관질환자, 고·저혈압환자, 당뇨질환자, 신장질환자, 음주자, 장애인 등)을 파악하여 관리하고 있음|2인 1조  작업을 통해 근로자 간 상호 건강 상태를 수시로 확인하도록 하고 있음|응급상황 대비 비상연락망을 구축하고, 인근 의료기관 및 구급차 진입로를 사전에 파악하고 있음",해당 사항 없음,해당없음,지급하고 있지 않음,이해하였으며 관리 중임,이해함,이해함,
2026-06-02 11:08,750,시그니처 키친 스위트 논현 sks,2026-06-02,꼼꼼히 읽어보았고 해당 내용 확인하였음,26.9,해당 사항 없음,"깨끗하고 시원한 물, 이온음료, 식염포도당 등을 작업장 인근에 상시 비치함|실내, 옥외 작업 시 냉방장치를 설치 및 가동 중임",해당 사항 없음,해당없음,정수기 시원한 물이 있습니다,냉방 가동중입니다,이해함,이해함,시원한 물 마시며 관리하고있습니다
2026-06-02 11:53,751,애플타워 현장,2026-06-02,꼼꼼히 읽어보았고 해당 내용 확인하였음,28.8,해당 사항 없음,"금일 온열질환 예방 교육을 실시함 (TBM 혹은 별도 교육)|현장에 <온열질환 예방 수칙 OPS> 게시함|깨끗하고 시원한 물, 이온음료, 식염포도당 등을 작업장 인근에 상시 비치함|햇볕을 차단할 수 있는 그늘막 및 휴게공간을 제공함|무더위 시간대(14~17시) 사이에 실외 작업을 되도록 하지 않았음|실내, 옥외 작업 시 냉방장치를 설치 및 가동 중임|근로자 중 온열질환 민감군(※ 신규 배치자, 과거 온열질환 경력자, 고령자, 뇌심혈관질환자, 고·저혈압환자, 당뇨질환자, 신장질환자, 음주자, 장애인 등)을 파악하여 관리하고 있음|응급상황 대비 비상연락망을 구축하고, 인근 의료기관 및 구급차 진입로를 사전에 파악하고 있음",해당 사항 없음,해당없음,"섭취 주의사항 확인하였으며, 낱개형태의 식염포도당 혹은 분말형 이온음료 비치함",이해하였으며 관리 중임,이해함,이해함,온열질환 예방 교육 실시함
2026-06-02 12:22,752,도고교원연수원,2026-06-02,꼼꼼히 읽어보았고 해당 내용 확인하였음,27,해당 사항 없음,"깨끗하고 시원한 물, 이온음료, 식염포도당 등을 작업장 인근에 상시 비치함",해당 사항 없음,해당없음,"섭취 주의사항 확인하였으며, 낱개형태의 식염포도당 혹은 분말형 이온음료 비치함",이해하였으며 관리 중임,이해함,이해함,
2026-06-02 12:29,753,"쿠팡 대구 1,2,6센터",2026-06-02,꼼꼼히 읽어보았고 해당 내용 확인하였음,23.9,해당 사항 없음,"현장에 <온열질환 예방 수칙 OPS> 게시함|깨끗하고 시원한 물, 이온음료, 식염포도당 등을 작업장 인근에 상시 비치함|근로자에게 쿨토시, 아이스 조끼 등 냉감용품을 지급함|응급상황 대비 비상연락망을 구축하고, 인근 의료기관 및 구급차 진입로를 사전에 파악하고 있음",해당 사항 없음,해당없음,"섭취 주의사항 확인하였으며, 낱개형태의 식염포도당 혹은 분말형 이온음료 비치함",이해하였으며 관리 중임,이해함,이해함,
2026-06-02 12:31,754,이마트 경산물류센터,2026-06-02,꼼꼼히 읽어보았고 해당 내용 확인하였음,22.8,해당 사항 없음,"현장 내 온습도계를 비치하여 매시간 체감온도를 확인하고 근로자에게 전파하고 있음|금일 온열질환 예방 교육을 실시함 (TBM 혹은 별도 교육)|현장에 <온열질환 예방 수칙 OPS> 게시함|깨끗하고 시원한 물, 이온음료, 식염포도당 등을 작업장 인근에 상시 비치함|햇볕을 차단할 수 있는 그늘막 및 휴게공간을 제공함|체감온도 33℃ 이상이 되는 작업장소에서 폭염작업을 하는 경우 매 2시간 이내 20분 이상의 휴식을 취하도록 함 (1시간마다 10분 이상의 휴식을 부여하는 것도 가능)|무더위 시간대(14~17시) 사이에 실외 작업을 되도록 하지 않았음|실내, 옥외 작업 시 냉방장치를 설치 및 가동 중임|근로자 중 온열질환 민감군(※ 신규 배치자, 과거 온열질환 경력자, 고령자, 뇌심혈관질환자, 고·저혈압환자, 당뇨질환자, 신장질환자, 음주자, 장애인 등)을 파악하여 관리하고 있음|응급상황 대비 비상연락망을 구축하고, 인근 의료기관 및 구급차 진입로를 사전에 파악하고 있음",해당 사항 없음,해당없음,생수 비치,이해하였으며 관리 중임,이해함,이해함,
2026-06-02 12:38,755,인하대병원 정석타운,2026-06-02,꼼꼼히 읽어보았고 해당 내용 확인하였음,28,해당 사항 없음,2인 1조  작업을 통해 근로자 간 상호 건강 상태를 수시로 확인하도록 하고 있음,해당 사항 없음,해당없음,지급하고 있지 않음,이해하였으며 관리 중임,이해함,이해함,시간별 외부온도 확인
2026-06-02 12:40,756,쿠팡 양지 4&7 센타,2026-06-02,꼼꼼히 읽어보았고 해당 내용 확인하였음,24.2,해당 사항 없음,"현장 내 온습도계를 비치하여 매시간 체감온도를 확인하고 근로자에게 전파하고 있음|금일 온열질환 예방 교육을 실시함 (TBM 혹은 별도 교육)|현장에 <온열질환 예방 수칙 OPS> 게시함|깨끗하고 시원한 물, 이온음료, 식염포도당 등을 작업장 인근에 상시 비치함|햇볕을 차단할 수 있는 그늘막 및 휴게공간을 제공함|체감온도 33℃ 이상이 되는 작업장소에서 폭염작업을 하는 경우 매 2시간 이내 20분 이상의 휴식을 취하도록 함 (1시간마다 10분 이상의 휴식을 부여하는 것도 가능)|무더위 시간대(14~17시) 사이에 실외 작업을 되도록 하지 않았음|근로자 중 온열질환 민감군(※ 신규 배치자, 과거 온열질환 경력자, 고령자, 뇌심혈관질환자, 고·저혈압환자, 당뇨질환자, 신장질환자, 음주자, 장애인 등)을 파악하여 관리하고 있음|2인 1조  작업을 통해 근로자 간 상호 건강 상태를 수시로 확인하도록 하고 있음|응급상황 대비 비상연락망을 구축하고, 인근 의료기관 및 구급차 진입로를 사전에 파악하고 있음",해당 사항 없음,해당없음,지급하고 있지 않음,이해하였으며 관리 중임,이해함,이해함,
2026-06-02 12:42,757,쿠팡대구3센터,2026-06-02,꼼꼼히 읽어보았고 해당 내용 확인하였음,24.1,해당 사항 없음,"현장 내 온습도계를 비치하여 매시간 체감온도를 확인하고 근로자에게 전파하고 있음|금일 온열질환 예방 교육을 실시함 (TBM 혹은 별도 교육)|현장에 <온열질환 예방 수칙 OPS> 게시함|깨끗하고 시원한 물, 이온음료, 식염포도당 등을 작업장 인근에 상시 비치함|햇볕을 차단할 수 있는 그늘막 및 휴게공간을 제공함|체감온도 33℃ 이상이 되는 작업장소에서 폭염작업을 하는 경우 매 2시간 이내 20분 이상의 휴식을 취하도록 함 (1시간마다 10분 이상의 휴식을 부여하는 것도 가능)|무더위 시간대(14~17시) 사이에 실외 작업을 되도록 하지 않았음|실내, 옥외 작업 시 냉방장치를 설치 및 가동 중임|근로자 중 온열질환 민감군(※ 신규 배치자, 과거 온열질환 경력자, 고령자, 뇌심혈관질환자, 고·저혈압환자, 당뇨질환자, 신장질환자, 음주자, 장애인 등)을 파악하여 관리하고 있음|응급상황 대비 비상연락망을 구축하고, 인근 의료기관 및 구급차 진입로를 사전에 파악하고 있음",해당 사항 없음,해당없음,"섭취 주의사항 확인하였으며, 낱개형태의 식염포도당 혹은 분말형 이온음료 비치함",이해하였으며 관리 중임,이해함,이해함,
2026-06-02 13:02,758,천안시환경에너지사업소,2026-06-02,꼼꼼히 읽어보았고 해당 내용 확인하였음,27.5,해당 사항 없음,"현장 내 온습도계를 비치하여 매시간 체감온도를 확인하고 근로자에게 전파하고 있음|금일 온열질환 예방 교육을 실시함 (TBM 혹은 별도 교육)|현장에 <온열질환 예방 수칙 OPS> 게시함|깨끗하고 시원한 물, 이온음료, 식염포도당 등을 작업장 인근에 상시 비치함|햇볕을 차단할 수 있는 그늘막 및 휴게공간을 제공함|체감온도 33℃ 이상이 되는 작업장소에서 폭염작업을 하는 경우 매 2시간 이내 20분 이상의 휴식을 취하도록 함 (1시간마다 10분 이상의 휴식을 부여하는 것도 가능)|무더위 시간대(14~17시) 사이에 실외 작업을 되도록 하지 않았음|실내, 옥외 작업 시 냉방장치를 설치 및 가동 중임|근로자에게 쿨토시, 아이스 조끼 등 냉감용품을 지급함|근로자 중 온열질환 민감군(※ 신규 배치자, 과거 온열질환 경력자, 고령자, 뇌심혈관질환자, 고·저혈압환자, 당뇨질환자, 신장질환자, 음주자, 장애인 등)을 파악하여 관리하고 있음|응급상황 대비 비상연락망을 구축하고, 인근 의료기관 및 구급차 진입로를 사전에 파악하고 있음",해당 사항 없음,해당없음,"섭취 주의사항 확인하였으며, 낱개형태의 식염포도당 혹은 분말형 이온음료 비치함",이해하였으며 관리 중임,이해함,이해함,
2026-06-02 13:02,759,건와빌딩,2026-06-02,꼼꼼히 읽어보았고 해당 내용 확인하였음,29.1,해당 사항 없음,"현장 내 온습도계를 비치하여 매시간 체감온도를 확인하고 근로자에게 전파하고 있음|금일 온열질환 예방 교육을 실시함 (TBM 혹은 별도 교육)|현장에 <온열질환 예방 수칙 OPS> 게시함|깨끗하고 시원한 물, 이온음료, 식염포도당 등을 작업장 인근에 상시 비치함|햇볕을 차단할 수 있는 그늘막 및 휴게공간을 제공함|체감온도 33℃ 이상이 되는 작업장소에서 폭염작업을 하는 경우 매 2시간 이내 20분 이상의 휴식을 취하도록 함 (1시간마다 10분 이상의 휴식을 부여하는 것도 가능)|무더위 시간대(14~17시) 사이에 실외 작업을 되도록 하지 않았음|실내, 옥외 작업 시 냉방장치를 설치 및 가동 중임|근로자에게 쿨토시, 아이스 조끼 등 냉감용품을 지급함|근로자 중 온열질환 민감군(※ 신규 배치자, 과거 온열질환 경력자, 고령자, 뇌심혈관질환자, 고·저혈압환자, 당뇨질환자, 신장질환자, 음주자, 장애인 등)을 파악하여 관리하고 있음|2인 1조  작업을 통해 근로자 간 상호 건강 상태를 수시로 확인하도록 하고 있음|응급상황 대비 비상연락망을 구축하고, 인근 의료기관 및 구급차 진입로를 사전에 파악하고 있음",해당 사항 없음,해당없음,지급하고 있지 않음,이해하였으며 관리 중임,이해함,이해함,
2026-06-02 13:03,760,의왕연구소,2026-06-02,꼼꼼히 읽어보았고 해당 내용 확인하였음,23,해당 사항 없음,"현장 내 온습도계를 비치하여 매시간 체감온도를 확인하고 근로자에게 전파하고 있음|현장에 <온열질환 예방 수칙 OPS> 게시함|깨끗하고 시원한 물, 이온음료, 식염포도당 등을 작업장 인근에 상시 비치함|실내, 옥외 작업 시 냉방장치를 설치 및 가동 중임",해당 사항 없음,해당없음,"섭취 주의사항 확인하였으며, 대용량 식염포도당 비치함",이해하였으며 관리 중임,이해함,이해함,
2026-06-02 13:03,761,교원명동빌딩,2026-06-02,꼼꼼히 읽어보았고 해당 내용 확인하였음,24.2,해당 사항 없음,"금일 온열질환 예방 교육을 실시함 (TBM 혹은 별도 교육)|현장에 <온열질환 예방 수칙 OPS> 게시함|깨끗하고 시원한 물, 이온음료, 식염포도당 등을 작업장 인근에 상시 비치함|체감온도 33℃ 이상이 되는 작업장소에서 폭염작업을 하는 경우 매 2시간 이내 20분 이상의 휴식을 취하도록 함 (1시간마다 10분 이상의 휴식을 부여하는 것도 가능)",해당 사항 없음,해당없음,지급하고 있지 않음,이해하였으며 관리 중임,이해함,이해함,
2026-06-02 13:13,762,한진 월미도 물류센터,2026-06-02,꼼꼼히 읽어보았고 해당 내용 확인하였음,27,해당 사항 없음,"현장 내 온습도계를 비치하여 매시간 체감온도를 확인하고 근로자에게 전파하고 있음|금일 온열질환 예방 교육을 실시함 (TBM 혹은 별도 교육)|현장에 <온열질환 예방 수칙 OPS> 게시함|깨끗하고 시원한 물, 이온음료, 식염포도당 등을 작업장 인근에 상시 비치함|햇볕을 차단할 수 있는 그늘막 및 휴게공간을 제공함|무더위 시간대(14~17시) 사이에 실외 작업을 되도록 하지 않았음|실내, 옥외 작업 시 냉방장치를 설치 및 가동 중임|근로자 중 온열질환 민감군(※ 신규 배치자, 과거 온열질환 경력자, 고령자, 뇌심혈관질환자, 고·저혈압환자, 당뇨질환자, 신장질환자, 음주자, 장애인 등)을 파악하여 관리하고 있음|2인 1조  작업을 통해 근로자 간 상호 건강 상태를 수시로 확인하도록 하고 있음|응급상황 대비 비상연락망을 구축하고, 인근 의료기관 및 구급차 진입로를 사전에 파악하고 있음",해당 사항 없음,해당없음,정수기 냉수,이해하였으며 관리 중임,이해함,이해함,냉방기 정상 작동상태 확인
2026-06-02 13:14,763,LG에너지솔루션 과천R&D캠퍼스,2026-06-02,꼼꼼히 읽어보았고 해당 내용 확인하였음,29.4,해당 사항 없음,"현장 내 온습도계를 비치하여 매시간 체감온도를 확인하고 근로자에게 전파하고 있음|현장에 <온열질환 예방 수칙 OPS> 게시함|깨끗하고 시원한 물, 이온음료, 식염포도당 등을 작업장 인근에 상시 비치함|햇볕을 차단할 수 있는 그늘막 및 휴게공간을 제공함|체감온도 33℃ 이상이 되는 작업장소에서 폭염작업을 하는 경우 매 2시간 이내 20분 이상의 휴식을 취하도록 함 (1시간마다 10분 이상의 휴식을 부여하는 것도 가능)|무더위 시간대(14~17시) 사이에 실외 작업을 되도록 하지 않았음|실내, 옥외 작업 시 냉방장치를 설치 및 가동 중임|근로자에게 쿨토시, 아이스 조끼 등 냉감용품을 지급함|근로자 중 온열질환 민감군(※ 신규 배치자, 과거 온열질환 경력자, 고령자, 뇌심혈관질환자, 고·저혈압환자, 당뇨질환자, 신장질환자, 음주자, 장애인 등)을 파악하여 관리하고 있음|2인 1조  작업을 통해 근로자 간 상호 건강 상태를 수시로 확인하도록 하고 있음|응급상황 대비 비상연락망을 구축하고, 인근 의료기관 및 구급차 진입로를 사전에 파악하고 있음",해당 사항 없음,해당없음,지급하고 있지 않음,이해하였으며 관리 중임,이해함,이해함,
2026-06-02 13:14,764,한진 인천 정비공장,2026-06-02,꼼꼼히 읽어보았고 해당 내용 확인하였음,26.9,해당 사항 없음,"현장 내 온습도계를 비치하여 매시간 체감온도를 확인하고 근로자에게 전파하고 있음|금일 온열질환 예방 교육을 실시함 (TBM 혹은 별도 교육)|현장에 <온열질환 예방 수칙 OPS> 게시함|깨끗하고 시원한 물, 이온음료, 식염포도당 등을 작업장 인근에 상시 비치함|햇볕을 차단할 수 있는 그늘막 및 휴게공간을 제공함|무더위 시간대(14~17시) 사이에 실외 작업을 되도록 하지 않았음|실내, 옥외 작업 시 냉방장치를 설치 및 가동 중임|근로자 중 온열질환 민감군(※ 신규 배치자, 과거 온열질환 경력자, 고령자, 뇌심혈관질환자, 고·저혈압환자, 당뇨질환자, 신장질환자, 음주자, 장애인 등)을 파악하여 관리하고 있음|2인 1조  작업을 통해 근로자 간 상호 건강 상태를 수시로 확인하도록 하고 있음|응급상황 대비 비상연락망을 구축하고, 인근 의료기관 및 구급차 진입로를 사전에 파악하고 있음",해당 사항 없음,해당없음,정수기 냉수,이해하였으며 관리 중임,이해함,이해함,
2026-06-02 13:18,765,용산 LG U+ 사옥,2026-06-02,꼼꼼히 읽어보았고 해당 내용 확인하였음,28.5,해당 사항 없음,"금일 온열질환 예방 교육을 실시함 (TBM 혹은 별도 교육)|현장에 <온열질환 예방 수칙 OPS> 게시함|깨끗하고 시원한 물, 이온음료, 식염포도당 등을 작업장 인근에 상시 비치함|햇볕을 차단할 수 있는 그늘막 및 휴게공간을 제공함|체감온도 33℃ 이상이 되는 작업장소에서 폭염작업을 하는 경우 매 2시간 이내 20분 이상의 휴식을 취하도록 함 (1시간마다 10분 이상의 휴식을 부여하는 것도 가능)|무더위 시간대(14~17시) 사이에 실외 작업을 되도록 하지 않았음|실내, 옥외 작업 시 냉방장치를 설치 및 가동 중임|근로자에게 쿨토시, 아이스 조끼 등 냉감용품을 지급함|근로자 중 온열질환 민감군(※ 신규 배치자, 과거 온열질환 경력자, 고령자, 뇌심혈관질환자, 고·저혈압환자, 당뇨질환자, 신장질환자, 음주자, 장애인 등)을 파악하여 관리하고 있음|2인 1조  작업을 통해 근로자 간 상호 건강 상태를 수시로 확인하도록 하고 있음|응급상황 대비 비상연락망을 구축하고, 인근 의료기관 및 구급차 진입로를 사전에 파악하고 있음","매시간 15분씩 그늘(휴식공간)에서 휴식 제공|온열질환 민감군, 작업강도가 높은 작업자에게는 휴식시간 추가 배정|무더위 시간대(14~17시)에는 불가피한 경우를 제외하고는 옥외작업 중지|불가피한 옥외작업 시 휴식시간 충분히 부여|업무담당자 지정 혹은 2인 1조 근무하도록 하여 근로자의 건강상태 상호 확인",해당없음,"섭취 주의사항 확인하였으며, 낱개형태의 식염포도당 혹은 분말형 이온음료 비치함",이해하였으며 관리 중임,이해함,이해함,6/2일 13시17분 체감온도는 28.5도 온열질환 예방 교육과 점검 진행하였습니다. 그외 특이사항 없습니다.
2026-06-02 13:20,766,한진인천국제물류센터,2026-06-02,꼼꼼히 읽어보았고 해당 내용 확인하였음,25.6,해당 사항 없음,"현장 내 온습도계를 비치하여 매시간 체감온도를 확인하고 근로자에게 전파하고 있음|깨끗하고 시원한 물, 이온음료, 식염포도당 등을 작업장 인근에 상시 비치함|체감온도 33℃ 이상이 되는 작업장소에서 폭염작업을 하는 경우 매 2시간 이내 20분 이상의 휴식을 취하도록 함 (1시간마다 10분 이상의 휴식을 부여하는 것도 가능)|무더위 시간대(14~17시) 사이에 실외 작업을 되도록 하지 않았음|실내, 옥외 작업 시 냉방장치를 설치 및 가동 중임|근로자 중 온열질환 민감군(※ 신규 배치자, 과거 온열질환 경력자, 고령자, 뇌심혈관질환자, 고·저혈압환자, 당뇨질환자, 신장질환자, 음주자, 장애인 등)을 파악하여 관리하고 있음|2인 1조  작업을 통해 근로자 간 상호 건강 상태를 수시로 확인하도록 하고 있음|응급상황 대비 비상연락망을 구축하고, 인근 의료기관 및 구급차 진입로를 사전에 파악하고 있음",해당 사항 없음,해당없음,"섭취 주의사항 확인하였으며, 낱개형태의 식염포도당 혹은 분말형 이온음료 비치함",이해하였으며 관리 중임,이해함,이해함,
2026-06-02 13:20,767,페럼타워,2026-06-02,꼼꼼히 읽어보았고 해당 내용 확인하였음,36.7,해당 사항 없음,"현장 내 온습도계를 비치하여 매시간 체감온도를 확인하고 근로자에게 전파하고 있음|금일 온열질환 예방 교육을 실시함 (TBM 혹은 별도 교육)|현장에 <온열질환 예방 수칙 OPS> 게시함|깨끗하고 시원한 물, 이온음료, 식염포도당 등을 작업장 인근에 상시 비치함|햇볕을 차단할 수 있는 그늘막 및 휴게공간을 제공함|체감온도 33℃ 이상이 되는 작업장소에서 폭염작업을 하는 경우 매 2시간 이내 20분 이상의 휴식을 취하도록 함 (1시간마다 10분 이상의 휴식을 부여하는 것도 가능)|무더위 시간대(14~17시) 사이에 실외 작업을 되도록 하지 않았음|실내, 옥외 작업 시 냉방장치를 설치 및 가동 중임|근로자 중 온열질환 민감군(※ 신규 배치자, 과거 온열질환 경력자, 고령자, 뇌심혈관질환자, 고·저혈압환자, 당뇨질환자, 신장질환자, 음주자, 장애인 등)을 파악하여 관리하고 있음|2인 1조  작업을 통해 근로자 간 상호 건강 상태를 수시로 확인하도록 하고 있음|응급상황 대비 비상연락망을 구축하고, 인근 의료기관 및 구급차 진입로를 사전에 파악하고 있음",매시간 15분씩 그늘(휴식공간)에서 휴식 제공,해당없음,지급하고 있지 않음,이해하였으며 관리 중임,이해함,이해함,
2026-06-02 13:20,768,파크원 LG에너지솔루션,2026-06-02,꼼꼼히 읽어보았고 해당 내용 확인하였음,24.6,해당 사항 없음,"현장 내 온습도계를 비치하여 매시간 체감온도를 확인하고 근로자에게 전파하고 있음|금일 온열질환 예방 교육을 실시함 (TBM 혹은 별도 교육)|현장에 <온열질환 예방 수칙 OPS> 게시함|깨끗하고 시원한 물, 이온음료, 식염포도당 등을 작업장 인근에 상시 비치함|2인 1조  작업을 통해 근로자 간 상호 건강 상태를 수시로 확인하도록 하고 있음|응급상황 대비 비상연락망을 구축하고, 인근 의료기관 및 구급차 진입로를 사전에 파악하고 있음",해당 사항 없음,해당없음,"섭취 주의사항 확인하였으며, 낱개형태의 식염포도당 혹은 분말형 이온음료 비치함",이해하였으며 관리 중임,이해함,이해함,
2026-06-02 13:28,769,LG에너지솔루션 과천R&D캠퍼스,2026-06-02,꼼꼼히 읽어보았고 해당 내용 확인하였음,28,해당 사항 없음,"현장 내 온습도계를 비치하여 매시간 체감온도를 확인하고 근로자에게 전파하고 있음|금일 온열질환 예방 교육을 실시함 (TBM 혹은 별도 교육)|현장에 <온열질환 예방 수칙 OPS> 게시함|깨끗하고 시원한 물, 이온음료, 식염포도당 등을 작업장 인근에 상시 비치함|햇볕을 차단할 수 있는 그늘막 및 휴게공간을 제공함",해당 사항 없음,해당없음,"섭취 주의사항 확인하였으며, 낱개형태의 식염포도당 혹은 분말형 이온음료 비치함",이해하였으며 관리 중임,이해함,이해함,
2026-06-02 13:30,770,GS타워,2026-06-02,꼼꼼히 읽어보았고 해당 내용 확인하였음,29,해당 사항 없음,"현장 내 온습도계를 비치하여 매시간 체감온도를 확인하고 근로자에게 전파하고 있음|금일 온열질환 예방 교육을 실시함 (TBM 혹은 별도 교육)|현장에 <온열질환 예방 수칙 OPS> 게시함|깨끗하고 시원한 물, 이온음료, 식염포도당 등을 작업장 인근에 상시 비치함|체감온도 33℃ 이상이 되는 작업장소에서 폭염작업을 하는 경우 매 2시간 이내 20분 이상의 휴식을 취하도록 함 (1시간마다 10분 이상의 휴식을 부여하는 것도 가능)|근로자에게 쿨토시, 아이스 조끼 등 냉감용품을 지급함|근로자 중 온열질환 민감군(※ 신규 배치자, 과거 온열질환 경력자, 고령자, 뇌심혈관질환자, 고·저혈압환자, 당뇨질환자, 신장질환자, 음주자, 장애인 등)을 파악하여 관리하고 있음|2인 1조  작업을 통해 근로자 간 상호 건강 상태를 수시로 확인하도록 하고 있음|응급상황 대비 비상연락망을 구축하고, 인근 의료기관 및 구급차 진입로를 사전에 파악하고 있음|순찰시 무리하지않도록 근로자들에게 전달함",해당 사항 없음,해당없음,지급하고 있지 않음,이해하였으며 관리 중임,이해함,이해함,내외부 항시 순찰중
2026-06-02 13:32,771,한진빌딩,2026-06-02,꼼꼼히 읽어보았고 해당 내용 확인하였음,30,해당 사항 없음,현장 내 온습도계를 비치하여 매시간 체감온도를 확인하고 근로자에게 전파하고 있음,해당 사항 없음,해당없음,"섭취 주의사항 확인하였으며, 낱개형태의 식염포도당 혹은 분말형 이온음료 비치함",이해하였으며 관리 중임,이해함,이해함,
2026-06-02 13:34,772,교원투어빌딩,2026-06-02,꼼꼼히 읽어보았고 해당 내용 확인하였음,29.8,해당 사항 없음,"현장 내 온습도계를 비치하여 매시간 체감온도를 확인하고 근로자에게 전파하고 있음|금일 온열질환 예방 교육을 실시함 (TBM 혹은 별도 교육)|현장에 <온열질환 예방 수칙 OPS> 게시함|깨끗하고 시원한 물, 이온음료, 식염포도당 등을 작업장 인근에 상시 비치함|햇볕을 차단할 수 있는 그늘막 및 휴게공간을 제공함|체감온도 33℃ 이상이 되는 작업장소에서 폭염작업을 하는 경우 매 2시간 이내 20분 이상의 휴식을 취하도록 함 (1시간마다 10분 이상의 휴식을 부여하는 것도 가능)|무더위 시간대(14~17시) 사이에 실외 작업을 되도록 하지 않았음|실내, 옥외 작업 시 냉방장치를 설치 및 가동 중임|근로자 중 온열질환 민감군(※ 신규 배치자, 과거 온열질환 경력자, 고령자, 뇌심혈관질환자, 고·저혈압환자, 당뇨질환자, 신장질환자, 음주자, 장애인 등)을 파악하여 관리하고 있음|2인 1조  작업을 통해 근로자 간 상호 건강 상태를 수시로 확인하도록 하고 있음|응급상황 대비 비상연락망을 구축하고, 인근 의료기관 및 구급차 진입로를 사전에 파악하고 있음",해당 사항 없음,해당없음,"섭취 주의사항 확인하였으며, 낱개형태의 식염포도당 혹은 분말형 이온음료 비치함",이해하였으며 관리 중임,이해함,이해함,
2026-06-02 13:35,773,KB증권 대치사옥,2026-06-02,꼼꼼히 읽어보았고 해당 내용 확인하였음,29.4,해당 사항 없음,"근로자 중 온열질환 민감군(※ 신규 배치자, 과거 온열질환 경력자, 고령자, 뇌심혈관질환자, 고·저혈압환자, 당뇨질환자, 신장질환자, 음주자, 장애인 등)을 파악하여 관리하고 있음|2인 1조  작업을 통해 근로자 간 상호 건강 상태를 수시로 확인하도록 하고 있음",해당 사항 없음,해당없음,지급하고 있지 않음,이해하였으며 관리 중임,이해함,이해함,옥상 작업 (냉각탑.수변전) 유무 확인
2026-06-02 13:35,774,현대자동차 군산하이테크센터,2026-06-02,꼼꼼히 읽어보았고 해당 내용 확인하였음,28.1,해당 사항 없음,"현장 내 온습도계를 비치하여 매시간 체감온도를 확인하고 근로자에게 전파하고 있음|현장에 <온열질환 예방 수칙 OPS> 게시함|깨끗하고 시원한 물, 이온음료, 식염포도당 등을 작업장 인근에 상시 비치함|햇볕을 차단할 수 있는 그늘막 및 휴게공간을 제공함|체감온도 33℃ 이상이 되는 작업장소에서 폭염작업을 하는 경우 매 2시간 이내 20분 이상의 휴식을 취하도록 함 (1시간마다 10분 이상의 휴식을 부여하는 것도 가능)|무더위 시간대(14~17시) 사이에 실외 작업을 되도록 하지 않았음|실내, 옥외 작업 시 냉방장치를 설치 및 가동 중임|근로자 중 온열질환 민감군(※ 신규 배치자, 과거 온열질환 경력자, 고령자, 뇌심혈관질환자, 고·저혈압환자, 당뇨질환자, 신장질환자, 음주자, 장애인 등)을 파악하여 관리하고 있음|2인 1조  작업을 통해 근로자 간 상호 건강 상태를 수시로 확인하도록 하고 있음|응급상황 대비 비상연락망을 구축하고, 인근 의료기관 및 구급차 진입로를 사전에 파악하고 있음",해당 사항 없음,해당없음,"식염포도당, 분말형 이온음료는 비치하고 있지 않으나, 인근 휴게시설에서 냉온정수기 및 냉난방시설이 구비되어 있어, 근로자가 근무 중 수시로 휴게가 가능하도록 하고 있습니다.",이해하였으며 관리 중임,이해함,이해함,
2026-06-02 13:37,775,파주교원물류센타,2026-06-02,꼼꼼히 읽어보았고 해당 내용 확인하였음,31,해당 사항 없음,현장 내 온습도계를 비치하여 매시간 체감온도를 확인하고 근로자에게 전파하고 있음|금일 온열질환 예방 교육을 실시함 (TBM 혹은 별도 교육)|2인 1조  작업을 통해 근로자 간 상호 건강 상태를 수시로 확인하도록 하고 있음,해당 사항 없음,해당없음,지급하고 있지 않음,이해하였으며 관리 중임,이해함,이해함,
2026-06-02 13:46,776,현대자동차 전주공장 미화팀,2026-06-02,꼼꼼히 읽어보았고 해당 내용 확인하였음,28.6,해당 사항 없음,"실내, 옥외 작업 시 냉방장치를 설치 및 가동 중임",해당 사항 없음,해당없음,"섭취 주의사항 확인하였으며, 대용량 식염포도당 비치함",이해하였으며 관리 중임,이해함,이해함,
2026-06-02 13:47,777,쿠팡 평택5센타,2026-06-02,꼼꼼히 읽어보았고 해당 내용 확인하였음,27,해당 사항 없음,"현장 내 온습도계를 비치하여 매시간 체감온도를 확인하고 근로자에게 전파하고 있음|금일 온열질환 예방 교육을 실시함 (TBM 혹은 별도 교육)|현장에 <온열질환 예방 수칙 OPS> 게시함|체감온도 33℃ 이상이 되는 작업장소에서 폭염작업을 하는 경우 매 2시간 이내 20분 이상의 휴식을 취하도록 함 (1시간마다 10분 이상의 휴식을 부여하는 것도 가능)|무더위 시간대(14~17시) 사이에 실외 작업을 되도록 하지 않았음|실내, 옥외 작업 시 냉방장치를 설치 및 가동 중임|근로자에게 쿨토시, 아이스 조끼 등 냉감용품을 지급함|근로자 중 온열질환 민감군(※ 신규 배치자, 과거 온열질환 경력자, 고령자, 뇌심혈관질환자, 고·저혈압환자, 당뇨질환자, 신장질환자, 음주자, 장애인 등)을 파악하여 관리하고 있음|응급상황 대비 비상연락망을 구축하고, 인근 의료기관 및 구급차 진입로를 사전에 파악하고 있음",해당 사항 없음,해당없음,이온음료 자판기 비치 되어 수시로 섭취 하고 있음,이해하였으며 관리 중임,이해함,이해함,쿠팡 평택5센타는 실외근무가 없으며 냉방조끼를 지급 하였습니다
2026-06-02 13:47,778,홍대세종캠퍼스시설,2026-06-02,꼼꼼히 읽어보았고 해당 내용 확인하였음,29,해당 사항 없음,"현장 내 온습도계를 비치하여 매시간 체감온도를 확인하고 근로자에게 전파하고 있음|금일 온열질환 예방 교육을 실시함 (TBM 혹은 별도 교육)|현장에 <온열질환 예방 수칙 OPS> 게시함|깨끗하고 시원한 물, 이온음료, 식염포도당 등을 작업장 인근에 상시 비치함|햇볕을 차단할 수 있는 그늘막 및 휴게공간을 제공함|체감온도 33℃ 이상이 되는 작업장소에서 폭염작업을 하는 경우 매 2시간 이내 20분 이상의 휴식을 취하도록 함 (1시간마다 10분 이상의 휴식을 부여하는 것도 가능)|무더위 시간대(14~17시) 사이에 실외 작업을 되도록 하지 않았음|실내, 옥외 작업 시 냉방장치를 설치 및 가동 중임|근로자 중 온열질환 민감군(※ 신규 배치자, 과거 온열질환 경력자, 고령자, 뇌심혈관질환자, 고·저혈압환자, 당뇨질환자, 신장질환자, 음주자, 장애인 등)을 파악하여 관리하고 있음|2인 1조  작업을 통해 근로자 간 상호 건강 상태를 수시로 확인하도록 하고 있음|응급상황 대비 비상연락망을 구축하고, 인근 의료기관 및 구급차 진입로를 사전에 파악하고 있음",해당 사항 없음,해당없음,지급하고 있지 않음,이해하였으며 관리 중임,이해함,이해함,일일 체크중
2026-06-02 14:01,779,홍익대(서울),2026-06-02,꼼꼼히 읽어보았고 해당 내용 확인하였음,28,해당 사항 없음,2인 1조  작업을 통해 근로자 간 상호 건강 상태를 수시로 확인하도록 하고 있음|작업전 안전수칙 준수,해당 사항 없음,해당없음,"섭취 주의사항 확인하였으며, 낱개형태의 식염포도당 혹은 분말형 이온음료 비치함",이해하였으며 관리 중임,이해함,이해함,작업전 안전수칙 준수 지침 전달
2026-06-02 14:01,780,교원대구빌딩,2026-06-02,꼼꼼히 읽어보았고 해당 내용 확인하였음,23.5,해당 사항 없음,"현장 내 온습도계를 비치하여 매시간 체감온도를 확인하고 근로자에게 전파하고 있음|현장에 <온열질환 예방 수칙 OPS> 게시함|깨끗하고 시원한 물, 이온음료, 식염포도당 등을 작업장 인근에 상시 비치함|햇볕을 차단할 수 있는 그늘막 및 휴게공간을 제공함|근로자 중 온열질환 민감군(※ 신규 배치자, 과거 온열질환 경력자, 고령자, 뇌심혈관질환자, 고·저혈압환자, 당뇨질환자, 신장질환자, 음주자, 장애인 등)을 파악하여 관리하고 있음|응급상황 대비 비상연락망을 구축하고, 인근 의료기관 및 구급차 진입로를 사전에 파악하고 있음",해당 사항 없음,해당없음,지급하고 있지 않음,이해하였으며 관리 중임,이해함,이해함,
2026-06-02 14:05,781,인천30fc,2026-06-02,꼼꼼히 읽어보았고 해당 내용 확인하였음,28.7,해당 사항 없음,"금일 온열질환 예방 교육을 실시함 (TBM 혹은 별도 교육)|현장에 <온열질환 예방 수칙 OPS> 게시함|깨끗하고 시원한 물, 이온음료, 식염포도당 등을 작업장 인근에 상시 비치함|햇볕을 차단할 수 있는 그늘막 및 휴게공간을 제공함|무더위 시간대(14~17시) 사이에 실외 작업을 되도록 하지 않았음|실내, 옥외 작업 시 냉방장치를 설치 및 가동 중임|근로자 중 온열질환 민감군(※ 신규 배치자, 과거 온열질환 경력자, 고령자, 뇌심혈관질환자, 고·저혈압환자, 당뇨질환자, 신장질환자, 음주자, 장애인 등)을 파악하여 관리하고 있음|응급상황 대비 비상연락망을 구축하고, 인근 의료기관 및 구급차 진입로를 사전에 파악하고 있음",해당 사항 없음,해당없음,"섭취 주의사항 확인하였으며, 낱개형태의 식염포도당 혹은 분말형 이온음료 비치함",이해하였으며 관리 중임,이해함,이해함,
2026-06-02 14:06,782,GS칼텍스 죽전,2026-06-02,꼼꼼히 읽어보았고 해당 내용 확인하였음,29.3,해당 사항 없음,"현장 내 온습도계를 비치하여 매시간 체감온도를 확인하고 근로자에게 전파하고 있음|깨끗하고 시원한 물, 이온음료, 식염포도당 등을 작업장 인근에 상시 비치함",해당 사항 없음,해당없음,"섭취 주의사항 확인하였으며, 낱개형태의 식염포도당 혹은 분말형 이온음료 비치함",이해하였으며 관리 중임,이해함,이해함,특이사항 없음
2026-06-02 14:10,783,가든파이브웍스,2026-06-02,꼼꼼히 읽어보았고 해당 내용 확인하였음,28,해당 사항 없음,"현장에 <온열질환 예방 수칙 OPS> 게시함|깨끗하고 시원한 물, 이온음료, 식염포도당 등을 작업장 인근에 상시 비치함|무더위 시간대(14~17시) 사이에 실외 작업을 되도록 하지 않았음|근로자에게 쿨토시, 아이스 조끼 등 냉감용품을 지급함",해당 사항 없음,해당없음,지급하고 있지 않음,이해하였으며 관리 중임,이해함,이해함,
2026-06-02 14:13,784,교직원공제회 여의도,2026-06-02,꼼꼼히 읽어보았고 해당 내용 확인하였음,29.9,해당 사항 없음,"금일 온열질환 예방 교육을 실시함 (TBM 혹은 별도 교육)|현장에 <온열질환 예방 수칙 OPS> 게시함|깨끗하고 시원한 물, 이온음료, 식염포도당 등을 작업장 인근에 상시 비치함|햇볕을 차단할 수 있는 그늘막 및 휴게공간을 제공함|체감온도 33℃ 이상이 되는 작업장소에서 폭염작업을 하는 경우 매 2시간 이내 20분 이상의 휴식을 취하도록 함 (1시간마다 10분 이상의 휴식을 부여하는 것도 가능)|무더위 시간대(14~17시) 사이에 실외 작업을 되도록 하지 않았음|실내, 옥외 작업 시 냉방장치를 설치 및 가동 중임|근로자에게 쿨토시, 아이스 조끼 등 냉감용품을 지급함|근로자 중 온열질환 민감군(※ 신규 배치자, 과거 온열질환 경력자, 고령자, 뇌심혈관질환자, 고·저혈압환자, 당뇨질환자, 신장질환자, 음주자, 장애인 등)을 파악하여 관리하고 있음|2인 1조  작업을 통해 근로자 간 상호 건강 상태를 수시로 확인하도록 하고 있음|응급상황 대비 비상연락망을 구축하고, 인근 의료기관 및 구급차 진입로를 사전에 파악하고 있음",해당 사항 없음,해당없음,지급하고 있지 않음,이해하였으며 관리 중임,이해함,이해함,
2026-06-02 14:15,785,쿠팡 부천1FC,2026-06-02,꼼꼼히 읽어보았고 해당 내용 확인하였음,32.4,해당 사항 없음,"현장 내 온습도계를 비치하여 매시간 체감온도를 확인하고 근로자에게 전파하고 있음|금일 온열질환 예방 교육을 실시함 (TBM 혹은 별도 교육)|현장에 <온열질환 예방 수칙 OPS> 게시함|깨끗하고 시원한 물, 이온음료, 식염포도당 등을 작업장 인근에 상시 비치함|체감온도 33℃ 이상이 되는 작업장소에서 폭염작업을 하는 경우 매 2시간 이내 20분 이상의 휴식을 취하도록 함 (1시간마다 10분 이상의 휴식을 부여하는 것도 가능)|실내, 옥외 작업 시 냉방장치를 설치 및 가동 중임|근로자 중 온열질환 민감군(※ 신규 배치자, 과거 온열질환 경력자, 고령자, 뇌심혈관질환자, 고·저혈압환자, 당뇨질환자, 신장질환자, 음주자, 장애인 등)을 파악하여 관리하고 있음|응급상황 대비 비상연락망을 구축하고, 인근 의료기관 및 구급차 진입로를 사전에 파악하고 있음",해당 사항 없음,해당없음,"섭취 주의사항 확인하였으며, 대용량 식염포도당 비치함",이해하였으며 관리 중임,이해함,이해함,"급성질환 여부(두통,어지럼증,피로감 등) 확인"
2026-06-02 14:22,786,인천정석빌딩,2026-06-02,꼼꼼히 읽어보았고 해당 내용 확인하였음,28.8,해당 사항 없음,"현장 내 온습도계를 비치하여 매시간 체감온도를 확인하고 근로자에게 전파하고 있음|현장에 <온열질환 예방 수칙 OPS> 게시함|깨끗하고 시원한 물, 이온음료, 식염포도당 등을 작업장 인근에 상시 비치함|햇볕을 차단할 수 있는 그늘막 및 휴게공간을 제공함|무더위 시간대(14~17시) 사이에 실외 작업을 되도록 하지 않았음|2인 1조  작업을 통해 근로자 간 상호 건강 상태를 수시로 확인하도록 하고 있음",해당 사항 없음,해당없음,지급하고 있지 않음,이해하였으며 관리 중임,이해함,이해함,
2026-06-02 14:24,787,남대문 자유상가,2026-06-02,꼼꼼히 읽어보았고 해당 내용 확인하였음,30,해당 사항 없음,"현장 내 온습도계를 비치하여 매시간 체감온도를 확인하고 근로자에게 전파하고 있음|현장에 <온열질환 예방 수칙 OPS> 게시함|깨끗하고 시원한 물, 이온음료, 식염포도당 등을 작업장 인근에 상시 비치함|햇볕을 차단할 수 있는 그늘막 및 휴게공간을 제공함|실내, 옥외 작업 시 냉방장치를 설치 및 가동 중임|근로자 중 온열질환 민감군(※ 신규 배치자, 과거 온열질환 경력자, 고령자, 뇌심혈관질환자, 고·저혈압환자, 당뇨질환자, 신장질환자, 음주자, 장애인 등)을 파악하여 관리하고 있음|2인 1조  작업을 통해 근로자 간 상호 건강 상태를 수시로 확인하도록 하고 있음|응급상황 대비 비상연락망을 구축하고, 인근 의료기관 및 구급차 진입로를 사전에 파악하고 있음",해당 사항 없음,해당없음,지급하고 있지 않음,이해하였으며 관리 중임,이해함,이해함,
2026-06-02 14:26,788,일산후곡빌딩,2026-06-02,꼼꼼히 읽어보았고 해당 내용 확인하였음,29,해당 사항 없음,"현장 내 온습도계를 비치하여 매시간 체감온도를 확인하고 근로자에게 전파하고 있음|깨끗하고 시원한 물, 이온음료, 식염포도당 등을 작업장 인근에 상시 비치함|햇볕을 차단할 수 있는 그늘막 및 휴게공간을 제공함|무더위 시간대(14~17시) 사이에 실외 작업을 되도록 하지 않았음",업무담당자 지정 혹은 2인 1조 근무하도록 하여 근로자의 건강상태 상호 확인,해당없음,지급하고 있지 않음,이해하였으며 관리 중임,이해함,이해함,
2026-06-02 14:29,789,부산교원빌딩,2026-06-02,꼼꼼히 읽어보았고 해당 내용 확인하였음,28,해당 사항 없음,"현장 내 온습도계를 비치하여 매시간 체감온도를 확인하고 근로자에게 전파하고 있음|금일 온열질환 예방 교육을 실시함 (TBM 혹은 별도 교육)|현장에 <온열질환 예방 수칙 OPS> 게시함|깨끗하고 시원한 물, 이온음료, 식염포도당 등을 작업장 인근에 상시 비치함|햇볕을 차단할 수 있는 그늘막 및 휴게공간을 제공함|체감온도 33℃ 이상이 되는 작업장소에서 폭염작업을 하는 경우 매 2시간 이내 20분 이상의 휴식을 취하도록 함 (1시간마다 10분 이상의 휴식을 부여하는 것도 가능)|무더위 시간대(14~17시) 사이에 실외 작업을 되도록 하지 않았음|실내, 옥외 작업 시 냉방장치를 설치 및 가동 중임|근로자에게 쿨토시, 아이스 조끼 등 냉감용품을 지급함|근로자 중 온열질환 민감군(※ 신규 배치자, 과거 온열질환 경력자, 고령자, 뇌심혈관질환자, 고·저혈압환자, 당뇨질환자, 신장질환자, 음주자, 장애인 등)을 파악하여 관리하고 있음|2인 1조  작업을 통해 근로자 간 상호 건강 상태를 수시로 확인하도록 하고 있음|응급상황 대비 비상연락망을 구축하고, 인근 의료기관 및 구급차 진입로를 사전에 파악하고 있음",해당 사항 없음,해당없음,"섭취 주의사항 확인하였으며, 낱개형태의 식염포도당 혹은 분말형 이온음료 비치함",이해하였으며 관리 중임,이해함,이해함,
2026-06-02 14:30,790,성지하이츠1,2026-06-02,꼼꼼히 읽어보았고 해당 내용 확인하였음,29.3,해당 사항 없음,"금일 온열질환 예방 교육을 실시함 (TBM 혹은 별도 교육)|무더위 시간대(14~17시) 사이에 실외 작업을 되도록 하지 않았음|실내, 옥외 작업 시 냉방장치를 설치 및 가동 중임",해당 사항 없음,해당없음,지급하고 있지 않음,이해하였으며 관리 중임,이해함,이해함,
2026-06-02 14:33,791,교직원공제회 인천회관,2026-06-02,꼼꼼히 읽어보았고 해당 내용 확인하였음,24.7,해당 사항 없음,"현장 내 온습도계를 비치하여 매시간 체감온도를 확인하고 근로자에게 전파하고 있음|금일 온열질환 예방 교육을 실시함 (TBM 혹은 별도 교육)|현장에 <온열질환 예방 수칙 OPS> 게시함|깨끗하고 시원한 물, 이온음료, 식염포도당 등을 작업장 인근에 상시 비치함|햇볕을 차단할 수 있는 그늘막 및 휴게공간을 제공함|체감온도 33℃ 이상이 되는 작업장소에서 폭염작업을 하는 경우 매 2시간 이내 20분 이상의 휴식을 취하도록 함 (1시간마다 10분 이상의 휴식을 부여하는 것도 가능)|무더위 시간대(14~17시) 사이에 실외 작업을 되도록 하지 않았음|실내, 옥외 작업 시 냉방장치를 설치 및 가동 중임|근로자에게 쿨토시, 아이스 조끼 등 냉감용품을 지급함|근로자 중 온열질환 민감군(※ 신규 배치자, 과거 온열질환 경력자, 고령자, 뇌심혈관질환자, 고·저혈압환자, 당뇨질환자, 신장질환자, 음주자, 장애인 등)을 파악하여 관리하고 있음|2인 1조  작업을 통해 근로자 간 상호 건강 상태를 수시로 확인하도록 하고 있음|응급상황 대비 비상연락망을 구축하고, 인근 의료기관 및 구급차 진입로를 사전에 파악하고 있음",해당 사항 없음,해당없음,"섭취 주의사항 확인하였으며, 낱개형태의 식염포도당 혹은 분말형 이온음료 비치함",이해하였으며 관리 중임,이해함,이해함,
2026-06-02 14:49,792,사이언스파크DP3(안전환경),2026-06-02,꼼꼼히 읽어보았고 해당 내용 확인하였음,25.9,해당 사항 없음,"현장 내 온습도계를 비치하여 매시간 체감온도를 확인하고 근로자에게 전파하고 있음|금일 온열질환 예방 교육을 실시함 (TBM 혹은 별도 교육)|현장에 <온열질환 예방 수칙 OPS> 게시함|깨끗하고 시원한 물, 이온음료, 식염포도당 등을 작업장 인근에 상시 비치함|실내, 옥외 작업 시 냉방장치를 설치 및 가동 중임|근로자 중 온열질환 민감군(※ 신규 배치자, 과거 온열질환 경력자, 고령자, 뇌심혈관질환자, 고·저혈압환자, 당뇨질환자, 신장질환자, 음주자, 장애인 등)을 파악하여 관리하고 있음|응급상황 대비 비상연락망을 구축하고, 인근 의료기관 및 구급차 진입로를 사전에 파악하고 있음",해당 사항 없음,해당없음,지급하고 있지 않음,이해하였으며 관리 중임,이해함,이해함,현장 순회점검
2026-06-02 14:50,793,쿠팡인천12FC,2026-06-02,꼼꼼히 읽어보았고 해당 내용 확인하였음,32,해당 사항 없음,"현장 내 온습도계를 비치하여 매시간 체감온도를 확인하고 근로자에게 전파하고 있음|금일 온열질환 예방 교육을 실시함 (TBM 혹은 별도 교육)|현장에 <온열질환 예방 수칙 OPS> 게시함|깨끗하고 시원한 물, 이온음료, 식염포도당 등을 작업장 인근에 상시 비치함|햇볕을 차단할 수 있는 그늘막 및 휴게공간을 제공함|실내, 옥외 작업 시 냉방장치를 설치 및 가동 중임|2인 1조  작업을 통해 근로자 간 상호 건강 상태를 수시로 확인하도록 하고 있음|응급상황 대비 비상연락망을 구축하고, 인근 의료기관 및 구급차 진입로를 사전에 파악하고 있음",해당 사항 없음,해당없음,지급하고 있지 않음,이해하였으며 관리 중임,이해함,이해함,매일 T.B.M.매일 안전교육을 실시하여 안전을 최우선으로 작업을 진행함
2026-06-02 14:50,794,서우빌딩,2026-06-02,꼼꼼히 읽어보았고 해당 내용 확인하였음,29,해당 사항 없음,"현장 내 온습도계를 비치하여 매시간 체감온도를 확인하고 근로자에게 전파하고 있음|금일 온열질환 예방 교육을 실시함 (TBM 혹은 별도 교육)|현장에 <온열질환 예방 수칙 OPS> 게시함|햇볕을 차단할 수 있는 그늘막 및 휴게공간을 제공함|체감온도 33℃ 이상이 되는 작업장소에서 폭염작업을 하는 경우 매 2시간 이내 20분 이상의 휴식을 취하도록 함 (1시간마다 10분 이상의 휴식을 부여하는 것도 가능)|무더위 시간대(14~17시) 사이에 실외 작업을 되도록 하지 않았음|응급상황 대비 비상연락망을 구축하고, 인근 의료기관 및 구급차 진입로를 사전에 파악하고 있음",해당 사항 없음,해당없음,지급하고 있지 않음,이해하였으며 관리 중임,이해함,이해함,
2026-06-02 14:51,795,서우빌딩,2026-06-02,꼼꼼히 읽어보았고 해당 내용 확인하였음,29,해당 사항 없음,"현장 내 온습도계를 비치하여 매시간 체감온도를 확인하고 근로자에게 전파하고 있음|금일 온열질환 예방 교육을 실시함 (TBM 혹은 별도 교육)|현장에 <온열질환 예방 수칙 OPS> 게시함|햇볕을 차단할 수 있는 그늘막 및 휴게공간을 제공함|체감온도 33℃ 이상이 되는 작업장소에서 폭염작업을 하는 경우 매 2시간 이내 20분 이상의 휴식을 취하도록 함 (1시간마다 10분 이상의 휴식을 부여하는 것도 가능)|무더위 시간대(14~17시) 사이에 실외 작업을 되도록 하지 않았음|응급상황 대비 비상연락망을 구축하고, 인근 의료기관 및 구급차 진입로를 사전에 파악하고 있음",해당 사항 없음,해당없음,지급하고 있지 않음,이해하였으며 관리 중임,이해함,이해함,
2026-06-02 14:56,796,K스퀘어,2026-06-02,꼼꼼히 읽어보았고 해당 내용 확인하였음,30.5,해당 사항 없음,"금일 온열질환 예방 교육을 실시함 (TBM 혹은 별도 교육)|현장에 <온열질환 예방 수칙 OPS> 게시함|햇볕을 차단할 수 있는 그늘막 및 휴게공간을 제공함|근로자에게 쿨토시, 아이스 조끼 등 냉감용품을 지급함|2인 1조  작업을 통해 근로자 간 상호 건강 상태를 수시로 확인하도록 하고 있음|응급상황 대비 비상연락망을 구축하고, 인근 의료기관 및 구급차 진입로를 사전에 파악하고 있음",해당 사항 없음,해당없음,지급하고 있지 않음,이해하였으며 관리 중임,이해함,이해함,
2026-06-02 15:10,797,슈피겐 인천물류센터,2026-06-02,꼼꼼히 읽어보았고 해당 내용 확인하였음,29.8,해당 사항 없음,"현장 내 온습도계를 비치하여 매시간 체감온도를 확인하고 근로자에게 전파하고 있음|금일 온열질환 예방 교육을 실시함 (TBM 혹은 별도 교육)|현장에 <온열질환 예방 수칙 OPS> 게시함|깨끗하고 시원한 물, 이온음료, 식염포도당 등을 작업장 인근에 상시 비치함|무더위 시간대(14~17시) 사이에 실외 작업을 되도록 하지 않았음|근로자에게 쿨토시, 아이스 조끼 등 냉감용품을 지급함|근로자 중 온열질환 민감군(※ 신규 배치자, 과거 온열질환 경력자, 고령자, 뇌심혈관질환자, 고·저혈압환자, 당뇨질환자, 신장질환자, 음주자, 장애인 등)을 파악하여 관리하고 있음|응급상황 대비 비상연락망을 구축하고, 인근 의료기관 및 구급차 진입로를 사전에 파악하고 있음",해당 사항 없음,해당없음,"섭취 주의사항 확인하였으며, 낱개형태의 식염포도당 혹은 분말형 이온음료 비치함",이해하였으며 관리 중임,이해함,이해함,
2026-06-02 15:12,798,인천TW1 FC,2026-06-02,꼼꼼히 읽어보았고 해당 내용 확인하였음,25.4,해당 사항 없음,"금일 온열질환 예방 교육을 실시함 (TBM 혹은 별도 교육)|현장에 <온열질환 예방 수칙 OPS> 게시함|깨끗하고 시원한 물, 이온음료, 식염포도당 등을 작업장 인근에 상시 비치함|햇볕을 차단할 수 있는 그늘막 및 휴게공간을 제공함|체감온도 33℃ 이상이 되는 작업장소에서 폭염작업을 하는 경우 매 2시간 이내 20분 이상의 휴식을 취하도록 함 (1시간마다 10분 이상의 휴식을 부여하는 것도 가능)|무더위 시간대(14~17시) 사이에 실외 작업을 되도록 하지 않았음|실내, 옥외 작업 시 냉방장치를 설치 및 가동 중임|근로자 중 온열질환 민감군(※ 신규 배치자, 과거 온열질환 경력자, 고령자, 뇌심혈관질환자, 고·저혈압환자, 당뇨질환자, 신장질환자, 음주자, 장애인 등)을 파악하여 관리하고 있음|2인 1조  작업을 통해 근로자 간 상호 건강 상태를 수시로 확인하도록 하고 있음|응급상황 대비 비상연락망을 구축하고, 인근 의료기관 및 구급차 진입로를 사전에 파악하고 있음",해당 사항 없음,해당없음,"섭취 주의사항 확인하였으며, 대용량 식염포도당 비치함",이해하였으며 관리 중임,이해함,이해함,
2026-06-02 15:13,799,이대서울병원,2026-06-02,꼼꼼히 읽어보았고 해당 내용 확인하였음,28,해당 사항 없음,"현장 내 온습도계를 비치하여 매시간 체감온도를 확인하고 근로자에게 전파하고 있음|현장에 <온열질환 예방 수칙 OPS> 게시함|깨끗하고 시원한 물, 이온음료, 식염포도당 등을 작업장 인근에 상시 비치함|근로자에게 쿨토시, 아이스 조끼 등 냉감용품을 지급함|2인 1조  작업을 통해 근로자 간 상호 건강 상태를 수시로 확인하도록 하고 있음",해당 사항 없음,해당없음,"섭취 주의사항 확인하였으며, 낱개형태의 식염포도당 혹은 분말형 이온음료 비치함",이해하였으며 관리 중임,이해함,이해함,
2026-06-02 15:16,800,한남동 청암빌딩,2026-06-02,꼼꼼히 읽어보았고 해당 내용 확인하였음,30,해당 사항 없음,"깨끗하고 시원한 물, 이온음료, 식염포도당 등을 작업장 인근에 상시 비치함|무더위 시간대(14~17시) 사이에 실외 작업을 되도록 하지 않았음|근로자 중 온열질환 민감군(※ 신규 배치자, 과거 온열질환 경력자, 고령자, 뇌심혈관질환자, 고·저혈압환자, 당뇨질환자, 신장질환자, 음주자, 장애인 등)을 파악하여 관리하고 있음",해당 사항 없음,해당없음,정수기의 깨끗하고 시원한물 공급,이해하였으며 관리 중임,이해함,이해함,오후 시간대 그늘이 없는 공간에서 작업 미룸
2026-06-02 15:22,801,한국교직원공제회강원회관,2026-06-02,꼼꼼히 읽어보았고 해당 내용 확인하였음,30,해당 사항 없음,"현장 내 온습도계를 비치하여 매시간 체감온도를 확인하고 근로자에게 전파하고 있음|금일 온열질환 예방 교육을 실시함 (TBM 혹은 별도 교육)|현장에 <온열질환 예방 수칙 OPS> 게시함|깨끗하고 시원한 물, 이온음료, 식염포도당 등을 작업장 인근에 상시 비치함|햇볕을 차단할 수 있는 그늘막 및 휴게공간을 제공함|체감온도 33℃ 이상이 되는 작업장소에서 폭염작업을 하는 경우 매 2시간 이내 20분 이상의 휴식을 취하도록 함 (1시간마다 10분 이상의 휴식을 부여하는 것도 가능)|무더위 시간대(14~17시) 사이에 실외 작업을 되도록 하지 않았음|실내, 옥외 작업 시 냉방장치를 설치 및 가동 중임|근로자에게 쿨토시, 아이스 조끼 등 냉감용품을 지급함|근로자 중 온열질환 민감군(※ 신규 배치자, 과거 온열질환 경력자, 고령자, 뇌심혈관질환자, 고·저혈압환자, 당뇨질환자, 신장질환자, 음주자, 장애인 등)을 파악하여 관리하고 있음|2인 1조  작업을 통해 근로자 간 상호 건강 상태를 수시로 확인하도록 하고 있음|응급상황 대비 비상연락망을 구축하고, 인근 의료기관 및 구급차 진입로를 사전에 파악하고 있음",해당 사항 없음,해당없음,지급하고 있지 않음,이해하였으며 관리 중임,이해함,이해함,
2026-06-02 15:27,802,현대자동차 전주보안,2026-06-02,꼼꼼히 읽어보았고 해당 내용 확인하였음,28,해당 사항 없음,"현장 내 온습도계를 비치하여 매시간 체감온도를 확인하고 근로자에게 전파하고 있음|현장에 <온열질환 예방 수칙 OPS> 게시함|깨끗하고 시원한 물, 이온음료, 식염포도당 등을 작업장 인근에 상시 비치함|햇볕을 차단할 수 있는 그늘막 및 휴게공간을 제공함",해당 사항 없음,해당없음,"섭취 주의사항 확인하였으며, 대용량 식염포도당 비치함",이해하였으며 관리 중임,이해함,이해함,
2026-06-02 15:30,803,서울예대 기숙사,2026-06-02,꼼꼼히 읽어보았고 해당 내용 확인하였음,26.3,해당 사항 없음,"현장 내 온습도계를 비치하여 매시간 체감온도를 확인하고 근로자에게 전파하고 있음|금일 온열질환 예방 교육을 실시함 (TBM 혹은 별도 교육)|깨끗하고 시원한 물, 이온음료, 식염포도당 등을 작업장 인근에 상시 비치함|실내, 옥외 작업 시 냉방장치를 설치 및 가동 중임|근로자 중 온열질환 민감군(※ 신규 배치자, 과거 온열질환 경력자, 고령자, 뇌심혈관질환자, 고·저혈압환자, 당뇨질환자, 신장질환자, 음주자, 장애인 등)을 파악하여 관리하고 있음|응급상황 대비 비상연락망을 구축하고, 인근 의료기관 및 구급차 진입로를 사전에 파악하고 있음",해당 사항 없음,해당없음,지급하고 있지 않음,이해하였으며 관리 중임,이해함,이해함,"직원들 작업시 건강상태 확인
휴식시간 충분히 갖게함"
2026-06-02 15:32,804,송암빌딩,2026-06-02,꼼꼼히 읽어보았고 해당 내용 확인하였음,30.4,해당 사항 없음,"현장 내 온습도계를 비치하여 매시간 체감온도를 확인하고 근로자에게 전파하고 있음|금일 온열질환 예방 교육을 실시함 (TBM 혹은 별도 교육)|현장에 <온열질환 예방 수칙 OPS> 게시함|깨끗하고 시원한 물, 이온음료, 식염포도당 등을 작업장 인근에 상시 비치함|햇볕을 차단할 수 있는 그늘막 및 휴게공간을 제공함|체감온도 33℃ 이상이 되는 작업장소에서 폭염작업을 하는 경우 매 2시간 이내 20분 이상의 휴식을 취하도록 함 (1시간마다 10분 이상의 휴식을 부여하는 것도 가능)|무더위 시간대(14~17시) 사이에 실외 작업을 되도록 하지 않았음|실내, 옥외 작업 시 냉방장치를 설치 및 가동 중임|근로자에게 쿨토시, 아이스 조끼 등 냉감용품을 지급함|근로자 중 온열질환 민감군(※ 신규 배치자, 과거 온열질환 경력자, 고령자, 뇌심혈관질환자, 고·저혈압환자, 당뇨질환자, 신장질환자, 음주자, 장애인 등)을 파악하여 관리하고 있음|2인 1조  작업을 통해 근로자 간 상호 건강 상태를 수시로 확인하도록 하고 있음|응급상황 대비 비상연락망을 구축하고, 인근 의료기관 및 구급차 진입로를 사전에 파악하고 있음",해당 사항 없음,해당없음,"섭취 주의사항 확인하였으며, 낱개형태의 식염포도당 혹은 분말형 이온음료 비치함",이해하였으며 관리 중임,이해함,이해함,
2026-06-02 15:33,805,쿠팡 양산fc,2026-06-02,꼼꼼히 읽어보았고 해당 내용 확인하였음,24.2,해당 사항 없음,"현장 내 온습도계를 비치하여 매시간 체감온도를 확인하고 근로자에게 전파하고 있음|금일 온열질환 예방 교육을 실시함 (TBM 혹은 별도 교육)|현장에 <온열질환 예방 수칙 OPS> 게시함|햇볕을 차단할 수 있는 그늘막 및 휴게공간을 제공함|체감온도 33℃ 이상이 되는 작업장소에서 폭염작업을 하는 경우 매 2시간 이내 20분 이상의 휴식을 취하도록 함 (1시간마다 10분 이상의 휴식을 부여하는 것도 가능)|무더위 시간대(14~17시) 사이에 실외 작업을 되도록 하지 않았음|근로자 중 온열질환 민감군(※ 신규 배치자, 과거 온열질환 경력자, 고령자, 뇌심혈관질환자, 고·저혈압환자, 당뇨질환자, 신장질환자, 음주자, 장애인 등)을 파악하여 관리하고 있음|응급상황 대비 비상연락망을 구축하고, 인근 의료기관 및 구급차 진입로를 사전에 파악하고 있음",해당 사항 없음,해당없음,지급하고 있지 않음,이해하였으며 관리 중임,이해함,이해함,네
2026-06-02 15:51,806,KB증권대구,2026-06-02,꼼꼼히 읽어보았고 해당 내용 확인하였음,24.5,해당 사항 없음,현장에 <온열질환 예방 수칙 OPS> 게시함|무더위 시간대(14~17시) 사이에 실외 작업을 되도록 하지 않았음,해당 사항 없음,해당없음,지급하고 있지 않음,이해하였으며 관리 중임,이해함,이해함,
2026-06-02 15:55,807,교원낙산호텔,2026-06-02,꼼꼼히 읽어보았고 해당 내용 확인하였음,27,해당 사항 없음,"현장 내 온습도계를 비치하여 매시간 체감온도를 확인하고 근로자에게 전파하고 있음|금일 온열질환 예방 교육을 실시함 (TBM 혹은 별도 교육)|현장에 <온열질환 예방 수칙 OPS> 게시함|깨끗하고 시원한 물, 이온음료, 식염포도당 등을 작업장 인근에 상시 비치함|햇볕을 차단할 수 있는 그늘막 및 휴게공간을 제공함|체감온도 33℃ 이상이 되는 작업장소에서 폭염작업을 하는 경우 매 2시간 이내 20분 이상의 휴식을 취하도록 함 (1시간마다 10분 이상의 휴식을 부여하는 것도 가능)|무더위 시간대(14~17시) 사이에 실외 작업을 되도록 하지 않았음|실내, 옥외 작업 시 냉방장치를 설치 및 가동 중임|근로자에게 쿨토시, 아이스 조끼 등 냉감용품을 지급함|근로자 중 온열질환 민감군(※ 신규 배치자, 과거 온열질환 경력자, 고령자, 뇌심혈관질환자, 고·저혈압환자, 당뇨질환자, 신장질환자, 음주자, 장애인 등)을 파악하여 관리하고 있음|2인 1조  작업을 통해 근로자 간 상호 건강 상태를 수시로 확인하도록 하고 있음|응급상황 대비 비상연락망을 구축하고, 인근 의료기관 및 구급차 진입로를 사전에 파악하고 있음",해당 사항 없음,해당없음,"섭취 주의사항 확인하였으며, 대용량 식염포도당 비치함",이해하였으며 관리 중임,이해함,이해함,없음.
2026-06-02 16:10,808,삼신봉터널,2026-06-02,꼼꼼히 읽어보았고 해당 내용 확인하였음,23.8,해당 사항 없음,"현장 내 온습도계를 비치하여 매시간 체감온도를 확인하고 근로자에게 전파하고 있음|현장에 <온열질환 예방 수칙 OPS> 게시함|깨끗하고 시원한 물, 이온음료, 식염포도당 등을 작업장 인근에 상시 비치함|햇볕을 차단할 수 있는 그늘막 및 휴게공간을 제공함|실내, 옥외 작업 시 냉방장치를 설치 및 가동 중임|근로자 중 온열질환 민감군(※ 신규 배치자, 과거 온열질환 경력자, 고령자, 뇌심혈관질환자, 고·저혈압환자, 당뇨질환자, 신장질환자, 음주자, 장애인 등)을 파악하여 관리하고 있음|2인 1조  작업을 통해 근로자 간 상호 건강 상태를 수시로 확인하도록 하고 있음|응급상황 대비 비상연락망을 구축하고, 인근 의료기관 및 구급차 진입로를 사전에 파악하고 있음",해당 사항 없음,해당없음,"얼음,시원한 물",이해하였으며 관리 중임,이해함,이해함,에어콘 점검
2026-06-02 16:10,809,이폴리스빌딩,2026-06-02,꼼꼼히 읽어보았고 해당 내용 확인하였음,29.2,해당 사항 없음,"현장에 <온열질환 예방 수칙 OPS> 게시함|실내, 옥외 작업 시 냉방장치를 설치 및 가동 중임|근로자 중 온열질환 민감군(※ 신규 배치자, 과거 온열질환 경력자, 고령자, 뇌심혈관질환자, 고·저혈압환자, 당뇨질환자, 신장질환자, 음주자, 장애인 등)을 파악하여 관리하고 있음|2인 1조  작업을 통해 근로자 간 상호 건강 상태를 수시로 확인하도록 하고 있음|응급상황 대비 비상연락망을 구축하고, 인근 의료기관 및 구급차 진입로를 사전에 파악하고 있음",해당 사항 없음,해당없음,지급하고 있지 않음,이해하였으며 관리 중임,이해함,이해함,
2026-06-02 16:15,810,공덕빌딩,2026-06-02,꼼꼼히 읽어보았고 해당 내용 확인하였음,29.9,해당 사항 없음,"현장 내 온습도계를 비치하여 매시간 체감온도를 확인하고 근로자에게 전파하고 있음|금일 온열질환 예방 교육을 실시함 (TBM 혹은 별도 교육)|현장에 <온열질환 예방 수칙 OPS> 게시함|깨끗하고 시원한 물, 이온음료, 식염포도당 등을 작업장 인근에 상시 비치함|햇볕을 차단할 수 있는 그늘막 및 휴게공간을 제공함|체감온도 33℃ 이상이 되는 작업장소에서 폭염작업을 하는 경우 매 2시간 이내 20분 이상의 휴식을 취하도록 함 (1시간마다 10분 이상의 휴식을 부여하는 것도 가능)|무더위 시간대(14~17시) 사이에 실외 작업을 되도록 하지 않았음|실내, 옥외 작업 시 냉방장치를 설치 및 가동 중임|근로자에게 쿨토시, 아이스 조끼 등 냉감용품을 지급함|근로자 중 온열질환 민감군(※ 신규 배치자, 과거 온열질환 경력자, 고령자, 뇌심혈관질환자, 고·저혈압환자, 당뇨질환자, 신장질환자, 음주자, 장애인 등)을 파악하여 관리하고 있음|2인 1조  작업을 통해 근로자 간 상호 건강 상태를 수시로 확인하도록 하고 있음|응급상황 대비 비상연락망을 구축하고, 인근 의료기관 및 구급차 진입로를 사전에 파악하고 있음|없음",해당 사항 없음,해당없음,"섭취 주의사항 확인하였으며, 대용량 식염포도당 비치함",이해하였으며 관리 중임,이해함,이해함,수시온도 체크
2026-06-02 16:28,811,천경 을지로 운영센터,2026-06-02,꼼꼼히 읽어보았고 해당 내용 확인하였음,29,해당 사항 없음,"금일 온열질환 예방 교육을 실시함 (TBM 혹은 별도 교육)|현장에 <온열질환 예방 수칙 OPS> 게시함|깨끗하고 시원한 물, 이온음료, 식염포도당 등을 작업장 인근에 상시 비치함|햇볕을 차단할 수 있는 그늘막 및 휴게공간을 제공함|체감온도 33℃ 이상이 되는 작업장소에서 폭염작업을 하는 경우 매 2시간 이내 20분 이상의 휴식을 취하도록 함 (1시간마다 10분 이상의 휴식을 부여하는 것도 가능)|무더위 시간대(14~17시) 사이에 실외 작업을 되도록 하지 않았음|실내, 옥외 작업 시 냉방장치를 설치 및 가동 중임|근로자에게 쿨토시, 아이스 조끼 등 냉감용품을 지급함|근로자 중 온열질환 민감군(※ 신규 배치자, 과거 온열질환 경력자, 고령자, 뇌심혈관질환자, 고·저혈압환자, 당뇨질환자, 신장질환자, 음주자, 장애인 등)을 파악하여 관리하고 있음|2인 1조  작업을 통해 근로자 간 상호 건강 상태를 수시로 확인하도록 하고 있음|응급상황 대비 비상연락망을 구축하고, 인근 의료기관 및 구급차 진입로를 사전에 파악하고 있음",해당 사항 없음,해당없음,"섭취 주의사항 확인하였으며, 낱개형태의 식염포도당 혹은 분말형 이온음료 비치함",이해하였으며 관리 중임,이해함,이해함,08시 30분 관리자 TBM시간에 매일매일 온열질환 예방에 관련 백상 본사 점검 사항을 기록 제출한다고 보고함
2026-06-02 16:35,812,에너지플러스 허브 내곡,2026-06-02,꼼꼼히 읽어보았고 해당 내용 확인하였음,31.3,해당 사항 없음,"현장 내 온습도계를 비치하여 매시간 체감온도를 확인하고 근로자에게 전파하고 있음|금일 온열질환 예방 교육을 실시함 (TBM 혹은 별도 교육)|현장에 <온열질환 예방 수칙 OPS> 게시함|깨끗하고 시원한 물, 이온음료, 식염포도당 등을 작업장 인근에 상시 비치함|햇볕을 차단할 수 있는 그늘막 및 휴게공간을 제공함|체감온도 33℃ 이상이 되는 작업장소에서 폭염작업을 하는 경우 매 2시간 이내 20분 이상의 휴식을 취하도록 함 (1시간마다 10분 이상의 휴식을 부여하는 것도 가능)|무더위 시간대(14~17시) 사이에 실외 작업을 되도록 하지 않았음|실내, 옥외 작업 시 냉방장치를 설치 및 가동 중임|근로자에게 쿨토시, 아이스 조끼 등 냉감용품을 지급함|근로자 중 온열질환 민감군(※ 신규 배치자, 과거 온열질환 경력자, 고령자, 뇌심혈관질환자, 고·저혈압환자, 당뇨질환자, 신장질환자, 음주자, 장애인 등)을 파악하여 관리하고 있음|2인 1조  작업을 통해 근로자 간 상호 건강 상태를 수시로 확인하도록 하고 있음|응급상황 대비 비상연락망을 구축하고, 인근 의료기관 및 구급차 진입로를 사전에 파악하고 있음",해당 사항 없음,해당없음,"섭취 주의사항 확인하였으며, 대용량 식염포도당 비치함",이해하였으며 관리 중임,이해함,이해함,
2026-06-02 16:36,813,페덱스인천공항물류센터,2026-06-02,꼼꼼히 읽어보았고 해당 내용 확인하였음,28.3,해당 사항 없음,"금일 온열질환 예방 교육을 실시함 (TBM 혹은 별도 교육)|현장에 <온열질환 예방 수칙 OPS> 게시함|깨끗하고 시원한 물, 이온음료, 식염포도당 등을 작업장 인근에 상시 비치함|근로자 중 온열질환 민감군(※ 신규 배치자, 과거 온열질환 경력자, 고령자, 뇌심혈관질환자, 고·저혈압환자, 당뇨질환자, 신장질환자, 음주자, 장애인 등)을 파악하여 관리하고 있음|응급상황 대비 비상연락망을 구축하고, 인근 의료기관 및 구급차 진입로를 사전에 파악하고 있음",해당 사항 없음,해당없음,"섭취 주의사항 확인하였으며, 대용량 식염포도당 비치함",이해하였으며 관리 중임,이해함,이해함,
2026-06-02 17:07,814,가든파이브툴,2026-06-02,꼼꼼히 읽어보았고 해당 내용 확인하였음,29.8,해당 사항 없음,"현장 내 온습도계를 비치하여 매시간 체감온도를 확인하고 근로자에게 전파하고 있음|금일 온열질환 예방 교육을 실시함 (TBM 혹은 별도 교육)|현장에 <온열질환 예방 수칙 OPS> 게시함|깨끗하고 시원한 물, 이온음료, 식염포도당 등을 작업장 인근에 상시 비치함|응급상황 대비 비상연락망을 구축하고, 인근 의료기관 및 구급차 진입로를 사전에 파악하고 있음",해당 사항 없음,해당없음,"섭취 주의사항 확인하였으며, 낱개형태의 식염포도당 혹은 분말형 이온음료 비치함",이해하였으며 관리 중임,이해함,이해함,식염포도당을 작업파트별 지급하였음
2026-06-02 17:11,815,LG사이언스파크_DP3_동측1차부지,2026-06-02,꼼꼼히 읽어보았고 해당 내용 확인하였음,32,해당 사항 없음,"현장 내 온습도계를 비치하여 매시간 체감온도를 확인하고 근로자에게 전파하고 있음|금일 온열질환 예방 교육을 실시함 (TBM 혹은 별도 교육)|현장에 <온열질환 예방 수칙 OPS> 게시함|깨끗하고 시원한 물, 이온음료, 식염포도당 등을 작업장 인근에 상시 비치함|햇볕을 차단할 수 있는 그늘막 및 휴게공간을 제공함|체감온도 33℃ 이상이 되는 작업장소에서 폭염작업을 하는 경우 매 2시간 이내 20분 이상의 휴식을 취하도록 함 (1시간마다 10분 이상의 휴식을 부여하는 것도 가능)|무더위 시간대(14~17시) 사이에 실외 작업을 되도록 하지 않았음|실내, 옥외 작업 시 냉방장치를 설치 및 가동 중임|근로자에게 쿨토시, 아이스 조끼 등 냉감용품을 지급함|근로자 중 온열질환 민감군(※ 신규 배치자, 과거 온열질환 경력자, 고령자, 뇌심혈관질환자, 고·저혈압환자, 당뇨질환자, 신장질환자, 음주자, 장애인 등)을 파악하여 관리하고 있음|2인 1조  작업을 통해 근로자 간 상호 건강 상태를 수시로 확인하도록 하고 있음|응급상황 대비 비상연락망을 구축하고, 인근 의료기관 및 구급차 진입로를 사전에 파악하고 있음",해당 사항 없음,해당없음,"섭취 주의사항 확인하였으며, 낱개형태의 식염포도당 혹은 분말형 이온음료 비치함",이해하였으며 관리 중임,이해함,이해함,특이사항 없음
2026-06-02 17:33,816,"쿠팡여주 1,2 센타",2026-06-02,꼼꼼히 읽어보았고 해당 내용 확인하였음,29.5,해당 사항 없음,"현장 내 온습도계를 비치하여 매시간 체감온도를 확인하고 근로자에게 전파하고 있음|금일 온열질환 예방 교육을 실시함 (TBM 혹은 별도 교육)|햇볕을 차단할 수 있는 그늘막 및 휴게공간을 제공함|무더위 시간대(14~17시) 사이에 실외 작업을 되도록 하지 않았음|2인 1조  작업을 통해 근로자 간 상호 건강 상태를 수시로 확인하도록 하고 있음|응급상황 대비 비상연락망을 구축하고, 인근 의료기관 및 구급차 진입로를 사전에 파악하고 있음",해당 사항 없음,해당없음,지급하고 있지 않음,이해하였으며 관리 중임,이해함,이해함,
2026-06-02 17:33,817,국립소방병원,2026-06-02,꼼꼼히 읽어보았고 해당 내용 확인하였음,31.2,해당 사항 없음,"깨끗하고 시원한 물, 이온음료, 식염포도당 등을 작업장 인근에 상시 비치함|실내, 옥외 작업 시 냉방장치를 설치 및 가동 중임|근로자 중 온열질환 민감군(※ 신규 배치자, 과거 온열질환 경력자, 고령자, 뇌심혈관질환자, 고·저혈압환자, 당뇨질환자, 신장질환자, 음주자, 장애인 등)을 파악하여 관리하고 있음|2인 1조  작업을 통해 근로자 간 상호 건강 상태를 수시로 확인하도록 하고 있음|응급상황 대비 비상연락망을 구축하고, 인근 의료기관 및 구급차 진입로를 사전에 파악하고 있음",해당 사항 없음,해당없음,냉장고에 포카리스웨트 등 이온음료 비치하고 있음,이해하였으며 관리 중임,이해함,이해함,"냉방설비,식수, 휴게시설 상태를 점검하였으면 온열질환 예방교육 및 근로자 건강상태 확인을 실시함"
2026-06-02 19:59,818,파인지지털,2026-06-02,꼼꼼히 읽어보았고 해당 내용 확인하였음,28.5,해당 사항 없음,"현장에 <온열질환 예방 수칙 OPS> 게시함|깨끗하고 시원한 물, 이온음료, 식염포도당 등을 작업장 인근에 상시 비치함|햇볕을 차단할 수 있는 그늘막 및 휴게공간을 제공함|무더위 시간대(14~17시) 사이에 실외 작업을 되도록 하지 않았음|실내, 옥외 작업 시 냉방장치를 설치 및 가동 중임|근로자 중 온열질환 민감군(※ 신규 배치자, 과거 온열질환 경력자, 고령자, 뇌심혈관질환자, 고·저혈압환자, 당뇨질환자, 신장질환자, 음주자, 장애인 등)을 파악하여 관리하고 있음|2인 1조  작업을 통해 근로자 간 상호 건강 상태를 수시로 확인하도록 하고 있음|응급상황 대비 비상연락망을 구축하고, 인근 의료기관 및 구급차 진입로를 사전에 파악하고 있음",해당 사항 없음,해당없음,"섭취 주의사항 확인하였으며, 낱개형태의 식염포도당 혹은 분말형 이온음료 비치함",이해하였으며 관리 중임,이해함,이해함,
2026-06-03 7:46,819,LG에너지솔루션 과천R&D캠퍼스,2026-06-03,꼼꼼히 읽어보았고 해당 내용 확인하였음,31,해당 사항 없음,"현장 내 온습도계를 비치하여 매시간 체감온도를 확인하고 근로자에게 전파하고 있음|금일 온열질환 예방 교육을 실시함 (TBM 혹은 별도 교육)|현장에 <온열질환 예방 수칙 OPS> 게시함|깨끗하고 시원한 물, 이온음료, 식염포도당 등을 작업장 인근에 상시 비치함|햇볕을 차단할 수 있는 그늘막 및 휴게공간을 제공함",해당 사항 없음,해당없음,"섭취 주의사항 확인하였으며, 낱개형태의 식염포도당 혹은 분말형 이온음료 비치함",이해하였으며 관리 중임,이해함,이해함,
2026-06-03 8:36,820,국민은행 속초연수원,2026-06-03,꼼꼼히 읽어보았고 해당 내용 확인하였음,23.2,해당 사항 없음,"현장 내 온습도계를 비치하여 매시간 체감온도를 확인하고 근로자에게 전파하고 있음|금일 온열질환 예방 교육을 실시함 (TBM 혹은 별도 교육)|현장에 <온열질환 예방 수칙 OPS> 게시함|깨끗하고 시원한 물, 이온음료, 식염포도당 등을 작업장 인근에 상시 비치함|햇볕을 차단할 수 있는 그늘막 및 휴게공간을 제공함|체감온도 33℃ 이상이 되는 작업장소에서 폭염작업을 하는 경우 매 2시간 이내 20분 이상의 휴식을 취하도록 함 (1시간마다 10분 이상의 휴식을 부여하는 것도 가능)|무더위 시간대(14~17시) 사이에 실외 작업을 되도록 하지 않았음|실내, 옥외 작업 시 냉방장치를 설치 및 가동 중임|근로자에게 쿨토시, 아이스 조끼 등 냉감용품을 지급함|근로자 중 온열질환 민감군(※ 신규 배치자, 과거 온열질환 경력자, 고령자, 뇌심혈관질환자, 고·저혈압환자, 당뇨질환자, 신장질환자, 음주자, 장애인 등)을 파악하여 관리하고 있음|2인 1조  작업을 통해 근로자 간 상호 건강 상태를 수시로 확인하도록 하고 있음|응급상황 대비 비상연락망을 구축하고, 인근 의료기관 및 구급차 진입로를 사전에 파악하고 있음",해당 사항 없음,해당없음,"섭취 주의사항 확인하였으며, 낱개형태의 식염포도당 혹은 분말형 이온음료 비치함",이해하였으며 관리 중임,이해함,이해함,
2026-06-03 11:05,821,GS칼텍스 내곡,2026-06-03,꼼꼼히 읽어보았고 해당 내용 확인하였음,27.7,해당 사항 없음,"현장 내 온습도계를 비치하여 매시간 체감온도를 확인하고 근로자에게 전파하고 있음|금일 온열질환 예방 교육을 실시함 (TBM 혹은 별도 교육)|현장에 <온열질환 예방 수칙 OPS> 게시함|깨끗하고 시원한 물, 이온음료, 식염포도당 등을 작업장 인근에 상시 비치함|햇볕을 차단할 수 있는 그늘막 및 휴게공간을 제공함|체감온도 33℃ 이상이 되는 작업장소에서 폭염작업을 하는 경우 매 2시간 이내 20분 이상의 휴식을 취하도록 함 (1시간마다 10분 이상의 휴식을 부여하는 것도 가능)|무더위 시간대(14~17시) 사이에 실외 작업을 되도록 하지 않았음|실내, 옥외 작업 시 냉방장치를 설치 및 가동 중임|근로자에게 쿨토시, 아이스 조끼 등 냉감용품을 지급함|근로자 중 온열질환 민감군(※ 신규 배치자, 과거 온열질환 경력자, 고령자, 뇌심혈관질환자, 고·저혈압환자, 당뇨질환자, 신장질환자, 음주자, 장애인 등)을 파악하여 관리하고 있음|2인 1조  작업을 통해 근로자 간 상호 건강 상태를 수시로 확인하도록 하고 있음|응급상황 대비 비상연락망을 구축하고, 인근 의료기관 및 구급차 진입로를 사전에 파악하고 있음",해당 사항 없음,해당없음,"섭취 주의사항 확인하였으며, 대용량 식염포도당 비치함",이해하였으며 관리 중임,이해함,이해함,
2026-06-03 12:23,822,페럼클럽 이영삼 소장,2026-06-03,꼼꼼히 읽어보았고 해당 내용 확인하였음,31,해당 사항 없음,"현장 내 온습도계를 비치하여 매시간 체감온도를 확인하고 근로자에게 전파하고 있음|금일 온열질환 예방 교육을 실시함 (TBM 혹은 별도 교육)|현장에 <온열질환 예방 수칙 OPS> 게시함|깨끗하고 시원한 물, 이온음료, 식염포도당 등을 작업장 인근에 상시 비치함|햇볕을 차단할 수 있는 그늘막 및 휴게공간을 제공함|체감온도 33℃ 이상이 되는 작업장소에서 폭염작업을 하는 경우 매 2시간 이내 20분 이상의 휴식을 취하도록 함 (1시간마다 10분 이상의 휴식을 부여하는 것도 가능)|무더위 시간대(14~17시) 사이에 실외 작업을 되도록 하지 않았음|실내, 옥외 작업 시 냉방장치를 설치 및 가동 중임|근로자에게 쿨토시, 아이스 조끼 등 냉감용품을 지급함|근로자 중 온열질환 민감군(※ 신규 배치자, 과거 온열질환 경력자, 고령자, 뇌심혈관질환자, 고·저혈압환자, 당뇨질환자, 신장질환자, 음주자, 장애인 등)을 파악하여 관리하고 있음|2인 1조  작업을 통해 근로자 간 상호 건강 상태를 수시로 확인하도록 하고 있음|응급상황 대비 비상연락망을 구축하고, 인근 의료기관 및 구급차 진입로를 사전에 파악하고 있음",해당 사항 없음,해당없음,"섭취 주의사항 확인하였으며, 대용량 식염포도당 비치함",이해하였으며 관리 중임,이해함,이해함,
2026-06-03 12:57,823,교원 낙산호텔,2026-06-03,꼼꼼히 읽어보았고 해당 내용 확인하였음,24,해당 사항 없음,"현장 내 온습도계를 비치하여 매시간 체감온도를 확인하고 근로자에게 전파하고 있음|금일 온열질환 예방 교육을 실시함 (TBM 혹은 별도 교육)|현장에 <온열질환 예방 수칙 OPS> 게시함|깨끗하고 시원한 물, 이온음료, 식염포도당 등을 작업장 인근에 상시 비치함|햇볕을 차단할 수 있는 그늘막 및 휴게공간을 제공함|체감온도 33℃ 이상이 되는 작업장소에서 폭염작업을 하는 경우 매 2시간 이내 20분 이상의 휴식을 취하도록 함 (1시간마다 10분 이상의 휴식을 부여하는 것도 가능)|무더위 시간대(14~17시) 사이에 실외 작업을 되도록 하지 않았음|실내, 옥외 작업 시 냉방장치를 설치 및 가동 중임|근로자에게 쿨토시, 아이스 조끼 등 냉감용품을 지급함|근로자 중 온열질환 민감군(※ 신규 배치자, 과거 온열질환 경력자, 고령자, 뇌심혈관질환자, 고·저혈압환자, 당뇨질환자, 신장질환자, 음주자, 장애인 등)을 파악하여 관리하고 있음|2인 1조  작업을 통해 근로자 간 상호 건강 상태를 수시로 확인하도록 하고 있음|응급상황 대비 비상연락망을 구축하고, 인근 의료기관 및 구급차 진입로를 사전에 파악하고 있음",해당 사항 없음,해당없음,"섭취 주의사항 확인하였으며, 낱개형태의 식염포도당 혹은 분말형 이온음료 비치함",이해하였으며 관리 중임,이해함,이해함,없음
2026-06-03 13:16,824,k스퀘어,2026-06-03,꼼꼼히 읽어보았고 해당 내용 확인하였음,30.6,해당 사항 없음,"현장에 <온열질환 예방 수칙 OPS> 게시함|근로자에게 쿨토시, 아이스 조끼 등 냉감용품을 지급함",해당 사항 없음,해당없음,지급하고 있지 않음,이해하였으며 관리 중임,이해함,이해함,
2026-06-03 13:47,825,건와빌딩,2026-06-03,꼼꼼히 읽어보았고 해당 내용 확인하였음,28.5,해당 사항 없음,"현장 내 온습도계를 비치하여 매시간 체감온도를 확인하고 근로자에게 전파하고 있음|햇볕을 차단할 수 있는 그늘막 및 휴게공간을 제공함|무더위 시간대(14~17시) 사이에 실외 작업을 되도록 하지 않았음|근로자 중 온열질환 민감군(※ 신규 배치자, 과거 온열질환 경력자, 고령자, 뇌심혈관질환자, 고·저혈압환자, 당뇨질환자, 신장질환자, 음주자, 장애인 등)을 파악하여 관리하고 있음",해당 사항 없음,해당없음,지급하고 있지 않음,이해하였으며 관리 중임,이해함,이해함,
2026-06-03 13:53,826,파크원 LG에너지솔루션,2026-06-03,꼼꼼히 읽어보았고 해당 내용 확인하였음,24.6,해당 사항 없음,"현장 내 온습도계를 비치하여 매시간 체감온도를 확인하고 근로자에게 전파하고 있음|현장에 <온열질환 예방 수칙 OPS> 게시함|깨끗하고 시원한 물, 이온음료, 식염포도당 등을 작업장 인근에 상시 비치함|근로자 중 온열질환 민감군(※ 신규 배치자, 과거 온열질환 경력자, 고령자, 뇌심혈관질환자, 고·저혈압환자, 당뇨질환자, 신장질환자, 음주자, 장애인 등)을 파악하여 관리하고 있음|2인 1조  작업을 통해 근로자 간 상호 건강 상태를 수시로 확인하도록 하고 있음|응급상황 대비 비상연락망을 구축하고, 인근 의료기관 및 구급차 진입로를 사전에 파악하고 있음",해당 사항 없음,해당없음,"섭취 주의사항 확인하였으며, 낱개형태의 식염포도당 혹은 분말형 이온음료 비치함",이해하였으며 관리 중임,이해함,이해함,
2026-06-03 14:05,827,쿠팡 부천1FC,2026-06-03,꼼꼼히 읽어보았고 해당 내용 확인하였음,30.9,해당 사항 없음,"현장 내 온습도계를 비치하여 매시간 체감온도를 확인하고 근로자에게 전파하고 있음|금일 온열질환 예방 교육을 실시함 (TBM 혹은 별도 교육)|현장에 <온열질환 예방 수칙 OPS> 게시함|깨끗하고 시원한 물, 이온음료, 식염포도당 등을 작업장 인근에 상시 비치함|체감온도 33℃ 이상이 되는 작업장소에서 폭염작업을 하는 경우 매 2시간 이내 20분 이상의 휴식을 취하도록 함 (1시간마다 10분 이상의 휴식을 부여하는 것도 가능)|실내, 옥외 작업 시 냉방장치를 설치 및 가동 중임|근로자 중 온열질환 민감군(※ 신규 배치자, 과거 온열질환 경력자, 고령자, 뇌심혈관질환자, 고·저혈압환자, 당뇨질환자, 신장질환자, 음주자, 장애인 등)을 파악하여 관리하고 있음|응급상황 대비 비상연락망을 구축하고, 인근 의료기관 및 구급차 진입로를 사전에 파악하고 있음",해당 사항 없음,해당없음,"섭취 주의사항 확인하였으며, 대용량 식염포도당 비치함",이해하였으며 관리 중임,이해함,이해함,"급성질환 유무(두통,어지럼증,의식저하 등) 확인"
2026-06-03 14:22,828,GS칼텍스 죽전,2026-06-03,꼼꼼히 읽어보았고 해당 내용 확인하였음,28.6,해당 사항 없음,"현장 내 온습도계를 비치하여 매시간 체감온도를 확인하고 근로자에게 전파하고 있음|깨끗하고 시원한 물, 이온음료, 식염포도당 등을 작업장 인근에 상시 비치함",해당 사항 없음,해당없음,"섭취 주의사항 확인하였으며, 낱개형태의 식염포도당 혹은 분말형 이온음료 비치함",이해하였으며 관리 중임,이해함,이해함,특이사항 없음
2026-06-03 14:24,829,쿠팡 양산1fc,2026-06-03,꼼꼼히 읽어보았고 해당 내용 확인하였음,28.7,해당 사항 없음,현장 내 온습도계를 비치하여 매시간 체감온도를 확인하고 근로자에게 전파하고 있음|금일 온열질환 예방 교육을 실시함 (TBM 혹은 별도 교육)|현장에 <온열질환 예방 수칙 OPS> 게시함|햇볕을 차단할 수 있는 그늘막 및 휴게공간을 제공함,해당 사항 없음,해당없음,지급하고 있지 않음,이해하였으며 관리 중임,이해함,이해함,네
2026-06-03 14:38,830,인천 TW1 FC,2026-06-03,꼼꼼히 읽어보았고 해당 내용 확인하였음,27.5,해당 사항 없음,"금일 온열질환 예방 교육을 실시함 (TBM 혹은 별도 교육)|현장에 <온열질환 예방 수칙 OPS> 게시함|깨끗하고 시원한 물, 이온음료, 식염포도당 등을 작업장 인근에 상시 비치함|햇볕을 차단할 수 있는 그늘막 및 휴게공간을 제공함|체감온도 33℃ 이상이 되는 작업장소에서 폭염작업을 하는 경우 매 2시간 이내 20분 이상의 휴식을 취하도록 함 (1시간마다 10분 이상의 휴식을 부여하는 것도 가능)|무더위 시간대(14~17시) 사이에 실외 작업을 되도록 하지 않았음|실내, 옥외 작업 시 냉방장치를 설치 및 가동 중임|근로자 중 온열질환 민감군(※ 신규 배치자, 과거 온열질환 경력자, 고령자, 뇌심혈관질환자, 고·저혈압환자, 당뇨질환자, 신장질환자, 음주자, 장애인 등)을 파악하여 관리하고 있음|2인 1조  작업을 통해 근로자 간 상호 건강 상태를 수시로 확인하도록 하고 있음|응급상황 대비 비상연락망을 구축하고, 인근 의료기관 및 구급차 진입로를 사전에 파악하고 있음",해당 사항 없음,해당없음,"섭취 주의사항 확인하였으며, 대용량 식염포도당 비치함",이해하였으며 관리 중임,이해함,이해함,
2026-06-03 16:12,831,여수 세이지우드,2026-06-03,꼼꼼히 읽어보았고 해당 내용 확인하였음,26.5,해당 사항 없음,"현장 내 온습도계를 비치하여 매시간 체감온도를 확인하고 근로자에게 전파하고 있음|금일 온열질환 예방 교육을 실시함 (TBM 혹은 별도 교육)|현장에 <온열질환 예방 수칙 OPS> 게시함|깨끗하고 시원한 물, 이온음료, 식염포도당 등을 작업장 인근에 상시 비치함|햇볕을 차단할 수 있는 그늘막 및 휴게공간을 제공함|체감온도 33℃ 이상이 되는 작업장소에서 폭염작업을 하는 경우 매 2시간 이내 20분 이상의 휴식을 취하도록 함 (1시간마다 10분 이상의 휴식을 부여하는 것도 가능)|무더위 시간대(14~17시) 사이에 실외 작업을 되도록 하지 않았음|실내, 옥외 작업 시 냉방장치를 설치 및 가동 중임|근로자에게 쿨토시, 아이스 조끼 등 냉감용품을 지급함|근로자 중 온열질환 민감군(※ 신규 배치자, 과거 온열질환 경력자, 고령자, 뇌심혈관질환자, 고·저혈압환자, 당뇨질환자, 신장질환자, 음주자, 장애인 등)을 파악하여 관리하고 있음|2인 1조  작업을 통해 근로자 간 상호 건강 상태를 수시로 확인하도록 하고 있음|응급상황 대비 비상연락망을 구축하고, 인근 의료기관 및 구급차 진입로를 사전에 파악하고 있음",해당 사항 없음,해당없음,"섭취 주의사항 확인하였으며, 대용량 식염포도당 비치함",이해하였으며 관리 중임,이해함,이해함,
2026-06-03 16:29,832,쿠팡 인천16센타,2026-06-03,꼼꼼히 읽어보았고 해당 내용 확인하였음,27.5,해당 사항 없음,"현장 내 온습도계를 비치하여 매시간 체감온도를 확인하고 근로자에게 전파하고 있음|금일 온열질환 예방 교육을 실시함 (TBM 혹은 별도 교육)|현장에 <온열질환 예방 수칙 OPS> 게시함|깨끗하고 시원한 물, 이온음료, 식염포도당 등을 작업장 인근에 상시 비치함|햇볕을 차단할 수 있는 그늘막 및 휴게공간을 제공함|무더위 시간대(14~17시) 사이에 실외 작업을 되도록 하지 않았음|실내, 옥외 작업 시 냉방장치를 설치 및 가동 중임|근로자 중 온열질환 민감군(※ 신규 배치자, 과거 온열질환 경력자, 고령자, 뇌심혈관질환자, 고·저혈압환자, 당뇨질환자, 신장질환자, 음주자, 장애인 등)을 파악하여 관리하고 있음|응급상황 대비 비상연락망을 구축하고, 인근 의료기관 및 구급차 진입로를 사전에 파악하고 있음",해당 사항 없음,해당없음,"섭취 주의사항 확인하였으며, 낱개형태의 식염포도당 혹은 분말형 이온음료 비치함",이해하였으며 관리 중임,이해함,이해함,
2026-06-03 17:28,833,페덱스 인천공항물류센터,2026-06-03,꼼꼼히 읽어보았고 해당 내용 확인하였음,24.6,해당 사항 없음,"금일 온열질환 예방 교육을 실시함 (TBM 혹은 별도 교육)|현장에 <온열질환 예방 수칙 OPS> 게시함|깨끗하고 시원한 물, 이온음료, 식염포도당 등을 작업장 인근에 상시 비치함|근로자 중 온열질환 민감군(※ 신규 배치자, 과거 온열질환 경력자, 고령자, 뇌심혈관질환자, 고·저혈압환자, 당뇨질환자, 신장질환자, 음주자, 장애인 등)을 파악하여 관리하고 있음|응급상황 대비 비상연락망을 구축하고, 인근 의료기관 및 구급차 진입로를 사전에 파악하고 있음",해당 사항 없음,해당없음,"섭취 주의사항 확인하였으며, 대용량 식염포도당 비치함",이해하였으며 관리 중임,이해함,이해함,
2026-06-03 20:26,834,한진빌딩,2026-06-03,꼼꼼히 읽어보았고 해당 내용 확인하였음,30,해당 사항 없음,현장 내 온습도계를 비치하여 매시간 체감온도를 확인하고 근로자에게 전파하고 있음,해당 사항 없음,해당없음,"섭취 주의사항 확인하였으며, 낱개형태의 식염포도당 혹은 분말형 이온음료 비치함",이해하였으며 관리 중임,이해함,이해함,
2026-06-04 7:34,835,교원인천공장 김동배 소장,2026-06-04,꼼꼼히 읽어보았고 해당 내용 확인하였음,24,해당 사항 없음,"현장 내 온습도계를 비치하여 매시간 체감온도를 확인하고 근로자에게 전파하고 있음|현장에 <온열질환 예방 수칙 OPS> 게시함|깨끗하고 시원한 물, 이온음료, 식염포도당 등을 작업장 인근에 상시 비치함|햇볕을 차단할 수 있는 그늘막 및 휴게공간을 제공함|체감온도 33℃ 이상이 되는 작업장소에서 폭염작업을 하는 경우 매 2시간 이내 20분 이상의 휴식을 취하도록 함 (1시간마다 10분 이상의 휴식을 부여하는 것도 가능)|무더위 시간대(14~17시) 사이에 실외 작업을 되도록 하지 않았음|실내, 옥외 작업 시 냉방장치를 설치 및 가동 중임|근로자 중 온열질환 민감군(※ 신규 배치자, 과거 온열질환 경력자, 고령자, 뇌심혈관질환자, 고·저혈압환자, 당뇨질환자, 신장질환자, 음주자, 장애인 등)을 파악하여 관리하고 있음|2인 1조  작업을 통해 근로자 간 상호 건강 상태를 수시로 확인하도록 하고 있음|응급상황 대비 비상연락망을 구축하고, 인근 의료기관 및 구급차 진입로를 사전에 파악하고 있음",해당 사항 없음,해당없음,지급하고 있지 않음,이해하였으며 관리 중임,이해함,이해함,
2026-06-04 7:45,836,국민은행 속초연수원,2026-06-04,꼼꼼히 읽어보았고 해당 내용 확인하였음,18,해당 사항 없음,"현장 내 온습도계를 비치하여 매시간 체감온도를 확인하고 근로자에게 전파하고 있음|금일 온열질환 예방 교육을 실시함 (TBM 혹은 별도 교육)|현장에 <온열질환 예방 수칙 OPS> 게시함|깨끗하고 시원한 물, 이온음료, 식염포도당 등을 작업장 인근에 상시 비치함|햇볕을 차단할 수 있는 그늘막 및 휴게공간을 제공함|실내, 옥외 작업 시 냉방장치를 설치 및 가동 중임|근로자에게 쿨토시, 아이스 조끼 등 냉감용품을 지급함|근로자 중 온열질환 민감군(※ 신규 배치자, 과거 온열질환 경력자, 고령자, 뇌심혈관질환자, 고·저혈압환자, 당뇨질환자, 신장질환자, 음주자, 장애인 등)을 파악하여 관리하고 있음|2인 1조  작업을 통해 근로자 간 상호 건강 상태를 수시로 확인하도록 하고 있음|응급상황 대비 비상연락망을 구축하고, 인근 의료기관 및 구급차 진입로를 사전에 파악하고 있음",해당 사항 없음,해당없음,"섭취 주의사항 확인하였으며, 낱개형태의 식염포도당 혹은 분말형 이온음료 비치함",이해하였으며 관리 중임,이해함,이해함,
2026-06-04 7:59,837,kB국민은행 대천연수원,2026-06-04,꼼꼼히 읽어보았고 해당 내용 확인하였음,22,해당 사항 없음,"현장 내 온습도계를 비치하여 매시간 체감온도를 확인하고 근로자에게 전파하고 있음|금일 온열질환 예방 교육을 실시함 (TBM 혹은 별도 교육)|현장에 <온열질환 예방 수칙 OPS> 게시함|깨끗하고 시원한 물, 이온음료, 식염포도당 등을 작업장 인근에 상시 비치함|햇볕을 차단할 수 있는 그늘막 및 휴게공간을 제공함|체감온도 33℃ 이상이 되는 작업장소에서 폭염작업을 하는 경우 매 2시간 이내 20분 이상의 휴식을 취하도록 함 (1시간마다 10분 이상의 휴식을 부여하는 것도 가능)|무더위 시간대(14~17시) 사이에 실외 작업을 되도록 하지 않았음|실내, 옥외 작업 시 냉방장치를 설치 및 가동 중임|근로자에게 쿨토시, 아이스 조끼 등 냉감용품을 지급함|근로자 중 온열질환 민감군(※ 신규 배치자, 과거 온열질환 경력자, 고령자, 뇌심혈관질환자, 고·저혈압환자, 당뇨질환자, 신장질환자, 음주자, 장애인 등)을 파악하여 관리하고 있음|2인 1조  작업을 통해 근로자 간 상호 건강 상태를 수시로 확인하도록 하고 있음|응급상황 대비 비상연락망을 구축하고, 인근 의료기관 및 구급차 진입로를 사전에 파악하고 있음",해당 사항 없음,해당없음,"섭취 주의사항 확인하였으며, 낱개형태의 식염포도당 혹은 분말형 이온음료 비치함",이해하였으며 관리 중임,이해함,이해함,
2026-06-04 8:00,838,KB국민은행 대천연수원,2026-06-04,꼼꼼히 읽어보았고 해당 내용 확인하였음,22,해당 사항 없음,"현장 내 온습도계를 비치하여 매시간 체감온도를 확인하고 근로자에게 전파하고 있음|금일 온열질환 예방 교육을 실시함 (TBM 혹은 별도 교육)|현장에 <온열질환 예방 수칙 OPS> 게시함|깨끗하고 시원한 물, 이온음료, 식염포도당 등을 작업장 인근에 상시 비치함|햇볕을 차단할 수 있는 그늘막 및 휴게공간을 제공함|체감온도 33℃ 이상이 되는 작업장소에서 폭염작업을 하는 경우 매 2시간 이내 20분 이상의 휴식을 취하도록 함 (1시간마다 10분 이상의 휴식을 부여하는 것도 가능)|무더위 시간대(14~17시) 사이에 실외 작업을 되도록 하지 않았음|실내, 옥외 작업 시 냉방장치를 설치 및 가동 중임|근로자에게 쿨토시, 아이스 조끼 등 냉감용품을 지급함|근로자 중 온열질환 민감군(※ 신규 배치자, 과거 온열질환 경력자, 고령자, 뇌심혈관질환자, 고·저혈압환자, 당뇨질환자, 신장질환자, 음주자, 장애인 등)을 파악하여 관리하고 있음|2인 1조  작업을 통해 근로자 간 상호 건강 상태를 수시로 확인하도록 하고 있음|응급상황 대비 비상연락망을 구축하고, 인근 의료기관 및 구급차 진입로를 사전에 파악하고 있음",해당 사항 없음,해당없음,"섭취 주의사항 확인하였으며, 낱개형태의 식염포도당 혹은 분말형 이온음료 비치함",이해하였으며 관리 중임,이해함,이해함,
2026-06-04 8:13,839,국민은행 일산연수원,2026-06-04,꼼꼼히 읽어보았고 해당 내용 확인하였음,28,해당 사항 없음,"현장에 <온열질환 예방 수칙 OPS> 게시함|햇볕을 차단할 수 있는 그늘막 및 휴게공간을 제공함|체감온도 33℃ 이상이 되는 작업장소에서 폭염작업을 하는 경우 매 2시간 이내 20분 이상의 휴식을 취하도록 함 (1시간마다 10분 이상의 휴식을 부여하는 것도 가능)|무더위 시간대(14~17시) 사이에 실외 작업을 되도록 하지 않았음|근로자 중 온열질환 민감군(※ 신규 배치자, 과거 온열질환 경력자, 고령자, 뇌심혈관질환자, 고·저혈압환자, 당뇨질환자, 신장질환자, 음주자, 장애인 등)을 파악하여 관리하고 있음|2인 1조  작업을 통해 근로자 간 상호 건강 상태를 수시로 확인하도록 하고 있음",해당 사항 없음,해당없음,지급하고 있지 않음,이해하였으며 관리 중임,이해함,이해함,폭염특보 발령시 온열질환 예방수칙에 따라 조치예정
2026-06-04 8:39,840,천안환경에너지사업소,2026-06-04,꼼꼼히 읽어보았고 해당 내용 확인하였음,27.1,해당 사항 없음,"현장 내 온습도계를 비치하여 매시간 체감온도를 확인하고 근로자에게 전파하고 있음|금일 온열질환 예방 교육을 실시함 (TBM 혹은 별도 교육)|현장에 <온열질환 예방 수칙 OPS> 게시함|깨끗하고 시원한 물, 이온음료, 식염포도당 등을 작업장 인근에 상시 비치함|햇볕을 차단할 수 있는 그늘막 및 휴게공간을 제공함|체감온도 33℃ 이상이 되는 작업장소에서 폭염작업을 하는 경우 매 2시간 이내 20분 이상의 휴식을 취하도록 함 (1시간마다 10분 이상의 휴식을 부여하는 것도 가능)|무더위 시간대(14~17시) 사이에 실외 작업을 되도록 하지 않았음|실내, 옥외 작업 시 냉방장치를 설치 및 가동 중임|근로자에게 쿨토시, 아이스 조끼 등 냉감용품을 지급함|근로자 중 온열질환 민감군(※ 신규 배치자, 과거 온열질환 경력자, 고령자, 뇌심혈관질환자, 고·저혈압환자, 당뇨질환자, 신장질환자, 음주자, 장애인 등)을 파악하여 관리하고 있음|응급상황 대비 비상연락망을 구축하고, 인근 의료기관 및 구급차 진입로를 사전에 파악하고 있음",해당 사항 없음,해당없음,"섭취 주의사항 확인하였으며, 낱개형태의 식염포도당 혹은 분말형 이온음료 비치함",이해하였으며 관리 중임,이해함,이해함,
2026-06-04 8:42,841,도산150빌딩,2026-06-04,꼼꼼히 읽어보았고 해당 내용 확인하였음,26.5,해당 사항 없음,현장 내 온습도계를 비치하여 매시간 체감온도를 확인하고 근로자에게 전파하고 있음|금일 온열질환 예방 교육을 실시함 (TBM 혹은 별도 교육)|2인 1조  작업을 통해 근로자 간 상호 건강 상태를 수시로 확인하도록 하고 있음,해당 사항 없음,해당없음,지급하고 있지 않음,이해하였으며 관리 중임,이해함,이해함,
2026-06-04 8:49,842,제주대 BTL 생활관,2026-06-04,꼼꼼히 읽어보았고 해당 내용 확인하였음,23,해당 사항 없음,"현장 내 온습도계를 비치하여 매시간 체감온도를 확인하고 근로자에게 전파하고 있음|금일 온열질환 예방 교육을 실시함 (TBM 혹은 별도 교육)|현장에 <온열질환 예방 수칙 OPS> 게시함|깨끗하고 시원한 물, 이온음료, 식염포도당 등을 작업장 인근에 상시 비치함|햇볕을 차단할 수 있는 그늘막 및 휴게공간을 제공함|체감온도 33℃ 이상이 되는 작업장소에서 폭염작업을 하는 경우 매 2시간 이내 20분 이상의 휴식을 취하도록 함 (1시간마다 10분 이상의 휴식을 부여하는 것도 가능)|무더위 시간대(14~17시) 사이에 실외 작업을 되도록 하지 않았음|실내, 옥외 작업 시 냉방장치를 설치 및 가동 중임|근로자에게 쿨토시, 아이스 조끼 등 냉감용품을 지급함|근로자 중 온열질환 민감군(※ 신규 배치자, 과거 온열질환 경력자, 고령자, 뇌심혈관질환자, 고·저혈압환자, 당뇨질환자, 신장질환자, 음주자, 장애인 등)을 파악하여 관리하고 있음|2인 1조  작업을 통해 근로자 간 상호 건강 상태를 수시로 확인하도록 하고 있음|응급상황 대비 비상연락망을 구축하고, 인근 의료기관 및 구급차 진입로를 사전에 파악하고 있음",해당 사항 없음,해당없음,"섭취 주의사항 확인하였으며, 낱개형태의 식염포도당 혹은 분말형 이온음료 비치함",이해하였으며 관리 중임,이해함,이해함,
2026-06-04 9:06,843,메리츠 화재 연수원,2026-06-04,꼼꼼히 읽어보았고 해당 내용 확인하였음,24,해당 사항 없음,"현장 내 온습도계를 비치하여 매시간 체감온도를 확인하고 근로자에게 전파하고 있음|금일 온열질환 예방 교육을 실시함 (TBM 혹은 별도 교육)|현장에 <온열질환 예방 수칙 OPS> 게시함|깨끗하고 시원한 물, 이온음료, 식염포도당 등을 작업장 인근에 상시 비치함|햇볕을 차단할 수 있는 그늘막 및 휴게공간을 제공함|체감온도 33℃ 이상이 되는 작업장소에서 폭염작업을 하는 경우 매 2시간 이내 20분 이상의 휴식을 취하도록 함 (1시간마다 10분 이상의 휴식을 부여하는 것도 가능)|무더위 시간대(14~17시) 사이에 실외 작업을 되도록 하지 않았음|근로자 중 온열질환 민감군(※ 신규 배치자, 과거 온열질환 경력자, 고령자, 뇌심혈관질환자, 고·저혈압환자, 당뇨질환자, 신장질환자, 음주자, 장애인 등)을 파악하여 관리하고 있음|2인 1조  작업을 통해 근로자 간 상호 건강 상태를 수시로 확인하도록 하고 있음|응급상황 대비 비상연락망을 구축하고, 인근 의료기관 및 구급차 진입로를 사전에 파악하고 있음",해당 사항 없음,해당없음,"섭취 주의사항 확인하였으며, 낱개형태의 식염포도당 혹은 분말형 이온음료 비치함",이해하였으며 관리 중임,이해함,이해함,
2026-06-04 9:06,844,풀브라이트빌딩-김신규,2026-06-04,꼼꼼히 읽어보았고 해당 내용 확인하였음,26.8,해당 사항 없음,"현장 내 온습도계를 비치하여 매시간 체감온도를 확인하고 근로자에게 전파하고 있음|현장에 <온열질환 예방 수칙 OPS> 게시함|깨끗하고 시원한 물, 이온음료, 식염포도당 등을 작업장 인근에 상시 비치함|햇볕을 차단할 수 있는 그늘막 및 휴게공간을 제공함|무더위 시간대(14~17시) 사이에 실외 작업을 되도록 하지 않았음|실내, 옥외 작업 시 냉방장치를 설치 및 가동 중임|2인 1조  작업을 통해 근로자 간 상호 건강 상태를 수시로 확인하도록 하고 있음|응급상황 대비 비상연락망을 구축하고, 인근 의료기관 및 구급차 진입로를 사전에 파악하고 있음",해당 사항 없음,해당없음,"섭취 주의사항 확인하였으며, 낱개형태의 식염포도당 혹은 분말형 이온음료 비치함",이해하였으며 관리 중임,이해함,이해함,
2026-06-04 9:09,845,슈피겐HQ빌딩,2026-06-04,꼼꼼히 읽어보았고 해당 내용 확인하였음,26.1,해당 사항 없음,"현장 내 온습도계를 비치하여 매시간 체감온도를 확인하고 근로자에게 전파하고 있음|실내, 옥외 작업 시 냉방장치를 설치 및 가동 중임|2인 1조  작업을 통해 근로자 간 상호 건강 상태를 수시로 확인하도록 하고 있음|응급상황 대비 비상연락망을 구축하고, 인근 의료기관 및 구급차 진입로를 사전에 파악하고 있음",해당 사항 없음,해당없음,지급하고 있지 않음,이해하였으며 관리 중임,이해함,이해함,
2026-06-04 9:10,846,부산데상트연구소,2026-06-04,꼼꼼히 읽어보았고 해당 내용 확인하였음,26.6,해당 사항 없음,"현장에 <온열질환 예방 수칙 OPS> 게시함|깨끗하고 시원한 물, 이온음료, 식염포도당 등을 작업장 인근에 상시 비치함|햇볕을 차단할 수 있는 그늘막 및 휴게공간을 제공함|실내, 옥외 작업 시 냉방장치를 설치 및 가동 중임|근로자 중 온열질환 민감군(※ 신규 배치자, 과거 온열질환 경력자, 고령자, 뇌심혈관질환자, 고·저혈압환자, 당뇨질환자, 신장질환자, 음주자, 장애인 등)을 파악하여 관리하고 있음|응급상황 대비 비상연락망을 구축하고, 인근 의료기관 및 구급차 진입로를 사전에 파악하고 있음",해당 사항 없음,해당없음,"섭취 주의사항 확인하였으며, 낱개형태의 식염포도당 혹은 분말형 이온음료 비치함",이해하였으며 관리 중임,이해함,이해함,
2026-06-04 9:14,847,"분당퍼스트타워,백상코퍼레이션",2026-06-04,꼼꼼히 읽어보았고 해당 내용 확인하였음,26.7,해당 사항 없음,"햇볕을 차단할 수 있는 그늘막 및 휴게공간을 제공함|체감온도 33℃ 이상이 되는 작업장소에서 폭염작업을 하는 경우 매 2시간 이내 20분 이상의 휴식을 취하도록 함 (1시간마다 10분 이상의 휴식을 부여하는 것도 가능)|무더위 시간대(14~17시) 사이에 실외 작업을 되도록 하지 않았음|근로자 중 온열질환 민감군(※ 신규 배치자, 과거 온열질환 경력자, 고령자, 뇌심혈관질환자, 고·저혈압환자, 당뇨질환자, 신장질환자, 음주자, 장애인 등)을 파악하여 관리하고 있음|2인 1조  작업을 통해 근로자 간 상호 건강 상태를 수시로 확인하도록 하고 있음|응급상황 대비 비상연락망을 구축하고, 인근 의료기관 및 구급차 진입로를 사전에 파악하고 있음",해당 사항 없음,해당없음,지급하고 있지 않음,이해하였으며 관리 중임,이해함,이해함,
2026-06-04 9:17,848,LG사이언스파크(2차부지),2026-06-04,꼼꼼히 읽어보았고 해당 내용 확인하였음,27,해당 사항 없음,"현장 내 온습도계를 비치하여 매시간 체감온도를 확인하고 근로자에게 전파하고 있음|금일 온열질환 예방 교육을 실시함 (TBM 혹은 별도 교육)|현장에 <온열질환 예방 수칙 OPS> 게시함|깨끗하고 시원한 물, 이온음료, 식염포도당 등을 작업장 인근에 상시 비치함|체감온도 33℃ 이상이 되는 작업장소에서 폭염작업을 하는 경우 매 2시간 이내 20분 이상의 휴식을 취하도록 함 (1시간마다 10분 이상의 휴식을 부여하는 것도 가능)|무더위 시간대(14~17시) 사이에 실외 작업을 되도록 하지 않았음|근로자 중 온열질환 민감군(※ 신규 배치자, 과거 온열질환 경력자, 고령자, 뇌심혈관질환자, 고·저혈압환자, 당뇨질환자, 신장질환자, 음주자, 장애인 등)을 파악하여 관리하고 있음|2인 1조  작업을 통해 근로자 간 상호 건강 상태를 수시로 확인하도록 하고 있음|응급상황 대비 비상연락망을 구축하고, 인근 의료기관 및 구급차 진입로를 사전에 파악하고 있음",해당 사항 없음,해당없음,"섭취 주의사항 확인하였으며, 낱개형태의 식염포도당 혹은 분말형 이온음료 비치함",이해하였으며 관리 중임,이해함,이해함,체가온도 수시확인
2026-06-04 9:18,849,화성동탄 인큐베이팅센터,2026-06-04,꼼꼼히 읽어보았고 해당 내용 확인하였음,24,해당 사항 없음,"현장 내 온습도계를 비치하여 매시간 체감온도를 확인하고 근로자에게 전파하고 있음|깨끗하고 시원한 물, 이온음료, 식염포도당 등을 작업장 인근에 상시 비치함|2인 1조  작업을 통해 근로자 간 상호 건강 상태를 수시로 확인하도록 하고 있음",해당 사항 없음,해당없음,지급하고 있지 않음,이해하였으며 관리 중임,이해함,이해함,
2026-06-04 9:26,850,상암 디지털큐브,2026-06-04,꼼꼼히 읽어보았고 해당 내용 확인하였음,24,해당 사항 없음,"현장 내 온습도계를 비치하여 매시간 체감온도를 확인하고 근로자에게 전파하고 있음|금일 온열질환 예방 교육을 실시함 (TBM 혹은 별도 교육)|현장에 <온열질환 예방 수칙 OPS> 게시함|깨끗하고 시원한 물, 이온음료, 식염포도당 등을 작업장 인근에 상시 비치함|햇볕을 차단할 수 있는 그늘막 및 휴게공간을 제공함|체감온도 33℃ 이상이 되는 작업장소에서 폭염작업을 하는 경우 매 2시간 이내 20분 이상의 휴식을 취하도록 함 (1시간마다 10분 이상의 휴식을 부여하는 것도 가능)|무더위 시간대(14~17시) 사이에 실외 작업을 되도록 하지 않았음|실내, 옥외 작업 시 냉방장치를 설치 및 가동 중임|근로자에게 쿨토시, 아이스 조끼 등 냉감용품을 지급함|근로자 중 온열질환 민감군(※ 신규 배치자, 과거 온열질환 경력자, 고령자, 뇌심혈관질환자, 고·저혈압환자, 당뇨질환자, 신장질환자, 음주자, 장애인 등)을 파악하여 관리하고 있음|2인 1조  작업을 통해 근로자 간 상호 건강 상태를 수시로 확인하도록 하고 있음|응급상황 대비 비상연락망을 구축하고, 인근 의료기관 및 구급차 진입로를 사전에 파악하고 있음",해당 사항 없음,해당없음,"섭취 주의사항 확인하였으며, 낱개형태의 식염포도당 혹은 분말형 이온음료 비치함",이해하였으며 관리 중임,이해함,이해함,
2026-06-04 9:28,851,KB증권 남울산,2026-06-04,꼼꼼히 읽어보았고 해당 내용 확인하였음,25.1,해당 사항 없음,"현장 내 온습도계를 비치하여 매시간 체감온도를 확인하고 근로자에게 전파하고 있음|금일 온열질환 예방 교육을 실시함 (TBM 혹은 별도 교육)|현장에 <온열질환 예방 수칙 OPS> 게시함|깨끗하고 시원한 물, 이온음료, 식염포도당 등을 작업장 인근에 상시 비치함|햇볕을 차단할 수 있는 그늘막 및 휴게공간을 제공함|체감온도 33℃ 이상이 되는 작업장소에서 폭염작업을 하는 경우 매 2시간 이내 20분 이상의 휴식을 취하도록 함 (1시간마다 10분 이상의 휴식을 부여하는 것도 가능)|무더위 시간대(14~17시) 사이에 실외 작업을 되도록 하지 않았음|실내, 옥외 작업 시 냉방장치를 설치 및 가동 중임|근로자에게 쿨토시, 아이스 조끼 등 냉감용품을 지급함|근로자 중 온열질환 민감군(※ 신규 배치자, 과거 온열질환 경력자, 고령자, 뇌심혈관질환자, 고·저혈압환자, 당뇨질환자, 신장질환자, 음주자, 장애인 등)을 파악하여 관리하고 있음|2인 1조  작업을 통해 근로자 간 상호 건강 상태를 수시로 확인하도록 하고 있음|응급상황 대비 비상연락망을 구축하고, 인근 의료기관 및 구급차 진입로를 사전에 파악하고 있음",해당 사항 없음,해당없음,"소금, 시원물 비치함",이해하였으며 관리 중임,이해함,이해함,온열질환 예방 일일체크리스트 작성
2026-06-04 9:42,852,성우빌딩,2026-06-04,꼼꼼히 읽어보았고 해당 내용 확인하였음,26.2,해당 사항 없음,"금일 온열질환 예방 교육을 실시함 (TBM 혹은 별도 교육)|현장에 <온열질환 예방 수칙 OPS> 게시함|체감온도 33℃ 이상이 되는 작업장소에서 폭염작업을 하는 경우 매 2시간 이내 20분 이상의 휴식을 취하도록 함 (1시간마다 10분 이상의 휴식을 부여하는 것도 가능)|무더위 시간대(14~17시) 사이에 실외 작업을 되도록 하지 않았음|실내, 옥외 작업 시 냉방장치를 설치 및 가동 중임|근로자 중 온열질환 민감군(※ 신규 배치자, 과거 온열질환 경력자, 고령자, 뇌심혈관질환자, 고·저혈압환자, 당뇨질환자, 신장질환자, 음주자, 장애인 등)을 파악하여 관리하고 있음|2인 1조  작업을 통해 근로자 간 상호 건강 상태를 수시로 확인하도록 하고 있음|응급상황 대비 비상연락망을 구축하고, 인근 의료기관 및 구급차 진입로를 사전에 파악하고 있음",해당 사항 없음,해당없음,지급하고 있지 않음,이해하였으며 관리 중임,이해함,이해함,
2026-06-04 9:50,853,나라키움 대전통합청사,2026-06-04,꼼꼼히 읽어보았고 해당 내용 확인하였음,26.7,해당 사항 없음,"현장에 <온열질환 예방 수칙 OPS> 게시함|깨끗하고 시원한 물, 이온음료, 식염포도당 등을 작업장 인근에 상시 비치함|2인 1조  작업을 통해 근로자 간 상호 건강 상태를 수시로 확인하도록 하고 있음",해당 사항 없음,해당없음,"섭취 주의사항 확인하였으며, 깨끗한 물을 항상 제공하고 있음, 이외 필요시 추가적으로 구매하여 제공하고 있음",이해하였으며 관리 중임,이해함,이해함,온열질환 예방을 위해 2인 1조 작업을 통해 근로자 간 상호 건강 상태를 수시로 확인하도록 하고 있습니다.
2026-06-04 9:51,854,국민건강보험공단 별관,2026-06-04,꼼꼼히 읽어보았고 해당 내용 확인하였음,29.4,해당 사항 없음,"현장 내 온습도계를 비치하여 매시간 체감온도를 확인하고 근로자에게 전파하고 있음|현장에 <온열질환 예방 수칙 OPS> 게시함|깨끗하고 시원한 물, 이온음료, 식염포도당 등을 작업장 인근에 상시 비치함|햇볕을 차단할 수 있는 그늘막 및 휴게공간을 제공함|실내, 옥외 작업 시 냉방장치를 설치 및 가동 중임",해당 사항 없음,해당없음,"섭취 주의사항 확인하였으며, 낱개형태의 식염포도당 혹은 분말형 이온음료 비치함",이해하였으며 관리 중임,이해함,이해함,
2026-06-04 10:00,855,백상엘리츠2차오피스텔,2026-06-04,꼼꼼히 읽어보았고 해당 내용 확인하였음,27.5,해당 사항 없음,"현장 내 온습도계를 비치하여 매시간 체감온도를 확인하고 근로자에게 전파하고 있음|금일 온열질환 예방 교육을 실시함 (TBM 혹은 별도 교육)|현장에 <온열질환 예방 수칙 OPS> 게시함|깨끗하고 시원한 물, 이온음료, 식염포도당 등을 작업장 인근에 상시 비치함|햇볕을 차단할 수 있는 그늘막 및 휴게공간을 제공함|체감온도 33℃ 이상이 되는 작업장소에서 폭염작업을 하는 경우 매 2시간 이내 20분 이상의 휴식을 취하도록 함 (1시간마다 10분 이상의 휴식을 부여하는 것도 가능)|무더위 시간대(14~17시) 사이에 실외 작업을 되도록 하지 않았음|실내, 옥외 작업 시 냉방장치를 설치 및 가동 중임|근로자에게 쿨토시, 아이스 조끼 등 냉감용품을 지급함|근로자 중 온열질환 민감군(※ 신규 배치자, 과거 온열질환 경력자, 고령자, 뇌심혈관질환자, 고·저혈압환자, 당뇨질환자, 신장질환자, 음주자, 장애인 등)을 파악하여 관리하고 있음|2인 1조  작업을 통해 근로자 간 상호 건강 상태를 수시로 확인하도록 하고 있음|응급상황 대비 비상연락망을 구축하고, 인근 의료기관 및 구급차 진입로를 사전에 파악하고 있음",해당 사항 없음,해당없음,"섭취 주의사항 확인하였으며, 대용량 식염포도당 비치함",이해하였으며 관리 중임,이해함,이해함,
2026-06-04 10:04,856,당산한경빌딩,2026-06-04,꼼꼼히 읽어보았고 해당 내용 확인하였음,26.2,해당 사항 없음,"햇볕을 차단할 수 있는 그늘막 및 휴게공간을 제공함|실내, 옥외 작업 시 냉방장치를 설치 및 가동 중임",해당 사항 없음,해당없음,지급하고 있지 않음,이해하였으며 관리 중임,이해함,이해함,
2026-06-04 10:05,857,대전통합청사 이준소장,2026-06-04,꼼꼼히 읽어보았고 해당 내용 확인하였음,26,해당 사항 없음,2인 1조  작업을 통해 근로자 간 상호 건강 상태를 수시로 확인하도록 하고 있음,해당 사항 없음,해당없음,지급하고 있지 않음,이해하였으며 관리 중임,이해함,이해함,직원모니터링 실시간 체기ㅡ
2026-06-04 10:06,858,마곡뉴파워프라즈마,2026-06-04,꼼꼼히 읽어보았고 해당 내용 확인하였음,27.6,해당 사항 없음,"금일 온열질환 예방 교육을 실시함 (TBM 혹은 별도 교육)|현장에 <온열질환 예방 수칙 OPS> 게시함|깨끗하고 시원한 물, 이온음료, 식염포도당 등을 작업장 인근에 상시 비치함|햇볕을 차단할 수 있는 그늘막 및 휴게공간을 제공함|체감온도 33℃ 이상이 되는 작업장소에서 폭염작업을 하는 경우 매 2시간 이내 20분 이상의 휴식을 취하도록 함 (1시간마다 10분 이상의 휴식을 부여하는 것도 가능)|무더위 시간대(14~17시) 사이에 실외 작업을 되도록 하지 않았음|실내, 옥외 작업 시 냉방장치를 설치 및 가동 중임|근로자에게 쿨토시, 아이스 조끼 등 냉감용품을 지급함|근로자 중 온열질환 민감군(※ 신규 배치자, 과거 온열질환 경력자, 고령자, 뇌심혈관질환자, 고·저혈압환자, 당뇨질환자, 신장질환자, 음주자, 장애인 등)을 파악하여 관리하고 있음|응급상황 대비 비상연락망을 구축하고, 인근 의료기관 및 구급차 진입로를 사전에 파악하고 있음",해당 사항 없음,해당없음,"섭취 주의사항 확인하였으며, 낱개형태의 식염포도당 혹은 분말형 이온음료 비치함",이해하였으며 관리 중임,이해함,이해함,
2026-06-04 10:08,859,남대문자유상가 이영석,2026-06-04,꼼꼼히 읽어보았고 해당 내용 확인하였음,27,해당 사항 없음,"현장 내 온습도계를 비치하여 매시간 체감온도를 확인하고 근로자에게 전파하고 있음|현장에 <온열질환 예방 수칙 OPS> 게시함|깨끗하고 시원한 물, 이온음료, 식염포도당 등을 작업장 인근에 상시 비치함|햇볕을 차단할 수 있는 그늘막 및 휴게공간을 제공함|체감온도 33℃ 이상이 되는 작업장소에서 폭염작업을 하는 경우 매 2시간 이내 20분 이상의 휴식을 취하도록 함 (1시간마다 10분 이상의 휴식을 부여하는 것도 가능)|무더위 시간대(14~17시) 사이에 실외 작업을 되도록 하지 않았음|실내, 옥외 작업 시 냉방장치를 설치 및 가동 중임|근로자 중 온열질환 민감군(※ 신규 배치자, 과거 온열질환 경력자, 고령자, 뇌심혈관질환자, 고·저혈압환자, 당뇨질환자, 신장질환자, 음주자, 장애인 등)을 파악하여 관리하고 있음|2인 1조  작업을 통해 근로자 간 상호 건강 상태를 수시로 확인하도록 하고 있음|응급상황 대비 비상연락망을 구축하고, 인근 의료기관 및 구급차 진입로를 사전에 파악하고 있음",해당 사항 없음,해당없음,지급하고 있지 않음,이해하였으며 관리 중임,이해함,이해함,
2026-06-04 10:10,860,가평비전센터,2026-06-04,꼼꼼히 읽어보았고 해당 내용 확인하였음,27,해당 사항 없음,"현장 내 온습도계를 비치하여 매시간 체감온도를 확인하고 근로자에게 전파하고 있음|금일 온열질환 예방 교육을 실시함 (TBM 혹은 별도 교육)|현장에 <온열질환 예방 수칙 OPS> 게시함|깨끗하고 시원한 물, 이온음료, 식염포도당 등을 작업장 인근에 상시 비치함|햇볕을 차단할 수 있는 그늘막 및 휴게공간을 제공함|체감온도 33℃ 이상이 되는 작업장소에서 폭염작업을 하는 경우 매 2시간 이내 20분 이상의 휴식을 취하도록 함 (1시간마다 10분 이상의 휴식을 부여하는 것도 가능)|무더위 시간대(14~17시) 사이에 실외 작업을 되도록 하지 않았음|실내, 옥외 작업 시 냉방장치를 설치 및 가동 중임|근로자에게 쿨토시, 아이스 조끼 등 냉감용품을 지급함|근로자 중 온열질환 민감군(※ 신규 배치자, 과거 온열질환 경력자, 고령자, 뇌심혈관질환자, 고·저혈압환자, 당뇨질환자, 신장질환자, 음주자, 장애인 등)을 파악하여 관리하고 있음|2인 1조  작업을 통해 근로자 간 상호 건강 상태를 수시로 확인하도록 하고 있음|응급상황 대비 비상연락망을 구축하고, 인근 의료기관 및 구급차 진입로를 사전에 파악하고 있음",해당 사항 없음,해당없음,지급하고 있지 않음,이해하였으며 관리 중임,이해함,이해함,외부작업자재및실내냉방가동 작업시적정온도유지
2026-06-04 10:10,861,한진 월미도 물류센터,2026-06-04,꼼꼼히 읽어보았고 해당 내용 확인하였음,29.9,해당 사항 없음,"현장 내 온습도계를 비치하여 매시간 체감온도를 확인하고 근로자에게 전파하고 있음|금일 온열질환 예방 교육을 실시함 (TBM 혹은 별도 교육)|현장에 <온열질환 예방 수칙 OPS> 게시함|깨끗하고 시원한 물, 이온음료, 식염포도당 등을 작업장 인근에 상시 비치함|햇볕을 차단할 수 있는 그늘막 및 휴게공간을 제공함|무더위 시간대(14~17시) 사이에 실외 작업을 되도록 하지 않았음|실내, 옥외 작업 시 냉방장치를 설치 및 가동 중임|근로자 중 온열질환 민감군(※ 신규 배치자, 과거 온열질환 경력자, 고령자, 뇌심혈관질환자, 고·저혈압환자, 당뇨질환자, 신장질환자, 음주자, 장애인 등)을 파악하여 관리하고 있음|2인 1조  작업을 통해 근로자 간 상호 건강 상태를 수시로 확인하도록 하고 있음|응급상황 대비 비상연락망을 구축하고, 인근 의료기관 및 구급차 진입로를 사전에 파악하고 있음",해당 사항 없음,해당없음,정수기 냉수,이해하였으며 관리 중임,이해함,이해함,냉방기 작동상태 확인
2026-06-04 10:12,862,한진 인천 정비공장,2026-06-04,꼼꼼히 읽어보았고 해당 내용 확인하였음,29.9,해당 사항 없음,"현장 내 온습도계를 비치하여 매시간 체감온도를 확인하고 근로자에게 전파하고 있음|금일 온열질환 예방 교육을 실시함 (TBM 혹은 별도 교육)|현장에 <온열질환 예방 수칙 OPS> 게시함|깨끗하고 시원한 물, 이온음료, 식염포도당 등을 작업장 인근에 상시 비치함|햇볕을 차단할 수 있는 그늘막 및 휴게공간을 제공함|무더위 시간대(14~17시) 사이에 실외 작업을 되도록 하지 않았음|실내, 옥외 작업 시 냉방장치를 설치 및 가동 중임|근로자 중 온열질환 민감군(※ 신규 배치자, 과거 온열질환 경력자, 고령자, 뇌심혈관질환자, 고·저혈압환자, 당뇨질환자, 신장질환자, 음주자, 장애인 등)을 파악하여 관리하고 있음|2인 1조  작업을 통해 근로자 간 상호 건강 상태를 수시로 확인하도록 하고 있음|응급상황 대비 비상연락망을 구축하고, 인근 의료기관 및 구급차 진입로를 사전에 파악하고 있음",해당 사항 없음,해당없음,정수기 냉수,이해하였으며 관리 중임,이해함,이해함,냉방기 작동상태 확인
2026-06-04 10:18,863,LG사이언스파크 DP2,2026-06-04,꼼꼼히 읽어보았고 해당 내용 확인하였음,29,해당 사항 없음,"현장 내 온습도계를 비치하여 매시간 체감온도를 확인하고 근로자에게 전파하고 있음|금일 온열질환 예방 교육을 실시함 (TBM 혹은 별도 교육)|현장에 <온열질환 예방 수칙 OPS> 게시함|깨끗하고 시원한 물, 이온음료, 식염포도당 등을 작업장 인근에 상시 비치함|햇볕을 차단할 수 있는 그늘막 및 휴게공간을 제공함|체감온도 33℃ 이상이 되는 작업장소에서 폭염작업을 하는 경우 매 2시간 이내 20분 이상의 휴식을 취하도록 함 (1시간마다 10분 이상의 휴식을 부여하는 것도 가능)|무더위 시간대(14~17시) 사이에 실외 작업을 되도록 하지 않았음|실내, 옥외 작업 시 냉방장치를 설치 및 가동 중임|근로자에게 쿨토시, 아이스 조끼 등 냉감용품을 지급함|근로자 중 온열질환 민감군(※ 신규 배치자, 과거 온열질환 경력자, 고령자, 뇌심혈관질환자, 고·저혈압환자, 당뇨질환자, 신장질환자, 음주자, 장애인 등)을 파악하여 관리하고 있음|2인 1조  작업을 통해 근로자 간 상호 건강 상태를 수시로 확인하도록 하고 있음|응급상황 대비 비상연락망을 구축하고, 인근 의료기관 및 구급차 진입로를 사전에 파악하고 있음",해당 사항 없음,해당없음,"섭취 주의사항 확인하였으며, 낱개형태의 식염포도당 혹은 분말형 이온음료 비치함",이해하였으며 관리 중임,이해함,이해함,관리감독자 매시간 온열질환 관련 점검 및 체크
2026-06-04 10:21,864,동탄스마트주차장,2026-06-04,꼼꼼히 읽어보았고 해당 내용 확인하였음,26,해당 사항 없음,"금일 온열질환 예방 교육을 실시함 (TBM 혹은 별도 교육)|현장에 <온열질환 예방 수칙 OPS> 게시함|깨끗하고 시원한 물, 이온음료, 식염포도당 등을 작업장 인근에 상시 비치함",해당 사항 없음,해당없음,지급하고 있지 않음,이해하였으며 관리 중임,이해함,이해함,
2026-06-04 10:25,865,현대자동차금정지점,2026-06-04,꼼꼼히 읽어보았고 해당 내용 확인하였음,24,해당 사항 없음,"깨끗하고 시원한 물, 이온음료, 식염포도당 등을 작업장 인근에 상시 비치함|무더위 시간대(14~17시) 사이에 실외 작업을 되도록 하지 않았음|실내, 옥외 작업 시 냉방장치를 설치 및 가동 중임|응급상황 대비 비상연락망을 구축하고, 인근 의료기관 및 구급차 진입로를 사전에 파악하고 있음",해당 사항 없음,해당없음,지급하고 있지 않음,이해하였으며 관리 중임,이해함,이해함,없습니다
2026-06-04 10:27,866,홍익대(서울),2026-06-04,꼼꼼히 읽어보았고 해당 내용 확인하였음,26,해당 사항 없음,2인 1조  작업을 통해 근로자 간 상호 건강 상태를 수시로 확인하도록 하고 있음,해당 사항 없음,해당없음,"섭취 주의사항 확인하였으며, 낱개형태의 식염포도당 혹은 분말형 이온음료 비치함",이해하였으며 관리 중임,이해함,이해함,온열질환 주의사항 전파
2026-06-04 10:34,867,홍익대세종미화 박성환소장,2026-06-04,꼼꼼히 읽어보았고 해당 내용 확인하였음,28.2,해당 사항 없음,"현장 내 온습도계를 비치하여 매시간 체감온도를 확인하고 근로자에게 전파하고 있음|금일 온열질환 예방 교육을 실시함 (TBM 혹은 별도 교육)|현장에 <온열질환 예방 수칙 OPS> 게시함|깨끗하고 시원한 물, 이온음료, 식염포도당 등을 작업장 인근에 상시 비치함|햇볕을 차단할 수 있는 그늘막 및 휴게공간을 제공함|체감온도 33℃ 이상이 되는 작업장소에서 폭염작업을 하는 경우 매 2시간 이내 20분 이상의 휴식을 취하도록 함 (1시간마다 10분 이상의 휴식을 부여하는 것도 가능)|무더위 시간대(14~17시) 사이에 실외 작업을 되도록 하지 않았음|실내, 옥외 작업 시 냉방장치를 설치 및 가동 중임|근로자 중 온열질환 민감군(※ 신규 배치자, 과거 온열질환 경력자, 고령자, 뇌심혈관질환자, 고·저혈압환자, 당뇨질환자, 신장질환자, 음주자, 장애인 등)을 파악하여 관리하고 있음|2인 1조  작업을 통해 근로자 간 상호 건강 상태를 수시로 확인하도록 하고 있음|응급상황 대비 비상연락망을 구축하고, 인근 의료기관 및 구급차 진입로를 사전에 파악하고 있음",해당 사항 없음,해당없음,지급하고 있지 않음,이해하였으며 관리 중임,이해함,이해함,수시점검중
2026-06-04 10:35,868,LG CNS 증미통합이행센터,2026-06-04,꼼꼼히 읽어보았고 해당 내용 확인하였음,27.1,해당 사항 없음,"금일 온열질환 예방 교육을 실시함 (TBM 혹은 별도 교육)|현장에 <온열질환 예방 수칙 OPS> 게시함|깨끗하고 시원한 물, 이온음료, 식염포도당 등을 작업장 인근에 상시 비치함|햇볕을 차단할 수 있는 그늘막 및 휴게공간을 제공함|체감온도 33℃ 이상이 되는 작업장소에서 폭염작업을 하는 경우 매 2시간 이내 20분 이상의 휴식을 취하도록 함 (1시간마다 10분 이상의 휴식을 부여하는 것도 가능)|무더위 시간대(14~17시) 사이에 실외 작업을 되도록 하지 않았음|실내, 옥외 작업 시 냉방장치를 설치 및 가동 중임|근로자 중 온열질환 민감군(※ 신규 배치자, 과거 온열질환 경력자, 고령자, 뇌심혈관질환자, 고·저혈압환자, 당뇨질환자, 신장질환자, 음주자, 장애인 등)을 파악하여 관리하고 있음|2인 1조  작업을 통해 근로자 간 상호 건강 상태를 수시로 확인하도록 하고 있음|응급상황 대비 비상연락망을 구축하고, 인근 의료기관 및 구급차 진입로를 사전에 파악하고 있음",해당 사항 없음,해당없음,지급하고 있지 않음,이해하였으며 관리 중임,이해함,이해함,"온열질환 예방 안내 여부 확인, 실내 온도 및 냉방 상태 수시 확인, 근무자 이상 증상 발생 여부 확인"
2026-06-04 10:42,869,한양대학교,2026-06-04,꼼꼼히 읽어보았고 해당 내용 확인하였음,27.2,해당 사항 없음,"현장 내 온습도계를 비치하여 매시간 체감온도를 확인하고 근로자에게 전파하고 있음|금일 온열질환 예방 교육을 실시함 (TBM 혹은 별도 교육)|현장에 <온열질환 예방 수칙 OPS> 게시함|깨끗하고 시원한 물, 이온음료, 식염포도당 등을 작업장 인근에 상시 비치함|햇볕을 차단할 수 있는 그늘막 및 휴게공간을 제공함|체감온도 33℃ 이상이 되는 작업장소에서 폭염작업을 하는 경우 매 2시간 이내 20분 이상의 휴식을 취하도록 함 (1시간마다 10분 이상의 휴식을 부여하는 것도 가능)|실내, 옥외 작업 시 냉방장치를 설치 및 가동 중임|근로자에게 쿨토시, 아이스 조끼 등 냉감용품을 지급함|근로자 중 온열질환 민감군(※ 신규 배치자, 과거 온열질환 경력자, 고령자, 뇌심혈관질환자, 고·저혈압환자, 당뇨질환자, 신장질환자, 음주자, 장애인 등)을 파악하여 관리하고 있음|2인 1조  작업을 통해 근로자 간 상호 건강 상태를 수시로 확인하도록 하고 있음|응급상황 대비 비상연락망을 구축하고, 인근 의료기관 및 구급차 진입로를 사전에 파악하고 있음",해당 사항 없음,해당없음,지급하고 있지 않음,이해하였으며 관리 중임,이해함,이해함,순회 점검을 통한 근로자 건강 상태 확인(오후 비가 예상됨)
2026-06-04 10:43,870,국민은행 천안 연수원,2026-06-04,꼼꼼히 읽어보았고 해당 내용 확인하였음,23,해당 사항 없음,"현장 내 온습도계를 비치하여 매시간 체감온도를 확인하고 근로자에게 전파하고 있음|금일 온열질환 예방 교육을 실시함 (TBM 혹은 별도 교육)|현장에 <온열질환 예방 수칙 OPS> 게시함|깨끗하고 시원한 물, 이온음료, 식염포도당 등을 작업장 인근에 상시 비치함|무더위 시간대(14~17시) 사이에 실외 작업을 되도록 하지 않았음|실내, 옥외 작업 시 냉방장치를 설치 및 가동 중임|근로자 중 온열질환 민감군(※ 신규 배치자, 과거 온열질환 경력자, 고령자, 뇌심혈관질환자, 고·저혈압환자, 당뇨질환자, 신장질환자, 음주자, 장애인 등)을 파악하여 관리하고 있음|2인 1조  작업을 통해 근로자 간 상호 건강 상태를 수시로 확인하도록 하고 있음|응급상황 대비 비상연락망을 구축하고, 인근 의료기관 및 구급차 진입로를 사전에 파악하고 있음",해당 사항 없음,해당없음,"섭취 주의사항 확인하였으며, 낱개형태의 식염포도당 혹은 분말형 이온음료 비치함",이해하였으며 관리 중임,이해함,이해함,
2026-06-04 10:46,871,교원성수빌딩 채영병,2026-06-04,꼼꼼히 읽어보았고 해당 내용 확인하였음,29.4,해당 사항 없음,"현장 내 온습도계를 비치하여 매시간 체감온도를 확인하고 근로자에게 전파하고 있음|현장에 <온열질환 예방 수칙 OPS> 게시함|깨끗하고 시원한 물, 이온음료, 식염포도당 등을 작업장 인근에 상시 비치함|햇볕을 차단할 수 있는 그늘막 및 휴게공간을 제공함|체감온도 33℃ 이상이 되는 작업장소에서 폭염작업을 하는 경우 매 2시간 이내 20분 이상의 휴식을 취하도록 함 (1시간마다 10분 이상의 휴식을 부여하는 것도 가능)|무더위 시간대(14~17시) 사이에 실외 작업을 되도록 하지 않았음|실내, 옥외 작업 시 냉방장치를 설치 및 가동 중임|근로자 중 온열질환 민감군(※ 신규 배치자, 과거 온열질환 경력자, 고령자, 뇌심혈관질환자, 고·저혈압환자, 당뇨질환자, 신장질환자, 음주자, 장애인 등)을 파악하여 관리하고 있음|응급상황 대비 비상연락망을 구축하고, 인근 의료기관 및 구급차 진입로를 사전에 파악하고 있음",해당 사항 없음,해당없음,지급하고 있지 않음,이해하였으며 관리 중임,이해함,이해함,폭염발열시 준수사항 철저하게 준수 실행함
2026-06-04 10:52,872,홍대세종캠퍼스시설,2026-06-04,꼼꼼히 읽어보았고 해당 내용 확인하였음,29,해당 사항 없음,"현장 내 온습도계를 비치하여 매시간 체감온도를 확인하고 근로자에게 전파하고 있음|금일 온열질환 예방 교육을 실시함 (TBM 혹은 별도 교육)|현장에 <온열질환 예방 수칙 OPS> 게시함|깨끗하고 시원한 물, 이온음료, 식염포도당 등을 작업장 인근에 상시 비치함|햇볕을 차단할 수 있는 그늘막 및 휴게공간을 제공함|체감온도 33℃ 이상이 되는 작업장소에서 폭염작업을 하는 경우 매 2시간 이내 20분 이상의 휴식을 취하도록 함 (1시간마다 10분 이상의 휴식을 부여하는 것도 가능)|무더위 시간대(14~17시) 사이에 실외 작업을 되도록 하지 않았음|실내, 옥외 작업 시 냉방장치를 설치 및 가동 중임|근로자 중 온열질환 민감군(※ 신규 배치자, 과거 온열질환 경력자, 고령자, 뇌심혈관질환자, 고·저혈압환자, 당뇨질환자, 신장질환자, 음주자, 장애인 등)을 파악하여 관리하고 있음|2인 1조  작업을 통해 근로자 간 상호 건강 상태를 수시로 확인하도록 하고 있음|응급상황 대비 비상연락망을 구축하고, 인근 의료기관 및 구급차 진입로를 사전에 파악하고 있음",해당 사항 없음,해당없음,지급하고 있지 않음,이해하였으며 관리 중임,이해함,이해함,일일 체크중
2026-06-04 10:52,873,페럼클럽 이영삼 소장,2026-06-04,꼼꼼히 읽어보았고 해당 내용 확인하였음,30,해당 사항 없음,"현장 내 온습도계를 비치하여 매시간 체감온도를 확인하고 근로자에게 전파하고 있음|금일 온열질환 예방 교육을 실시함 (TBM 혹은 별도 교육)|현장에 <온열질환 예방 수칙 OPS> 게시함|깨끗하고 시원한 물, 이온음료, 식염포도당 등을 작업장 인근에 상시 비치함|햇볕을 차단할 수 있는 그늘막 및 휴게공간을 제공함|체감온도 33℃ 이상이 되는 작업장소에서 폭염작업을 하는 경우 매 2시간 이내 20분 이상의 휴식을 취하도록 함 (1시간마다 10분 이상의 휴식을 부여하는 것도 가능)|무더위 시간대(14~17시) 사이에 실외 작업을 되도록 하지 않았음|실내, 옥외 작업 시 냉방장치를 설치 및 가동 중임|근로자에게 쿨토시, 아이스 조끼 등 냉감용품을 지급함|근로자 중 온열질환 민감군(※ 신규 배치자, 과거 온열질환 경력자, 고령자, 뇌심혈관질환자, 고·저혈압환자, 당뇨질환자, 신장질환자, 음주자, 장애인 등)을 파악하여 관리하고 있음|2인 1조  작업을 통해 근로자 간 상호 건강 상태를 수시로 확인하도록 하고 있음|응급상황 대비 비상연락망을 구축하고, 인근 의료기관 및 구급차 진입로를 사전에 파악하고 있음",해당 사항 없음,해당없음,"섭취 주의사항 확인하였으며, 대용량 식염포도당 비치함",이해하였으며 관리 중임,이해함,이해함,
2026-06-04 10:54,874,현대자동차 부산하이테크센터,2026-06-04,꼼꼼히 읽어보았고 해당 내용 확인하였음,26.1,해당 사항 없음,현장에 <온열질환 예방 수칙 OPS> 게시함|햇볕을 차단할 수 있는 그늘막 및 휴게공간을 제공함,해당 사항 없음,해당없음,지급하고 있지 않음,이해하였으며 관리 중임,이해함,이해함,
2026-06-04 11:05,875,교원명동빌딩,2026-06-04,꼼꼼히 읽어보았고 해당 내용 확인하였음,24.6,해당 사항 없음,"현장에 <온열질환 예방 수칙 OPS> 게시함|깨끗하고 시원한 물, 이온음료, 식염포도당 등을 작업장 인근에 상시 비치함|햇볕을 차단할 수 있는 그늘막 및 휴게공간을 제공함",해당 사항 없음,해당없음,지급하고 있지 않음,이해하였으며 관리 중임,이해함,이해함,
2026-06-04 11:09,876,교원안성물류,2026-06-04,꼼꼼히 읽어보았고 해당 내용 확인하였음,28,해당 사항 없음,"현장 내 온습도계를 비치하여 매시간 체감온도를 확인하고 근로자에게 전파하고 있음|금일 온열질환 예방 교육을 실시함 (TBM 혹은 별도 교육)|현장에 <온열질환 예방 수칙 OPS> 게시함|깨끗하고 시원한 물, 이온음료, 식염포도당 등을 작업장 인근에 상시 비치함|햇볕을 차단할 수 있는 그늘막 및 휴게공간을 제공함|체감온도 33℃ 이상이 되는 작업장소에서 폭염작업을 하는 경우 매 2시간 이내 20분 이상의 휴식을 취하도록 함 (1시간마다 10분 이상의 휴식을 부여하는 것도 가능)|무더위 시간대(14~17시) 사이에 실외 작업을 되도록 하지 않았음|실내, 옥외 작업 시 냉방장치를 설치 및 가동 중임|근로자 중 온열질환 민감군(※ 신규 배치자, 과거 온열질환 경력자, 고령자, 뇌심혈관질환자, 고·저혈압환자, 당뇨질환자, 신장질환자, 음주자, 장애인 등)을 파악하여 관리하고 있음|2인 1조  작업을 통해 근로자 간 상호 건강 상태를 수시로 확인하도록 하고 있음|응급상황 대비 비상연락망을 구축하고, 인근 의료기관 및 구급차 진입로를 사전에 파악하고 있음",해당 사항 없음,해당없음,"섭취 주의사항 확인하였으며, 낱개형태의 식염포도당 혹은 분말형 이온음료 비치함",이해하였으며 관리 중임,이해함,이해함,
2026-06-04 11:12,877,도고 교원연수원,2026-06-04,꼼꼼히 읽어보았고 해당 내용 확인하였음,30,해당 사항 없음,"현장에 <온열질환 예방 수칙 OPS> 게시함|깨끗하고 시원한 물, 이온음료, 식염포도당 등을 작업장 인근에 상시 비치함|근로자에게 쿨토시, 아이스 조끼 등 냉감용품을 지급함",해당 사항 없음,해당없음,"섭취 주의사항 확인하였으며, 낱개형태의 식염포도당 혹은 분말형 이온음료 비치함",이해하였으며 관리 중임,이해함,이해함,
2026-06-04 11:16,878,LG사이언스파크_DP3_동측1차부지,2026-06-04,꼼꼼히 읽어보았고 해당 내용 확인하였음,29.4,해당 사항 없음,"현장 내 온습도계를 비치하여 매시간 체감온도를 확인하고 근로자에게 전파하고 있음|금일 온열질환 예방 교육을 실시함 (TBM 혹은 별도 교육)|현장에 <온열질환 예방 수칙 OPS> 게시함|깨끗하고 시원한 물, 이온음료, 식염포도당 등을 작업장 인근에 상시 비치함|햇볕을 차단할 수 있는 그늘막 및 휴게공간을 제공함|체감온도 33℃ 이상이 되는 작업장소에서 폭염작업을 하는 경우 매 2시간 이내 20분 이상의 휴식을 취하도록 함 (1시간마다 10분 이상의 휴식을 부여하는 것도 가능)|무더위 시간대(14~17시) 사이에 실외 작업을 되도록 하지 않았음|실내, 옥외 작업 시 냉방장치를 설치 및 가동 중임|근로자에게 쿨토시, 아이스 조끼 등 냉감용품을 지급함|근로자 중 온열질환 민감군(※ 신규 배치자, 과거 온열질환 경력자, 고령자, 뇌심혈관질환자, 고·저혈압환자, 당뇨질환자, 신장질환자, 음주자, 장애인 등)을 파악하여 관리하고 있음|2인 1조  작업을 통해 근로자 간 상호 건강 상태를 수시로 확인하도록 하고 있음|응급상황 대비 비상연락망을 구축하고, 인근 의료기관 및 구급차 진입로를 사전에 파악하고 있음",해당 사항 없음,해당없음,"섭취 주의사항 확인하였으며, 낱개형태의 식염포도당 혹은 분말형 이온음료 비치함",이해하였으며 관리 중임,이해함,이해함,특이사항 없음
2026-06-04 11:38,879,서울보증,2026-06-04,꼼꼼히 읽어보았고 해당 내용 확인하였음,28,해당 사항 없음,"현장 내 온습도계를 비치하여 매시간 체감온도를 확인하고 근로자에게 전파하고 있음|금일 온열질환 예방 교육을 실시함 (TBM 혹은 별도 교육)|현장에 <온열질환 예방 수칙 OPS> 게시함|깨끗하고 시원한 물, 이온음료, 식염포도당 등을 작업장 인근에 상시 비치함|햇볕을 차단할 수 있는 그늘막 및 휴게공간을 제공함|체감온도 33℃ 이상이 되는 작업장소에서 폭염작업을 하는 경우 매 2시간 이내 20분 이상의 휴식을 취하도록 함 (1시간마다 10분 이상의 휴식을 부여하는 것도 가능)|무더위 시간대(14~17시) 사이에 실외 작업을 되도록 하지 않았음|실내, 옥외 작업 시 냉방장치를 설치 및 가동 중임|근로자에게 쿨토시, 아이스 조끼 등 냉감용품을 지급함|근로자 중 온열질환 민감군(※ 신규 배치자, 과거 온열질환 경력자, 고령자, 뇌심혈관질환자, 고·저혈압환자, 당뇨질환자, 신장질환자, 음주자, 장애인 등)을 파악하여 관리하고 있음|2인 1조  작업을 통해 근로자 간 상호 건강 상태를 수시로 확인하도록 하고 있음|응급상황 대비 비상연락망을 구축하고, 인근 의료기관 및 구급차 진입로를 사전에 파악하고 있음",해당 사항 없음,해당없음,지급하고 있지 않음,이해하였으며 관리 중임,이해함,이해함,
2026-06-04 11:40,880,경주교원드림센터 임현석,2026-06-04,꼼꼼히 읽어보았고 해당 내용 확인하였음,28,해당 사항 없음,"현장 내 온습도계를 비치하여 매시간 체감온도를 확인하고 근로자에게 전파하고 있음|금일 온열질환 예방 교육을 실시함 (TBM 혹은 별도 교육)|현장에 <온열질환 예방 수칙 OPS> 게시함|깨끗하고 시원한 물, 이온음료, 식염포도당 등을 작업장 인근에 상시 비치함|햇볕을 차단할 수 있는 그늘막 및 휴게공간을 제공함|체감온도 33℃ 이상이 되는 작업장소에서 폭염작업을 하는 경우 매 2시간 이내 20분 이상의 휴식을 취하도록 함 (1시간마다 10분 이상의 휴식을 부여하는 것도 가능)|무더위 시간대(14~17시) 사이에 실외 작업을 되도록 하지 않았음|실내, 옥외 작업 시 냉방장치를 설치 및 가동 중임|근로자에게 쿨토시, 아이스 조끼 등 냉감용품을 지급함|근로자 중 온열질환 민감군(※ 신규 배치자, 과거 온열질환 경력자, 고령자, 뇌심혈관질환자, 고·저혈압환자, 당뇨질환자, 신장질환자, 음주자, 장애인 등)을 파악하여 관리하고 있음|2인 1조  작업을 통해 근로자 간 상호 건강 상태를 수시로 확인하도록 하고 있음|응급상황 대비 비상연락망을 구축하고, 인근 의료기관 및 구급차 진입로를 사전에 파악하고 있음",해당 사항 없음,해당없음,"섭취 주의사항 확인하였으며, 낱개형태의 식염포도당 혹은 분말형 이온음료 비치함",이해하였으며 관리 중임,이해함,이해함,
2026-06-04 11:59,882,이마트 경산물류센터,2026-06-04,꼼꼼히 읽어보았고 해당 내용 확인하였음,26,해당 사항 없음,"현장 내 온습도계를 비치하여 매시간 체감온도를 확인하고 근로자에게 전파하고 있음|금일 온열질환 예방 교육을 실시함 (TBM 혹은 별도 교육)|현장에 <온열질환 예방 수칙 OPS> 게시함|깨끗하고 시원한 물, 이온음료, 식염포도당 등을 작업장 인근에 상시 비치함|햇볕을 차단할 수 있는 그늘막 및 휴게공간을 제공함|체감온도 33℃ 이상이 되는 작업장소에서 폭염작업을 하는 경우 매 2시간 이내 20분 이상의 휴식을 취하도록 함 (1시간마다 10분 이상의 휴식을 부여하는 것도 가능)|무더위 시간대(14~17시) 사이에 실외 작업을 되도록 하지 않았음|실내, 옥외 작업 시 냉방장치를 설치 및 가동 중임|근로자 중 온열질환 민감군(※ 신규 배치자, 과거 온열질환 경력자, 고령자, 뇌심혈관질환자, 고·저혈압환자, 당뇨질환자, 신장질환자, 음주자, 장애인 등)을 파악하여 관리하고 있음|응급상황 대비 비상연락망을 구축하고, 인근 의료기관 및 구급차 진입로를 사전에 파악하고 있음",해당 사항 없음,해당없음,생수 비치,이해하였으며 관리 중임,이해함,이해함,
2026-06-04 12:08,883,"쿠팡 대구 1,2,6센터",2026-06-04,꼼꼼히 읽어보았고 해당 내용 확인하였음,27.4,해당 사항 없음,"현장 내 온습도계를 비치하여 매시간 체감온도를 확인하고 근로자에게 전파하고 있음|현장에 <온열질환 예방 수칙 OPS> 게시함|깨끗하고 시원한 물, 이온음료, 식염포도당 등을 작업장 인근에 상시 비치함|응급상황 대비 비상연락망을 구축하고, 인근 의료기관 및 구급차 진입로를 사전에 파악하고 있음",해당 사항 없음,해당없음,"섭취 주의사항 확인하였으며, 낱개형태의 식염포도당 혹은 분말형 이온음료 비치함",이해하였으며 관리 중임,이해함,이해함,
2026-06-04 12:10,884,애플타워사업장,2026-06-04,꼼꼼히 읽어보았고 해당 내용 확인하였음,27.9,해당 사항 없음,"금일 온열질환 예방 교육을 실시함 (TBM 혹은 별도 교육)|현장에 <온열질환 예방 수칙 OPS> 게시함|깨끗하고 시원한 물, 이온음료, 식염포도당 등을 작업장 인근에 상시 비치함|무더위 시간대(14~17시) 사이에 실외 작업을 되도록 하지 않았음|실내, 옥외 작업 시 냉방장치를 설치 및 가동 중임|근로자 중 온열질환 민감군(※ 신규 배치자, 과거 온열질환 경력자, 고령자, 뇌심혈관질환자, 고·저혈압환자, 당뇨질환자, 신장질환자, 음주자, 장애인 등)을 파악하여 관리하고 있음|응급상황 대비 비상연락망을 구축하고, 인근 의료기관 및 구급차 진입로를 사전에 파악하고 있음",해당 사항 없음,해당없음,"섭취 주의사항 확인하였으며, 낱개형태의 식염포도당 혹은 분말형 이온음료 비치함",이해하였으며 관리 중임,이해함,이해함,
2026-06-04 12:16,885,교원 낙산호텔,2026-06-04,꼼꼼히 읽어보았고 해당 내용 확인하였음,23,해당 사항 없음,"현장 내 온습도계를 비치하여 매시간 체감온도를 확인하고 근로자에게 전파하고 있음|금일 온열질환 예방 교육을 실시함 (TBM 혹은 별도 교육)|현장에 <온열질환 예방 수칙 OPS> 게시함|깨끗하고 시원한 물, 이온음료, 식염포도당 등을 작업장 인근에 상시 비치함|햇볕을 차단할 수 있는 그늘막 및 휴게공간을 제공함|체감온도 33℃ 이상이 되는 작업장소에서 폭염작업을 하는 경우 매 2시간 이내 20분 이상의 휴식을 취하도록 함 (1시간마다 10분 이상의 휴식을 부여하는 것도 가능)|무더위 시간대(14~17시) 사이에 실외 작업을 되도록 하지 않았음|실내, 옥외 작업 시 냉방장치를 설치 및 가동 중임|근로자에게 쿨토시, 아이스 조끼 등 냉감용품을 지급함|근로자 중 온열질환 민감군(※ 신규 배치자, 과거 온열질환 경력자, 고령자, 뇌심혈관질환자, 고·저혈압환자, 당뇨질환자, 신장질환자, 음주자, 장애인 등)을 파악하여 관리하고 있음|2인 1조  작업을 통해 근로자 간 상호 건강 상태를 수시로 확인하도록 하고 있음|응급상황 대비 비상연락망을 구축하고, 인근 의료기관 및 구급차 진입로를 사전에 파악하고 있음",해당 사항 없음,해당없음,"섭취 주의사항 확인하였으며, 낱개형태의 식염포도당 혹은 분말형 이온음료 비치함",이해하였으며 관리 중임,이해함,이해함,없음
2026-06-04 12:38,886,국립소방병원,2026-06-04,꼼꼼히 읽어보았고 해당 내용 확인하였음,28.8,해당 사항 없음,"깨끗하고 시원한 물, 이온음료, 식염포도당 등을 작업장 인근에 상시 비치함|실내, 옥외 작업 시 냉방장치를 설치 및 가동 중임|근로자 중 온열질환 민감군(※ 신규 배치자, 과거 온열질환 경력자, 고령자, 뇌심혈관질환자, 고·저혈압환자, 당뇨질환자, 신장질환자, 음주자, 장애인 등)을 파악하여 관리하고 있음|2인 1조  작업을 통해 근로자 간 상호 건강 상태를 수시로 확인하도록 하고 있음|응급상황 대비 비상연락망을 구축하고, 인근 의료기관 및 구급차 진입로를 사전에 파악하고 있음",해당 사항 없음,해당없음,냉장고에 포카리스웨트 등 이온음료 비치하고 있음,이해하였으며 관리 중임,이해함,이해함,"냉방설비,식수, 휴게시설 상태를 점검하였으면 온열질환 예방교육 및 근로자 건강상태 확인을 실시함"
2026-06-04 12:55,887,한국에너지기술연구원,2026-06-04,꼼꼼히 읽어보았고 해당 내용 확인하였음,28,해당 사항 없음,"실내, 옥외 작업 시 냉방장치를 설치 및 가동 중임",해당 사항 없음,해당없음,"섭취 주의사항 확인하였으며, 대용량 식염포도당 비치함",이해하였으며 관리 중임,이해함,이해함,
2026-06-04 13:05,888,모비스의왕연구소,2026-06-04,꼼꼼히 읽어보았고 해당 내용 확인하였음,23,해당 사항 없음,"현장에 <온열질환 예방 수칙 OPS> 게시함|깨끗하고 시원한 물, 이온음료, 식염포도당 등을 작업장 인근에 상시 비치함|실내, 옥외 작업 시 냉방장치를 설치 및 가동 중임",해당 사항 없음,해당없음,"섭취 주의사항 확인하였으며, 대용량 식염포도당 비치함",이해하였으며 관리 중임,이해함,이해함,
2026-06-04 13:09,889,용산 LG U+ 사옥,2026-06-04,꼼꼼히 읽어보았고 해당 내용 확인하였음,27.8,해당 사항 없음,"금일 온열질환 예방 교육을 실시함 (TBM 혹은 별도 교육)|현장에 <온열질환 예방 수칙 OPS> 게시함|깨끗하고 시원한 물, 이온음료, 식염포도당 등을 작업장 인근에 상시 비치함|햇볕을 차단할 수 있는 그늘막 및 휴게공간을 제공함|체감온도 33℃ 이상이 되는 작업장소에서 폭염작업을 하는 경우 매 2시간 이내 20분 이상의 휴식을 취하도록 함 (1시간마다 10분 이상의 휴식을 부여하는 것도 가능)|무더위 시간대(14~17시) 사이에 실외 작업을 되도록 하지 않았음|실내, 옥외 작업 시 냉방장치를 설치 및 가동 중임|근로자에게 쿨토시, 아이스 조끼 등 냉감용품을 지급함|근로자 중 온열질환 민감군(※ 신규 배치자, 과거 온열질환 경력자, 고령자, 뇌심혈관질환자, 고·저혈압환자, 당뇨질환자, 신장질환자, 음주자, 장애인 등)을 파악하여 관리하고 있음|2인 1조  작업을 통해 근로자 간 상호 건강 상태를 수시로 확인하도록 하고 있음|응급상황 대비 비상연락망을 구축하고, 인근 의료기관 및 구급차 진입로를 사전에 파악하고 있음",해당 사항 없음,해당없음,"섭취 주의사항 확인하였으며, 낱개형태의 식염포도당 혹은 분말형 이온음료 비치함",이해하였으며 관리 중임,이해함,이해함,"오늘 체감온도(27.8도) 온열질환 예방 교육, 점검, 그외 특이사항 없습니다."
2026-06-04 13:11,890,LG에너지솔루션 과천R&D캠퍼스,2026-06-04,꼼꼼히 읽어보았고 해당 내용 확인하였음,27.5,해당 사항 없음,"현장 내 온습도계를 비치하여 매시간 체감온도를 확인하고 근로자에게 전파하고 있음|금일 온열질환 예방 교육을 실시함 (TBM 혹은 별도 교육)|현장에 <온열질환 예방 수칙 OPS> 게시함|깨끗하고 시원한 물, 이온음료, 식염포도당 등을 작업장 인근에 상시 비치함|햇볕을 차단할 수 있는 그늘막 및 휴게공간을 제공함|체감온도 33℃ 이상이 되는 작업장소에서 폭염작업을 하는 경우 매 2시간 이내 20분 이상의 휴식을 취하도록 함 (1시간마다 10분 이상의 휴식을 부여하는 것도 가능)|무더위 시간대(14~17시) 사이에 실외 작업을 되도록 하지 않았음|실내, 옥외 작업 시 냉방장치를 설치 및 가동 중임|근로자에게 쿨토시, 아이스 조끼 등 냉감용품을 지급함|근로자 중 온열질환 민감군(※ 신규 배치자, 과거 온열질환 경력자, 고령자, 뇌심혈관질환자, 고·저혈압환자, 당뇨질환자, 신장질환자, 음주자, 장애인 등)을 파악하여 관리하고 있음|2인 1조  작업을 통해 근로자 간 상호 건강 상태를 수시로 확인하도록 하고 있음|응급상황 대비 비상연락망을 구축하고, 인근 의료기관 및 구급차 진입로를 사전에 파악하고 있음",해당 사항 없음,해당없음,지급하고 있지 않음,이해하였으며 관리 중임,이해함,이해함,
2026-06-04 13:12,891,GS타워,2026-06-04,꼼꼼히 읽어보았고 해당 내용 확인하였음,29,해당 사항 없음,"현장 내 온습도계를 비치하여 매시간 체감온도를 확인하고 근로자에게 전파하고 있음|금일 온열질환 예방 교육을 실시함 (TBM 혹은 별도 교육)|현장에 <온열질환 예방 수칙 OPS> 게시함|깨끗하고 시원한 물, 이온음료, 식염포도당 등을 작업장 인근에 상시 비치함|체감온도 33℃ 이상이 되는 작업장소에서 폭염작업을 하는 경우 매 2시간 이내 20분 이상의 휴식을 취하도록 함 (1시간마다 10분 이상의 휴식을 부여하는 것도 가능)|근로자에게 쿨토시, 아이스 조끼 등 냉감용품을 지급함|근로자 중 온열질환 민감군(※ 신규 배치자, 과거 온열질환 경력자, 고령자, 뇌심혈관질환자, 고·저혈압환자, 당뇨질환자, 신장질환자, 음주자, 장애인 등)을 파악하여 관리하고 있음|2인 1조  작업을 통해 근로자 간 상호 건강 상태를 수시로 확인하도록 하고 있음|응급상황 대비 비상연락망을 구축하고, 인근 의료기관 및 구급차 진입로를 사전에 파악하고 있음",해당 사항 없음,해당없음,지급하고 있지 않음,이해하였으며 관리 중임,이해함,이해함,안전교육시 온열질환예방에 관한 교육진행
2026-06-04 13:32,892,교원투어빌딩,2026-06-04,꼼꼼히 읽어보았고 해당 내용 확인하였음,29,해당 사항 없음,"현장 내 온습도계를 비치하여 매시간 체감온도를 확인하고 근로자에게 전파하고 있음|금일 온열질환 예방 교육을 실시함 (TBM 혹은 별도 교육)|현장에 <온열질환 예방 수칙 OPS> 게시함|깨끗하고 시원한 물, 이온음료, 식염포도당 등을 작업장 인근에 상시 비치함|햇볕을 차단할 수 있는 그늘막 및 휴게공간을 제공함|체감온도 33℃ 이상이 되는 작업장소에서 폭염작업을 하는 경우 매 2시간 이내 20분 이상의 휴식을 취하도록 함 (1시간마다 10분 이상의 휴식을 부여하는 것도 가능)|무더위 시간대(14~17시) 사이에 실외 작업을 되도록 하지 않았음|실내, 옥외 작업 시 냉방장치를 설치 및 가동 중임|근로자 중 온열질환 민감군(※ 신규 배치자, 과거 온열질환 경력자, 고령자, 뇌심혈관질환자, 고·저혈압환자, 당뇨질환자, 신장질환자, 음주자, 장애인 등)을 파악하여 관리하고 있음|2인 1조  작업을 통해 근로자 간 상호 건강 상태를 수시로 확인하도록 하고 있음|응급상황 대비 비상연락망을 구축하고, 인근 의료기관 및 구급차 진입로를 사전에 파악하고 있음",해당 사항 없음,해당없음,"섭취 주의사항 확인하였으며, 낱개형태의 식염포도당 혹은 분말형 이온음료 비치함",이해하였으며 관리 중임,이해함,이해함,
2026-06-04 13:36,893,파크원 LG에너지솔루션,2026-06-04,꼼꼼히 읽어보았고 해당 내용 확인하였음,25.5,해당 사항 없음,"현장 내 온습도계를 비치하여 매시간 체감온도를 확인하고 근로자에게 전파하고 있음|금일 온열질환 예방 교육을 실시함 (TBM 혹은 별도 교육)|현장에 <온열질환 예방 수칙 OPS> 게시함|깨끗하고 시원한 물, 이온음료, 식염포도당 등을 작업장 인근에 상시 비치함|2인 1조  작업을 통해 근로자 간 상호 건강 상태를 수시로 확인하도록 하고 있음|응급상황 대비 비상연락망을 구축하고, 인근 의료기관 및 구급차 진입로를 사전에 파악하고 있음",해당 사항 없음,해당없음,"섭취 주의사항 확인하였으며, 낱개형태의 식염포도당 혹은 분말형 이온음료 비치함",이해하였으며 관리 중임,이해함,이해함,
2026-06-04 13:38,894,교원 파주물류센타,2026-06-04,꼼꼼히 읽어보았고 해당 내용 확인하였음,28,해당 사항 없음,"현장 내 온습도계를 비치하여 매시간 체감온도를 확인하고 근로자에게 전파하고 있음|깨끗하고 시원한 물, 이온음료, 식염포도당 등을 작업장 인근에 상시 비치함|무더위 시간대(14~17시) 사이에 실외 작업을 되도록 하지 않았음|2인 1조  작업을 통해 근로자 간 상호 건강 상태를 수시로 확인하도록 하고 있음",해당 사항 없음,해당없음,"섭취 주의사항 확인하였으며, 낱개형태의 식염포도당 혹은 분말형 이온음료 비치함",이해하였으며 관리 중임,이해함,이해함,
2026-06-04 13:48,895,교원대구빌딩,2026-06-04,꼼꼼히 읽어보았고 해당 내용 확인하였음,27.4,해당 사항 없음,"현장 내 온습도계를 비치하여 매시간 체감온도를 확인하고 근로자에게 전파하고 있음|현장에 <온열질환 예방 수칙 OPS> 게시함|깨끗하고 시원한 물, 이온음료, 식염포도당 등을 작업장 인근에 상시 비치함|햇볕을 차단할 수 있는 그늘막 및 휴게공간을 제공함|근로자 중 온열질환 민감군(※ 신규 배치자, 과거 온열질환 경력자, 고령자, 뇌심혈관질환자, 고·저혈압환자, 당뇨질환자, 신장질환자, 음주자, 장애인 등)을 파악하여 관리하고 있음|응급상황 대비 비상연락망을 구축하고, 인근 의료기관 및 구급차 진입로를 사전에 파악하고 있음",해당 사항 없음,해당없음,지급하고 있지 않음,이해하였으며 관리 중임,이해함,이해함,
2026-06-04 13:51,896,서울예대 기숙사,2026-06-04,꼼꼼히 읽어보았고 해당 내용 확인하였음,26.4,해당 사항 없음,"현장 내 온습도계를 비치하여 매시간 체감온도를 확인하고 근로자에게 전파하고 있음|금일 온열질환 예방 교육을 실시함 (TBM 혹은 별도 교육)|깨끗하고 시원한 물, 이온음료, 식염포도당 등을 작업장 인근에 상시 비치함|무더위 시간대(14~17시) 사이에 실외 작업을 되도록 하지 않았음|실내, 옥외 작업 시 냉방장치를 설치 및 가동 중임|응급상황 대비 비상연락망을 구축하고, 인근 의료기관 및 구급차 진입로를 사전에 파악하고 있음",해당 사항 없음,해당없음,지급하고 있지 않음,이해하였으며 관리 중임,이해함,이해함,주기적으로 직원들 건강상태 확인함
2026-06-04 13:55,897,343강남빌딩,2026-06-04,꼼꼼히 읽어보았고 해당 내용 확인하였음,24,해당 사항 없음,"현장 내 온습도계를 비치하여 매시간 체감온도를 확인하고 근로자에게 전파하고 있음|금일 온열질환 예방 교육을 실시함 (TBM 혹은 별도 교육)|현장에 <온열질환 예방 수칙 OPS> 게시함|깨끗하고 시원한 물, 이온음료, 식염포도당 등을 작업장 인근에 상시 비치함|햇볕을 차단할 수 있는 그늘막 및 휴게공간을 제공함|무더위 시간대(14~17시) 사이에 실외 작업을 되도록 하지 않았음|실내, 옥외 작업 시 냉방장치를 설치 및 가동 중임|근로자 중 온열질환 민감군(※ 신규 배치자, 과거 온열질환 경력자, 고령자, 뇌심혈관질환자, 고·저혈압환자, 당뇨질환자, 신장질환자, 음주자, 장애인 등)을 파악하여 관리하고 있음|2인 1조  작업을 통해 근로자 간 상호 건강 상태를 수시로 확인하도록 하고 있음|응급상황 대비 비상연락망을 구축하고, 인근 의료기관 및 구급차 진입로를 사전에 파악하고 있음",해당 사항 없음,해당없음,실내작업이 대부분 이므로 실내정수기 로 충분함,이해하였으며 관리 중임,이해함,이해함,외부기온 30도 이상시 실외작업 안함
2026-06-04 14:03,898,페럼타워,2026-06-04,꼼꼼히 읽어보았고 해당 내용 확인하였음,36.7,해당 사항 없음,"현장 내 온습도계를 비치하여 매시간 체감온도를 확인하고 근로자에게 전파하고 있음|금일 온열질환 예방 교육을 실시함 (TBM 혹은 별도 교육)|현장에 <온열질환 예방 수칙 OPS> 게시함|깨끗하고 시원한 물, 이온음료, 식염포도당 등을 작업장 인근에 상시 비치함|햇볕을 차단할 수 있는 그늘막 및 휴게공간을 제공함|체감온도 33℃ 이상이 되는 작업장소에서 폭염작업을 하는 경우 매 2시간 이내 20분 이상의 휴식을 취하도록 함 (1시간마다 10분 이상의 휴식을 부여하는 것도 가능)|무더위 시간대(14~17시) 사이에 실외 작업을 되도록 하지 않았음|실내, 옥외 작업 시 냉방장치를 설치 및 가동 중임|근로자 중 온열질환 민감군(※ 신규 배치자, 과거 온열질환 경력자, 고령자, 뇌심혈관질환자, 고·저혈압환자, 당뇨질환자, 신장질환자, 음주자, 장애인 등)을 파악하여 관리하고 있음|2인 1조  작업을 통해 근로자 간 상호 건강 상태를 수시로 확인하도록 하고 있음|응급상황 대비 비상연락망을 구축하고, 인근 의료기관 및 구급차 진입로를 사전에 파악하고 있음",매시간 15분씩 그늘(휴식공간)에서 휴식 제공,해당없음,지급하고 있지 않음,이해하였으며 관리 중임,이해함,이해함,
2026-06-04 14:03,899,슈피겐 인천물류센터,2026-06-04,꼼꼼히 읽어보았고 해당 내용 확인하였음,28,해당 사항 없음,"현장 내 온습도계를 비치하여 매시간 체감온도를 확인하고 근로자에게 전파하고 있음|금일 온열질환 예방 교육을 실시함 (TBM 혹은 별도 교육)|현장에 <온열질환 예방 수칙 OPS> 게시함|깨끗하고 시원한 물, 이온음료, 식염포도당 등을 작업장 인근에 상시 비치함|무더위 시간대(14~17시) 사이에 실외 작업을 되도록 하지 않았음|근로자에게 쿨토시, 아이스 조끼 등 냉감용품을 지급함|응급상황 대비 비상연락망을 구축하고, 인근 의료기관 및 구급차 진입로를 사전에 파악하고 있음",해당 사항 없음,해당없음,"섭취 주의사항 확인하였으며, 낱개형태의 식염포도당 혹은 분말형 이온음료 비치함",이해하였으며 관리 중임,이해함,이해함,
2026-06-04 14:05,900,KB증권 대치사옥,2026-06-04,꼼꼼히 읽어보았고 해당 내용 확인하였음,27.8,해당 사항 없음,"근로자 중 온열질환 민감군(※ 신규 배치자, 과거 온열질환 경력자, 고령자, 뇌심혈관질환자, 고·저혈압환자, 당뇨질환자, 신장질환자, 음주자, 장애인 등)을 파악하여 관리하고 있음|2인 1조  작업을 통해 근로자 간 상호 건강 상태를 수시로 확인하도록 하고 있음",해당 사항 없음,해당없음,지급하고 있지 않음,이해하였으며 관리 중임,이해함,이해함,옥상 작업 수변전과 냉각탑 유무 확인
2026-06-04 14:06,901,가든파이브툴,2026-06-04,꼼꼼히 읽어보았고 해당 내용 확인하였음,28.2,해당 사항 없음,"현장 내 온습도계를 비치하여 매시간 체감온도를 확인하고 근로자에게 전파하고 있음|금일 온열질환 예방 교육을 실시함 (TBM 혹은 별도 교육)|현장에 <온열질환 예방 수칙 OPS> 게시함|깨끗하고 시원한 물, 이온음료, 식염포도당 등을 작업장 인근에 상시 비치함|응급상황 대비 비상연락망을 구축하고, 인근 의료기관 및 구급차 진입로를 사전에 파악하고 있음",해당 사항 없음,해당없음,"섭취 주의사항 확인하였으며, 낱개형태의 식염포도당 혹은 분말형 이온음료 비치함",이해하였으며 관리 중임,이해함,이해함,온열질환 발생 가능작업 유무에 대해 사전 예지하고 적용가능한 사전예방조치실시.
2026-06-04 14:09,902,K스퀘어,2026-06-04,꼼꼼히 읽어보았고 해당 내용 확인하였음,29.1,해당 사항 없음,"현장에 <온열질환 예방 수칙 OPS> 게시함|근로자에게 쿨토시, 아이스 조끼 등 냉감용품을 지급함|응급상황 대비 비상연락망을 구축하고, 인근 의료기관 및 구급차 진입로를 사전에 파악하고 있음",해당 사항 없음,해당없음,지급하고 있지 않음,이해하였으며 관리 중임,이해함,이해함,
2026-06-04 14:09,903,부산교원빌딩,2026-06-04,꼼꼼히 읽어보았고 해당 내용 확인하였음,26.2,해당 사항 없음,"현장 내 온습도계를 비치하여 매시간 체감온도를 확인하고 근로자에게 전파하고 있음|금일 온열질환 예방 교육을 실시함 (TBM 혹은 별도 교육)|현장에 <온열질환 예방 수칙 OPS> 게시함|깨끗하고 시원한 물, 이온음료, 식염포도당 등을 작업장 인근에 상시 비치함|햇볕을 차단할 수 있는 그늘막 및 휴게공간을 제공함|체감온도 33℃ 이상이 되는 작업장소에서 폭염작업을 하는 경우 매 2시간 이내 20분 이상의 휴식을 취하도록 함 (1시간마다 10분 이상의 휴식을 부여하는 것도 가능)|무더위 시간대(14~17시) 사이에 실외 작업을 되도록 하지 않았음|실내, 옥외 작업 시 냉방장치를 설치 및 가동 중임|근로자에게 쿨토시, 아이스 조끼 등 냉감용품을 지급함|근로자 중 온열질환 민감군(※ 신규 배치자, 과거 온열질환 경력자, 고령자, 뇌심혈관질환자, 고·저혈압환자, 당뇨질환자, 신장질환자, 음주자, 장애인 등)을 파악하여 관리하고 있음|2인 1조  작업을 통해 근로자 간 상호 건강 상태를 수시로 확인하도록 하고 있음|응급상황 대비 비상연락망을 구축하고, 인근 의료기관 및 구급차 진입로를 사전에 파악하고 있음",해당 사항 없음,해당없음,"섭취 주의사항 확인하였으며, 낱개형태의 식염포도당 혹은 분말형 이온음료 비치함",이해하였으며 관리 중임,이해함,이해함,
2026-06-04 14:14,904,인하대병원 정석타운,2026-06-04,꼼꼼히 읽어보았고 해당 내용 확인하였음,26.4,해당 사항 없음,무더위 시간대(14~17시) 사이에 실외 작업을 되도록 하지 않았음|2인 1조  작업을 통해 근로자 간 상호 건강 상태를 수시로 확인하도록 하고 있음,해당 사항 없음,해당없음,지급하고 있지 않음,이해하였으며 관리 중임,이해함,이해함,시간별 외부온도 확인
2026-06-04 14:16,905,쿠팡 부천1FC,2026-06-04,꼼꼼히 읽어보았고 해당 내용 확인하였음,29.9,해당 사항 없음,"현장 내 온습도계를 비치하여 매시간 체감온도를 확인하고 근로자에게 전파하고 있음|금일 온열질환 예방 교육을 실시함 (TBM 혹은 별도 교육)|현장에 <온열질환 예방 수칙 OPS> 게시함|깨끗하고 시원한 물, 이온음료, 식염포도당 등을 작업장 인근에 상시 비치함|체감온도 33℃ 이상이 되는 작업장소에서 폭염작업을 하는 경우 매 2시간 이내 20분 이상의 휴식을 취하도록 함 (1시간마다 10분 이상의 휴식을 부여하는 것도 가능)|실내, 옥외 작업 시 냉방장치를 설치 및 가동 중임|근로자 중 온열질환 민감군(※ 신규 배치자, 과거 온열질환 경력자, 고령자, 뇌심혈관질환자, 고·저혈압환자, 당뇨질환자, 신장질환자, 음주자, 장애인 등)을 파악하여 관리하고 있음|응급상황 대비 비상연락망을 구축하고, 인근 의료기관 및 구급차 진입로를 사전에 파악하고 있음",해당 사항 없음,해당없음,"섭취 주의사항 확인하였으며, 대용량 식염포도당 비치함",이해하였으며 관리 중임,이해함,이해함,"급성질환 유무(두통,어지럼증,의식저하 등) 확인"
2026-06-04 14:21,906,타워730,2026-06-04,꼼꼼히 읽어보았고 해당 내용 확인하였음,27,해당 사항 없음,금일 온열질환 예방 교육을 실시함 (TBM 혹은 별도 교육)|현장에 <온열질환 예방 수칙 OPS> 게시함,해당 사항 없음,해당없음,"섭취 주의사항 확인하였으며, 대용량 식염포도당 비치함",이해하였으며 관리 중임,이해함,이해함,
2026-06-04 14:24,907,교직원공제회 인천회관,2026-06-04,꼼꼼히 읽어보았고 해당 내용 확인하였음,24.6,해당 사항 없음,"현장 내 온습도계를 비치하여 매시간 체감온도를 확인하고 근로자에게 전파하고 있음|금일 온열질환 예방 교육을 실시함 (TBM 혹은 별도 교육)|현장에 <온열질환 예방 수칙 OPS> 게시함|깨끗하고 시원한 물, 이온음료, 식염포도당 등을 작업장 인근에 상시 비치함|햇볕을 차단할 수 있는 그늘막 및 휴게공간을 제공함|체감온도 33℃ 이상이 되는 작업장소에서 폭염작업을 하는 경우 매 2시간 이내 20분 이상의 휴식을 취하도록 함 (1시간마다 10분 이상의 휴식을 부여하는 것도 가능)|무더위 시간대(14~17시) 사이에 실외 작업을 되도록 하지 않았음|실내, 옥외 작업 시 냉방장치를 설치 및 가동 중임|근로자에게 쿨토시, 아이스 조끼 등 냉감용품을 지급함|근로자 중 온열질환 민감군(※ 신규 배치자, 과거 온열질환 경력자, 고령자, 뇌심혈관질환자, 고·저혈압환자, 당뇨질환자, 신장질환자, 음주자, 장애인 등)을 파악하여 관리하고 있음|2인 1조  작업을 통해 근로자 간 상호 건강 상태를 수시로 확인하도록 하고 있음|응급상황 대비 비상연락망을 구축하고, 인근 의료기관 및 구급차 진입로를 사전에 파악하고 있음",해당 사항 없음,해당없음,"섭취 주의사항 확인하였으며, 낱개형태의 식염포도당 혹은 분말형 이온음료 비치함",이해하였으며 관리 중임,이해함,이해함,
2026-06-04 14:26,908,아일렉스상가,2026-06-04,꼼꼼히 읽어보았고 해당 내용 확인하였음,30,해당 사항 없음,"현장 내 온습도계를 비치하여 매시간 체감온도를 확인하고 근로자에게 전파하고 있음|현장에 <온열질환 예방 수칙 OPS> 게시함|햇볕을 차단할 수 있는 그늘막 및 휴게공간을 제공함|무더위 시간대(14~17시) 사이에 실외 작업을 되도록 하지 않았음|근로자 중 온열질환 민감군(※ 신규 배치자, 과거 온열질환 경력자, 고령자, 뇌심혈관질환자, 고·저혈압환자, 당뇨질환자, 신장질환자, 음주자, 장애인 등)을 파악하여 관리하고 있음",해당 사항 없음,해당없음,지급하고 있지 않음,이해하였으며 관리 중임,이해함,이해함,특이사항 없음
2026-06-04 14:30,909,GS칼텍스 내곡,2026-06-04,꼼꼼히 읽어보았고 해당 내용 확인하였음,25.9,해당 사항 없음,"현장 내 온습도계를 비치하여 매시간 체감온도를 확인하고 근로자에게 전파하고 있음|금일 온열질환 예방 교육을 실시함 (TBM 혹은 별도 교육)|현장에 <온열질환 예방 수칙 OPS> 게시함|깨끗하고 시원한 물, 이온음료, 식염포도당 등을 작업장 인근에 상시 비치함|햇볕을 차단할 수 있는 그늘막 및 휴게공간을 제공함|체감온도 33℃ 이상이 되는 작업장소에서 폭염작업을 하는 경우 매 2시간 이내 20분 이상의 휴식을 취하도록 함 (1시간마다 10분 이상의 휴식을 부여하는 것도 가능)|무더위 시간대(14~17시) 사이에 실외 작업을 되도록 하지 않았음|실내, 옥외 작업 시 냉방장치를 설치 및 가동 중임|근로자에게 쿨토시, 아이스 조끼 등 냉감용품을 지급함|근로자 중 온열질환 민감군(※ 신규 배치자, 과거 온열질환 경력자, 고령자, 뇌심혈관질환자, 고·저혈압환자, 당뇨질환자, 신장질환자, 음주자, 장애인 등)을 파악하여 관리하고 있음|2인 1조  작업을 통해 근로자 간 상호 건강 상태를 수시로 확인하도록 하고 있음|응급상황 대비 비상연락망을 구축하고, 인근 의료기관 및 구급차 진입로를 사전에 파악하고 있음",해당 사항 없음,해당없음,"섭취 주의사항 확인하였으며, 대용량 식염포도당 비치함",이해하였으며 관리 중임,이해함,이해함,
2026-06-04 14:31,910,전주자동차,2026-06-04,꼼꼼히 읽어보았고 해당 내용 확인하였음,27.5,해당 사항 없음,"현장 내 온습도계를 비치하여 매시간 체감온도를 확인하고 근로자에게 전파하고 있음|현장에 <온열질환 예방 수칙 OPS> 게시함|깨끗하고 시원한 물, 이온음료, 식염포도당 등을 작업장 인근에 상시 비치함|햇볕을 차단할 수 있는 그늘막 및 휴게공간을 제공함",해당 사항 없음,해당없음,"섭취 주의사항 확인하였으며, 대용량 식염포도당 비치함",이해하였으며 관리 중임,이해함,이해함,
2026-06-04 14:35,911,이폴리스빌딩,2026-06-04,꼼꼼히 읽어보았고 해당 내용 확인하였음,28.3,해당 사항 없음,"현장에 <온열질환 예방 수칙 OPS> 게시함|체감온도 33℃ 이상이 되는 작업장소에서 폭염작업을 하는 경우 매 2시간 이내 20분 이상의 휴식을 취하도록 함 (1시간마다 10분 이상의 휴식을 부여하는 것도 가능)|실내, 옥외 작업 시 냉방장치를 설치 및 가동 중임|근로자 중 온열질환 민감군(※ 신규 배치자, 과거 온열질환 경력자, 고령자, 뇌심혈관질환자, 고·저혈압환자, 당뇨질환자, 신장질환자, 음주자, 장애인 등)을 파악하여 관리하고 있음|2인 1조  작업을 통해 근로자 간 상호 건강 상태를 수시로 확인하도록 하고 있음|응급상황 대비 비상연락망을 구축하고, 인근 의료기관 및 구급차 진입로를 사전에 파악하고 있음",해당 사항 없음,해당없음,지급하고 있지 않음,이해하였으며 관리 중임,이해함,이해함,
2026-06-04 14:36,912,GS칼텍스 죽전,2026-06-04,꼼꼼히 읽어보았고 해당 내용 확인하였음,27.3,해당 사항 없음,"현장 내 온습도계를 비치하여 매시간 체감온도를 확인하고 근로자에게 전파하고 있음|깨끗하고 시원한 물, 이온음료, 식염포도당 등을 작업장 인근에 상시 비치함",해당 사항 없음,해당없음,"섭취 주의사항 확인하였으며, 낱개형태의 식염포도당 혹은 분말형 이온음료 비치함",이해하였으며 관리 중임,이해함,이해함,특이사항 없음
2026-06-04 14:44,913,인천 TW1 FC,2026-06-04,꼼꼼히 읽어보았고 해당 내용 확인하였음,26.9,해당 사항 없음,"금일 온열질환 예방 교육을 실시함 (TBM 혹은 별도 교육)|현장에 <온열질환 예방 수칙 OPS> 게시함|깨끗하고 시원한 물, 이온음료, 식염포도당 등을 작업장 인근에 상시 비치함|햇볕을 차단할 수 있는 그늘막 및 휴게공간을 제공함|체감온도 33℃ 이상이 되는 작업장소에서 폭염작업을 하는 경우 매 2시간 이내 20분 이상의 휴식을 취하도록 함 (1시간마다 10분 이상의 휴식을 부여하는 것도 가능)|무더위 시간대(14~17시) 사이에 실외 작업을 되도록 하지 않았음|실내, 옥외 작업 시 냉방장치를 설치 및 가동 중임|근로자 중 온열질환 민감군(※ 신규 배치자, 과거 온열질환 경력자, 고령자, 뇌심혈관질환자, 고·저혈압환자, 당뇨질환자, 신장질환자, 음주자, 장애인 등)을 파악하여 관리하고 있음|2인 1조  작업을 통해 근로자 간 상호 건강 상태를 수시로 확인하도록 하고 있음|응급상황 대비 비상연락망을 구축하고, 인근 의료기관 및 구급차 진입로를 사전에 파악하고 있음",해당 사항 없음,해당없음,"섭취 주의사항 확인하였으며, 대용량 식염포도당 비치함",이해하였으며 관리 중임,이해함,이해함,
